id,name,team,pos,price,status,chance,news,own_pct,pts_so_far,starts,minutes,tag,p_start,xmins,ep_next,fixtures,xp_gw7,xp_gw8,xp_gw9,xp_gw10,xp_gw11,xp_total,xp_decayed,xp_per_m,c_xp,c_app,c_goals,c_assists,c_cs,c_conceded,c_saves,c_defcon,c_bonus,c_cards
411,Haaland,MCI,FWD,15.6,a,,,74.5,39,5,450,nailed,1.0,90.0,5.0,IPS(H) AVL(A) BHA(H) NFO(A) FUL(H),9.04,7.46,8.24,6.36,9.05,40.15,29.4,1.88,40.16,10.0,19.1,1.79,0.0,0.0,0.0,0.01,9.26,0.0
426,B.Fernandes,MUN,MID,11.9,a,,,37.2,31,5,450,nailed,1.0,90.0,1.3,LEE(A) BOU(H) CHE(A) AVL(H) LIV(A),5.45,7.02,6.74,7.02,5.17,31.4,22.84,1.92,31.39,10.0,13.09,4.0,1.11,0.0,0.0,0.16,3.03,0.0
427,Mbeumo,MUN,MID,7.9,a,,,19.9,25,5,450,nailed,1.0,90.0,1.3,LEE(A) BOU(H) CHE(A) AVL(H) LIV(A),5.39,7.04,6.76,7.04,5.1,31.33,22.79,2.88,31.33,10.0,15.66,2.46,1.11,0.0,0.0,0.07,3.03,-1.0
12,Saka,ARS,MID,9.6,a,,,17.2,34,6,506,nailed,1.0,84.0,4.0,NFO(A) EVE(H) LIV(A) HUL(H) NEW(A),5.48,6.23,5.47,6.55,6.73,30.46,21.81,2.27,30.46,10.0,12.91,2.21,1.8,0.0,0.0,0.34,3.19,0.0
165,João Pedro,CHE,FWD,7.7,a,100,,66.6,45,5,431,nailed,1.0,86.0,8.0,EVE(A) TOT(H) MUN(H) SUN(A) LEE(H),5.08,6.5,6.35,6.26,5.93,30.12,21.68,2.82,30.13,10.0,11.4,0.6,0.0,0.0,0.0,0.0,9.13,-1.0
229,Tarkowski,EVE,DEF,6.2,a,,,18.2,43,5,450,nailed,1.0,90.0,7.3,CHE(H) ARS(A) NEW(A) COV(H) BRE(A),5.95,4.85,5.55,7.09,4.77,28.21,20.52,3.31,28.21,10.0,1.29,0.16,6.0,-2.08,0.0,5.67,7.17,0.0
480,Gibbs-White,NFO,MID,8.0,a,100,,15.8,28,5,450,nailed,1.0,90.0,3.3,ARS(H) IPS(A) BRE(A) MCI(H) BOU(A),5.42,5.99,5.22,5.89,5.8,28.32,20.51,2.56,28.31,10.0,7.25,3.93,1.25,0.0,0.0,0.01,5.87,0.0
249,Barry,EVE,FWD,5.7,a,,,8.6,20,5,417,nailed,1.0,83.0,2.7,CHE(H) ARS(A) NEW(A) COV(H) BRE(A),6.76,4.29,5.49,6.39,4.69,27.62,20.36,3.57,27.62,10.0,15.12,0.45,0.0,0.0,0.0,0.0,2.05,0.0
115,De Cuyper,BHA,DEF,5.0,a,,,31.6,53,6,490,nailed,1.0,82.0,10.7,CRY(H) LIV(A) MCI(A) BRE(H) HUL(A),6.81,4.53,4.11,5.23,5.07,25.75,19.14,3.83,25.75,10.0,8.55,1.51,4.12,-2.94,0.0,0.02,6.5,-2.0
124,Groß,BHA,MID,5.9,a,,,36.2,53,6,534,nailed,1.0,89.0,12.3,CRY(H) LIV(A) MCI(A) BRE(H) HUL(A),6.21,4.64,4.78,5.33,4.84,25.8,19.05,3.23,25.79,10.0,6.85,2.47,1.03,0.0,0.0,0.14,7.31,-2.0
68,Tavernier,BOU,MID,6.1,a,,,7.3,32,6,496,nailed,1.0,83.0,3.7,SUN(H) MUN(A) LEE(H) IPS(A) NFO(H),6.0,4.77,5.08,5.1,4.87,25.82,19.04,3.12,25.82,10.0,7.52,2.47,1.03,0.0,0.0,1.0,6.79,-3.0
449,Hall,NEW,DEF,5.3,a,,,20.8,31,5,449,nailed,1.0,90.0,4.3,AVL(H) CRY(A) EVE(H) FUL(A) ARS(H),5.89,5.02,5.22,4.8,4.61,25.54,18.93,3.57,25.53,10.0,1.5,2.4,4.09,-2.86,0.0,4.39,6.01,0.0
15,Ødegaard,ARS,MID,6.8,a,,,20.4,30,6,466,nailed,1.0,78.0,2.0,NFO(A) EVE(H) LIV(A) HUL(H) NEW(A),4.76,5.33,4.73,5.57,5.67,26.06,18.7,2.75,26.05,10.0,7.36,3.06,1.8,0.0,0.0,0.04,4.79,-1.0
8,Calafiori,ARS,DEF,5.9,a,,,51.5,38,6,497,nailed,1.0,83.0,5.3,NFO(A) EVE(H) LIV(A) HUL(H) NEW(A),4.84,5.48,4.5,5.79,5.25,25.86,18.66,3.16,25.86,10.0,6.28,1.45,7.2,-1.51,0.0,0.05,2.4,0.0
388,Guéhi,MCI,DEF,6.0,a,,,17.9,30,5,450,nailed,1.0,90.0,3.3,IPS(H) AVL(A) BHA(H) NFO(A) FUL(H),5.63,5.13,4.4,4.57,5.73,25.46,18.61,3.1,25.47,10.0,6.19,1.3,5.38,-2.22,0.0,0.71,4.11,0.0
542,E.Le Fée,SUN,MID,5.7,a,,,3.2,20,6,518,nailed,1.0,86.0,2.3,BOU(A) LEE(H) COV(A) CHE(H) AVL(A),4.77,4.91,5.21,6.09,4.79,25.77,18.56,3.26,25.78,10.0,9.51,4.44,0.96,0.0,0.0,0.01,0.86,0.0
330,Bogle,LEE,DEF,4.6,a,,,8.3,43,6,450,nailed,1.0,75.0,7.0,MUN(H) SUN(A) BOU(A) TOT(H) CHE(A),5.08,4.71,4.63,6.3,4.65,25.37,18.35,3.99,25.37,10.0,8.75,0.28,5.39,-2.28,0.0,0.01,5.21,-2.0
173,Thomas,COV,DEF,4.0,a,,,8.8,24,5,437,nailed,1.0,87.0,3.0,TOT(A) FUL(H) SUN(H) EVE(A) CRY(H),5.21,5.15,5.06,4.24,5.37,25.03,18.29,4.57,25.04,10.0,3.32,1.0,4.34,-2.68,0.0,5.91,3.14,0.0
335,Stach,LEE,MID,6.0,a,,,2.4,29,6,537,nailed,1.0,90.0,3.3,MUN(H) SUN(A) BOU(A) TOT(H) CHE(A),5.02,4.92,4.76,5.3,4.97,24.97,18.13,3.02,24.96,10.0,5.05,1.35,1.35,0.0,0.0,4.61,2.61,0.0
94,Schade,BRE,MID,6.2,a,,,16.1,40,6,498,nailed,1.0,83.0,8.3,LIV(H) HUL(A) NFO(H) BHA(A) EVE(H),4.95,4.66,4.98,4.72,4.97,24.28,17.65,2.85,24.28,10.0,7.07,0.73,1.4,0.0,0.0,0.29,4.79,0.0
112,Van Hecke,TOT,DEF,4.9,a,100,,6.2,24,5,450,nailed,1.0,90.0,4.7,COV(H) CHE(A) CRY(H) LEE(A) IPS(H),5.96,3.95,5.15,3.74,4.84,23.64,17.54,3.58,23.63,10.0,5.0,1.43,5.01,-2.54,0.0,3.6,2.13,-1.0
385,Trafford,LEE,GK,5.0,a,,,5.6,30,6,540,nailed,1.0,90.0,5.0,MUN(H) SUN(A) BOU(A) TOT(H) CHE(A),4.79,4.47,4.63,5.92,4.31,24.12,17.47,3.49,24.12,10.0,0.0,0.0,5.39,-2.28,6.67,0.0,4.35,0.0
40,Rogers,CHE,MID,7.8,a,,,42.9,38,6,520,nailed,1.0,87.0,6.3,EVE(A) TOT(H) MUN(H) SUN(A) LEE(H),3.98,5.33,5.01,4.9,4.7,23.92,17.24,2.21,23.92,10.0,8.04,3.62,0.87,0.0,0.0,0.7,1.69,-1.0
533,Mukiele,SUN,DEF,5.4,a,100,,1.8,15,5,444,nailed,1.0,89.0,0.7,BOU(A) LEE(H) COV(A) CHE(H) AVL(A),4.24,4.62,5.38,4.93,4.66,23.83,17.16,3.18,23.84,10.0,5.22,0.98,3.84,-3.03,0.0,6.81,1.03,-1.0
391,Gvardiol,MCI,DEF,5.7,a,,,27.5,37,5,434,nailed,1.0,87.0,5.0,IPS(H) AVL(A) BHA(H) NFO(A) FUL(H),5.07,4.75,3.93,4.32,5.16,23.23,16.96,2.98,23.24,10.0,1.57,2.35,5.38,-2.22,0.0,0.98,6.17,-1.0
236,Dewsbury-Hall,EVE,MID,6.6,a,,,5.5,20,5,450,nailed,1.0,90.0,1.7,CHE(H) ARS(A) NEW(A) COV(H) BRE(A),5.31,3.83,4.58,5.35,4.03,23.1,16.94,2.57,23.11,10.0,5.37,2.74,1.5,0.0,0.0,1.43,3.07,-1.0
566,Silva,BOU,DEF,5.0,a,,,0.6,13,6,535,nailed,1.0,89.0,2.0,SUN(H) MUN(A) LEE(H) IPS(A) NFO(H),5.21,3.85,4.68,4.28,4.9,22.92,16.72,3.34,22.91,10.0,7.22,0.78,4.13,-2.86,0.0,5.63,0.0,-2.0
572,Tzolakis,HUL,GK,4.7,a,,,13.3,34,5,450,nailed,1.0,90.0,2.7,FUL(A) BRE(H) IPS(H) ARS(A) BHA(H),4.68,4.55,5.15,4.12,4.14,22.64,16.64,3.54,22.63,10.0,0.0,0.0,4.51,-2.61,5.67,0.0,6.06,-1.0
399,Cherki,MCI,MID,7.8,a,,,28.8,34,4,302,nailed,0.8,60.0,3.0,IPS(H) AVL(A) BHA(H) NFO(A) FUL(H),4.92,4.24,4.44,3.73,4.94,22.27,16.28,2.09,22.27,8.0,3.82,5.03,1.08,0.0,0.0,0.0,5.14,-0.8
332,Justin,LEE,DEF,4.5,a,,,1.5,32,6,528,nailed,1.0,88.0,5.3,MUN(H) SUN(A) BOU(A) TOT(H) CHE(A),4.4,4.06,4.14,5.56,3.94,22.1,15.99,3.55,22.11,10.0,2.32,1.16,5.39,-2.28,0.0,3.04,3.48,-1.0
346,Calvert-Lewin,LEE,FWD,6.0,a,,,22.8,24,6,509,nailed,1.0,85.0,4.7,MUN(H) SUN(A) BOU(A) TOT(H) CHE(A),4.45,4.38,4.04,4.57,4.5,21.94,15.93,2.65,21.93,10.0,11.28,0.16,0.0,0.0,0.0,0.02,3.48,-3.0
569,Gonzalo,FUL,FWD,6.1,a,,,7.4,16,6,511,nailed,1.0,85.0,2.0,HUL(H) COV(A) AVL(A) NEW(H) MCI(A),4.24,4.48,4.19,5.06,3.87,21.84,15.89,2.6,21.84,10.0,10.37,1.47,0.0,0.0,0.0,0.0,0.0,0.0
1,Raya,ARS,GK,6.1,a,,,43.7,33,6,540,nailed,1.0,90.0,6.0,NFO(A) EVE(H) LIV(A) HUL(H) NEW(A),4.3,4.6,3.93,4.78,4.09,21.7,15.81,2.59,21.7,10.0,0.0,0.0,7.2,-1.51,3.62,0.0,2.4,0.0
368,Szoboszlai,LIV,MID,6.9,a,,,30.2,20,5,440,nailed,1.0,88.0,1.7,BRE(A) BHA(H) ARS(H) CRY(A) MUN(H),3.95,4.61,4.13,4.55,4.78,22.02,15.81,2.29,22.02,10.0,7.03,2.47,1.25,0.0,0.0,1.27,1.0,-1.0
334,Muharemović,LEE,DEF,5.0,a,,,4.6,27,6,540,nailed,1.0,90.0,4.3,MUN(H) SUN(A) BOU(A) TOT(H) CHE(A),4.33,4.0,4.13,5.47,3.85,21.78,15.76,3.15,21.77,10.0,2.71,0.17,5.39,-2.28,0.0,6.78,0.0,-1.0
316,Emersonn,IPS,FWD,5.6,a,100,,4.0,28,6,387,nailed,1.0,64.0,5.3,MCI(A) NFO(H) HUL(A) BOU(H) TOT(A),4.11,4.25,4.05,4.83,4.38,21.62,15.58,2.78,21.62,10.0,6.43,0.3,0.0,0.0,0.0,0.0,4.89,0.0
230,Branthwaite,EVE,DEF,5.5,a,,,2.6,27,5,450,nailed,1.0,90.0,4.7,CHE(H) ARS(A) NEW(A) COV(H) BRE(A),4.34,3.68,4.17,5.54,3.53,21.26,15.41,2.8,21.26,10.0,0.97,0.0,6.0,-2.08,0.0,6.37,0.0,0.0
10,White,ARS,DEF,5.4,a,100,,4.4,26,5,377,nailed,1.0,75.0,2.0,NFO(A) EVE(H) LIV(A) HUL(H) NEW(A),4.09,4.5,3.73,4.73,4.08,21.13,15.34,2.84,21.13,10.0,0.88,1.54,7.2,-1.51,0.0,0.15,2.88,0.0
472,Murillo,NFO,DEF,5.5,a,100,,2.2,23,5,449,nailed,1.0,90.0,3.3,ARS(H) IPS(A) BRE(A) MCI(H) BOU(A),4.37,4.37,3.71,4.17,4.43,21.05,15.34,2.79,21.06,10.0,2.24,0.98,5.02,-2.32,0.0,6.14,0.0,-1.0
428,Cunha,MUN,MID,7.9,a,,,6.0,26,5,407,nailed,1.0,81.0,4.0,LEE(A) BOU(H) CHE(A) AVL(H) LIV(A),3.83,4.5,4.31,4.55,3.72,20.91,15.2,1.92,20.9,10.0,3.25,2.51,1.11,0.0,0.0,0.0,4.04,0.0
350,A.Becker,LIV,GK,5.5,a,,,4.2,27,5,450,nailed,1.0,90.0,5.7,BRE(A) BHA(H) ARS(H) CRY(A) MUN(H),3.76,3.88,4.41,4.65,4.58,21.28,15.17,2.76,21.27,10.0,0.0,0.0,4.99,-2.38,4.67,0.0,4.99,-1.0
86,Lewis-Potter,BRE,MID,5.5,a,,,1.6,24,6,472,nailed,1.0,79.0,2.0,LIV(H) HUL(A) NFO(H) BHA(A) EVE(H),4.25,4.02,4.28,4.02,4.27,20.84,15.16,2.76,20.84,10.0,4.59,1.84,1.4,0.0,0.0,0.61,2.4,0.0
250,Leno,FUL,GK,4.5,a,,,4.0,27,6,536,nailed,1.0,89.0,7.0,HUL(H) COV(A) AVL(A) NEW(H) MCI(A),4.41,4.68,4.08,4.19,2.85,20.21,15.12,3.36,20.21,10.0,0.0,0.0,4.44,-2.88,5.28,0.0,3.37,0.0
504,Vuskovic,BHA,DEF,5.0,a,,,4.2,40,6,521,nailed,1.0,87.0,7.3,CRY(H) LIV(A) MCI(A) BRE(H) HUL(A),5.08,3.78,3.21,4.01,4.24,20.32,15.01,3.0,20.32,10.0,3.48,0.13,4.12,-2.94,0.0,3.91,1.62,0.0
483,Ndoye,NFO,MID,5.5,a,,,0.6,15,5,316,nailed,1.0,63.0,0.7,ARS(H) IPS(A) BRE(A) MCI(H) BOU(A),3.98,4.37,3.81,4.29,4.25,20.7,15.0,2.73,20.69,10.0,5.91,2.56,1.25,0.0,0.0,0.01,1.96,-1.0
154,Palmer,CHE,MID,9.7,a,100,,24.4,36,6,527,nailed,1.0,88.0,5.0,EVE(A) TOT(H) MUN(H) SUN(A) LEE(H),3.54,4.56,4.28,4.19,4.07,20.64,14.9,1.54,20.64,10.0,5.6,2.29,0.87,0.0,0.0,0.34,2.54,-1.0
544,Xhaka,SUN,MID,5.5,a,,,3.5,23,6,534,nailed,1.0,89.0,1.7,BOU(A) LEE(H) COV(A) CHE(H) AVL(A),3.93,4.01,4.2,4.48,3.97,20.59,14.89,2.71,20.6,10.0,0.54,3.76,0.96,0.0,0.0,3.03,4.31,-2.0
176,Dasilva,COV,DEF,4.0,a,,,0.8,20,5,444,nailed,1.0,89.0,5.0,TOT(A) FUL(H) SUN(H) EVE(A) CRY(H),4.23,4.22,4.14,3.21,4.44,20.24,14.81,3.7,20.23,10.0,3.38,1.86,4.34,-2.68,0.0,0.19,3.14,0.0
268,King,FUL,MID,5.6,a,,,4.7,26,6,500,nailed,1.0,83.0,2.3,HUL(H) COV(A) AVL(A) NEW(H) MCI(A),4.0,4.24,3.91,4.6,3.5,20.25,14.79,2.64,20.26,10.0,6.7,1.87,1.11,0.0,0.0,0.05,2.53,-2.0
4,Gabriel,ARS,DEF,8.0,a,,,22.4,27,6,540,nailed,1.0,90.0,4.0,NFO(A) EVE(H) LIV(A) HUL(H) NEW(A),3.94,4.35,3.58,4.57,3.92,20.36,14.78,1.85,20.35,10.0,2.1,0.53,7.2,-1.51,0.0,2.43,1.6,-2.0
464,Wissa,NEW,FWD,6.2,a,,,19.1,15,5,441,nailed,1.0,88.0,0.7,AVL(H) CRY(A) EVE(H) FUL(A) ARS(H),4.34,4.0,3.73,4.03,3.59,19.69,14.51,2.34,19.69,10.0,9.44,0.15,0.0,0.0,0.0,0.1,2.0,-2.0
41,Buendía,AVL,MID,5.9,a,,,1.2,25,6,464,nailed,1.0,77.0,6.0,NEW(A) MCI(H) FUL(H) MUN(A) SUN(H),3.89,3.79,4.31,3.65,4.4,20.04,14.47,2.45,20.05,10.0,5.91,0.89,0.93,0.0,0.0,0.7,2.62,-1.0
226,Pickford,EVE,GK,5.5,a,,,9.1,25,5,450,nailed,1.0,90.0,4.7,CHE(H) ARS(A) NEW(A) COV(H) BRE(A),4.03,3.47,3.91,5.24,3.3,19.95,14.45,2.63,19.95,10.0,0.0,0.0,6.0,-2.08,5.0,0.0,1.02,0.0
204,Mitchell,CRY,DEF,4.5,a,,,6.0,24,5,419,nailed,1.0,84.0,2.7,BHA(A) NEW(H) TOT(A) LIV(H) COV(A),2.55,4.64,4.54,3.98,4.85,20.56,14.42,3.21,20.55,10.0,4.93,0.87,4.44,-3.04,0.0,0.32,3.04,0.0
277,Egan,HUL,DEF,4.1,a,,,7.5,26,5,437,nailed,1.0,87.0,1.0,FUL(A) BRE(H) IPS(H) ARS(A) BHA(H),4.07,3.95,4.46,3.61,3.51,19.6,14.42,3.52,19.61,10.0,0.3,0.0,4.51,-2.61,0.0,7.4,1.01,-1.0
597,Suzuki,AVL,GK,5.0,a,,,1.9,18,5,441,nailed,1.0,88.0,2.0,NEW(A) MCI(H) FUL(H) MUN(A) SUN(H),3.92,3.63,4.43,3.54,4.26,19.78,14.31,2.86,19.78,10.0,0.0,0.0,3.72,-3.08,5.99,0.0,3.15,0.0
305,Davis,IPS,DEF,4.0,a,,,7.7,26,6,536,nailed,1.0,89.0,5.7,MCI(A) NFO(H) HUL(A) BOU(H) TOT(A),2.72,4.38,3.72,4.75,4.62,20.19,14.14,3.53,20.2,10.0,7.79,1.11,4.24,-2.97,0.0,0.21,0.82,-1.0
87,Ajer,BRE,DEF,4.5,a,,,3.7,28,6,531,nailed,1.0,88.0,5.0,LIV(H) HUL(A) NFO(H) BHA(A) EVE(H),4.02,3.91,4.38,2.61,4.23,19.15,14.05,3.12,19.14,10.0,1.55,0.13,5.61,-2.29,0.0,4.34,0.8,-1.0
127,Gomez,BHA,MID,5.0,a,,,3.6,29,6,517,nailed,1.0,86.0,5.3,CRY(H) LIV(A) MCI(A) BRE(H) HUL(A),4.36,3.53,3.55,3.86,3.66,18.96,13.94,2.79,18.95,10.0,3.76,1.86,1.03,0.0,0.0,2.31,0.0,0.0
453,Barnes,NEW,MID,6.1,a,,,8.1,28,5,450,nailed,1.0,90.0,3.7,AVL(H) CRY(A) EVE(H) FUL(A) ARS(H),4.09,3.8,3.7,3.78,3.55,18.92,13.9,2.28,18.92,10.0,3.01,1.51,1.02,0.0,0.0,0.37,3.0,0.0
166,N.Jackson,AVL,FWD,6.5,a,,,2.0,19,5,367,nailed,1.0,73.0,5.0,NEW(A) MCI(H) FUL(H) MUN(A) SUN(H),3.72,3.66,4.09,3.51,4.24,19.22,13.87,2.13,19.21,10.0,4.49,2.53,0.0,0.0,0.0,0.0,4.2,-2.0
98,Janelt,BRE,MID,5.0,a,,,2.5,31,6,531,nailed,1.0,88.0,3.3,LIV(H) HUL(A) NFO(H) BHA(A) EVE(H),3.86,3.74,3.92,3.65,3.89,19.06,13.87,2.77,19.07,10.0,1.94,1.03,1.4,0.0,0.0,6.3,2.4,-4.0
82,Kelleher,BRE,GK,5.0,a,,,6.1,22,6,531,nailed,1.0,88.0,3.7,LIV(H) HUL(A) NFO(H) BHA(A) EVE(H),3.95,3.9,4.32,2.55,4.16,18.88,13.86,2.77,18.88,10.0,0.0,0.0,5.61,-2.29,5.56,0.0,0.0,0.0
45,McGinn,AVL,MID,5.4,a,,,2.2,26,6,515,nailed,1.0,86.0,7.0,NEW(A) MCI(H) FUL(H) MUN(A) SUN(H),3.7,3.6,4.14,3.45,4.25,19.14,13.81,2.56,19.13,10.0,6.56,0.82,0.93,0.0,0.0,0.2,2.62,-2.0
286,Belloumi,HUL,MID,5.1,a,,,6.1,31,5,394,nailed,1.0,79.0,5.7,FUL(A) BRE(H) IPS(H) ARS(A) BHA(H),3.82,3.75,4.17,3.33,3.82,18.89,13.79,2.7,18.9,10.0,3.61,1.36,1.13,0.0,0.0,1.78,2.02,-1.0
591,Enciso,IPS,MID,5.5,a,100,,0.8,17,6,483,nailed,1.0,80.0,2.0,MCI(A) NFO(H) HUL(A) BOU(H) TOT(A),3.46,3.81,3.52,4.4,3.97,19.16,13.73,2.5,19.15,10.0,5.22,3.76,1.06,0.0,0.0,0.11,0.0,-1.0
447,Botman,NEW,DEF,5.0,a,,,0.8,15,5,450,nailed,1.0,90.0,2.0,AVL(H) CRY(A) EVE(H) FUL(A) ARS(H),4.26,3.56,3.89,3.32,3.35,18.38,13.63,2.73,18.38,10.0,0.3,0.45,4.09,-2.86,0.0,7.4,0.0,-1.0
264,Bobb,FUL,MID,5.5,a,,,0.3,16,6,418,nailed,1.0,70.0,3.0,HUL(H) COV(A) AVL(A) NEW(H) MCI(A),3.7,3.9,3.61,4.16,3.26,18.63,13.61,2.47,18.62,10.0,4.4,3.0,1.11,0.0,0.0,0.11,0.0,0.0
88,Kayode,BRE,DEF,4.6,a,,,7.6,24,5,375,nailed,1.0,75.0,2.7,LIV(H) HUL(A) NFO(H) BHA(A) EVE(H),3.92,3.73,4.27,2.5,4.12,18.54,13.6,2.96,18.52,10.0,2.85,1.31,5.61,-2.29,0.0,0.08,0.96,0.0
261,Iwobi,FUL,MID,5.4,a,,,0.7,17,6,494,nailed,1.0,82.0,3.7,HUL(H) COV(A) AVL(A) NEW(H) MCI(A),3.7,3.86,3.62,4.05,3.3,18.53,13.54,2.51,18.54,10.0,1.65,3.69,1.11,0.0,0.0,0.4,1.69,0.0
183,Rudoni,COV,MID,4.9,a,100,,0.1,13,4,297,nailed,0.8,59.0,2.3,TOT(A) FUL(H) SUN(H) EVE(A) CRY(H),3.43,3.94,4.07,2.95,3.95,18.34,13.33,2.72,18.34,8.0,5.27,3.84,0.87,0.0,0.0,0.36,0.0,0.0
105,Anthony,BRE,MID,5.9,a,,,0.2,20,4,348,nailed,0.8,70.0,5.3,LIV(H) HUL(A) NFO(H) BHA(A) EVE(H),3.69,3.44,3.71,3.51,3.7,18.05,13.12,2.22,18.06,8.0,6.1,1.42,1.12,0.0,0.0,0.3,1.92,-0.8
156,Neto,CHE,MID,6.5,a,,,1.4,19,5,414,nailed,1.0,83.0,3.0,EVE(A) TOT(H) MUN(H) SUN(A) LEE(H),3.16,4.0,3.74,3.66,3.58,18.14,13.11,2.02,18.14,10.0,4.8,2.02,0.87,0.0,0.0,0.45,0.0,0.0
390,Rúben,MCI,DEF,5.5,a,,,1.9,17,5,450,nailed,1.0,90.0,2.3,IPS(H) AVL(A) BHA(H) NFO(A) FUL(H),3.94,3.73,2.86,3.38,4.03,17.94,13.1,2.38,17.95,10.0,1.95,2.44,5.38,-2.22,0.0,0.4,0.0,0.0
588,Khalaili,CRY,DEF,5.0,a,100,,0.3,19,4,379,nailed,0.8,76.0,4.3,BHA(A) NEW(H) TOT(A) LIV(H) COV(A),2.41,4.21,4.02,3.55,4.31,18.5,13.03,2.61,18.49,8.0,6.04,1.05,3.55,-2.43,0.0,3.09,0.0,-0.8
356,Virgil,LIV,DEF,6.5,a,,,16.0,25,5,450,nailed,1.0,90.0,5.3,BRE(A) BHA(H) ARS(H) CRY(A) MUN(H),3.16,3.29,3.81,4.06,3.99,18.31,13.0,2.0,18.31,10.0,1.49,0.3,4.99,-2.38,0.0,4.91,0.0,-1.0
384,Donnarumma,MCI,GK,5.5,a,,,7.4,19,5,450,nailed,1.0,90.0,3.0,IPS(H) AVL(A) BHA(H) NFO(A) FUL(H),3.73,3.81,2.79,3.66,3.82,17.81,12.97,2.36,17.82,10.0,0.0,0.0,5.38,-2.22,4.67,0.0,0.0,0.0
43,Tielemans,MUN,MID,5.8,a,100,,1.4,14,5,402,nailed,1.0,80.0,2.0,LEE(A) BOU(H) CHE(A) AVL(H) LIV(A),3.29,3.8,3.63,3.86,3.22,17.8,12.93,2.23,17.8,10.0,3.44,1.65,1.11,0.0,0.0,1.6,0.0,0.0
503,Van de Ven,TOT,DEF,5.0,a,100,,3.7,16,4,360,nailed,0.8,72.0,2.3,COV(H) CHE(A) CRY(H) LEE(A) IPS(H),4.46,2.85,3.81,2.69,3.56,17.37,12.91,2.58,17.36,8.0,4.29,0.14,4.0,-2.03,0.0,0.57,3.19,-0.8
279,Ajayi,HUL,DEF,4.2,a,100,,14.0,27,5,423,nailed,1.0,85.0,0.7,FUL(A) BRE(H) IPS(H) ARS(A) BHA(H),3.66,3.5,4.26,2.9,3.16,17.48,12.9,3.07,17.48,10.0,4.07,0.0,4.51,-2.61,0.0,0.49,2.02,-1.0
138,Kostoulas,BHA,FWD,5.6,a,,,8.1,29,5,412,nailed,1.0,82.0,7.0,CRY(H) LIV(A) MCI(A) BRE(H) HUL(A),4.0,3.24,3.36,3.61,3.32,17.53,12.89,2.3,17.53,10.0,4.91,0.25,0.0,0.0,0.0,0.45,2.92,-1.0
109,Verbruggen,BHA,GK,4.5,a,,,21.3,32,6,534,nailed,1.0,89.0,7.7,CRY(H) LIV(A) MCI(A) BRE(H) HUL(A),4.23,3.33,2.7,3.37,3.75,17.38,12.8,2.84,17.38,10.0,0.0,0.41,4.12,-2.94,4.17,0.0,1.62,0.0
565,M.Sangaré,BRE,MID,5.6,a,,,8.7,23,4,350,nailed,0.8,70.0,1.7,LIV(H) HUL(A) NFO(H) BHA(A) EVE(H),3.57,3.42,3.6,3.39,3.59,17.57,12.78,2.28,17.57,8.0,1.87,1.74,1.12,0.0,0.0,3.56,2.88,-1.6
67,Rayan,BOU,MID,6.3,a,,,1.5,12,6,519,nailed,1.0,86.0,2.0,SUN(H) MUN(A) LEE(H) IPS(A) NFO(H),3.9,3.23,3.43,3.41,3.36,17.33,12.73,2.02,17.33,10.0,5.08,1.22,1.03,0.0,0.0,0.0,0.0,0.0
60,Hill,BOU,DEF,5.5,a,,,0.8,12,6,535,nailed,1.0,89.0,2.0,SUN(H) MUN(A) LEE(H) IPS(A) NFO(H),3.73,2.91,3.64,3.2,3.99,17.47,12.63,2.3,17.47,10.0,0.0,2.2,4.13,-2.86,0.0,5.0,0.0,-1.0
28,Martinez,CHE,GK,5.0,a,,,4.7,12,5,445,nailed,1.0,89.0,2.3,EVE(A) TOT(H) MUN(H) SUN(A) LEE(H),3.2,4.39,3.2,2.88,3.42,17.09,12.56,2.51,17.09,10.0,0.0,0.0,3.48,-3.39,7.0,0.0,0.0,0.0
200,Lacroix,CHE,DEF,5.9,a,,,6.6,15,5,449,nailed,1.0,90.0,2.0,EVE(A) TOT(H) MUN(H) SUN(A) LEE(H),3.09,4.43,3.22,2.89,3.4,17.03,12.49,2.12,17.02,10.0,0.94,0.62,3.48,-3.39,0.0,6.37,0.0,-1.0
481,Anderson,MCI,MID,6.3,a,100,,3.8,15,5,413,nailed,1.0,83.0,2.3,IPS(H) AVL(A) BHA(H) NFO(A) FUL(H),3.55,3.39,3.31,3.24,3.57,17.06,12.43,1.97,17.05,10.0,0.5,2.24,1.34,0.0,0.0,3.97,0.0,-1.0
79,Evanilson,BOU,FWD,6.0,a,,,3.3,25,6,509,nailed,1.0,85.0,4.7,SUN(H) MUN(A) LEE(H) IPS(A) NFO(H),3.84,3.19,3.31,3.35,3.14,16.83,12.4,2.07,16.84,10.0,5.18,1.64,0.0,0.0,0.0,0.17,0.85,-1.0
61,Truffert,BOU,DEF,5.4,a,,,2.9,9,6,533,nailed,1.0,89.0,1.3,SUN(H) MUN(A) LEE(H) IPS(A) NFO(H),3.69,2.81,3.55,3.12,3.89,17.06,12.34,2.29,17.07,10.0,0.63,1.56,4.13,-2.86,0.0,3.91,1.7,-2.0
106,Thiago,BRE,FWD,7.8,a,,,9.4,14,6,523,nailed,1.0,87.0,3.3,LIV(H) HUL(A) NFO(H) BHA(A) EVE(H),3.47,3.17,3.43,3.45,3.45,16.97,12.32,1.58,16.98,10.0,9.33,0.64,0.0,0.0,0.0,0.01,0.0,-3.0
412,Lammens,MUN,GK,4.9,a,,,9.4,11,5,450,nailed,1.0,90.0,2.0,LEE(A) BOU(H) CHE(A) AVL(H) LIV(A),3.13,3.73,2.88,4.15,3.15,17.04,12.32,2.51,17.04,10.0,0.0,0.0,4.43,-2.73,5.33,0.0,0.0,0.0
567,Horníček,NEW,GK,5.0,a,,,1.5,14,5,450,nailed,1.0,90.0,1.3,AVL(H) CRY(A) EVE(H) FUL(A) ARS(H),3.87,3.19,3.55,2.95,3.01,16.57,12.3,2.46,16.56,10.0,0.0,0.0,4.09,-2.86,6.33,0.0,0.0,-1.0
110,Rushworth,COV,GK,4.5,a,,,0.7,16,5,450,nailed,1.0,90.0,3.7,TOT(A) FUL(H) SUN(H) EVE(A) CRY(H),3.7,3.35,3.18,2.94,3.59,16.76,12.29,2.73,16.76,10.0,0.0,0.0,4.34,-2.68,3.0,0.0,2.09,0.0
26,Havertz,ARS,FWD,7.6,a,100,,6.7,21,6,499,nailed,1.0,83.0,1.7,NFO(A) EVE(H) LIV(A) HUL(H) NEW(A),3.16,3.46,3.18,3.58,3.72,17.1,12.28,1.62,17.11,10.0,5.66,0.85,0.0,0.0,0.0,0.0,1.6,-1.0
496,Kinsky,TOT,GK,4.5,a,,,15.8,18,5,450,nailed,1.0,90.0,3.0,COV(H) CHE(A) CRY(H) LEE(A) IPS(H),4.32,2.53,3.58,2.77,3.26,16.46,12.24,2.72,16.47,10.0,0.0,0.0,5.01,-2.54,4.0,0.0,0.0,0.0
202,Richards,CRY,DEF,4.9,a,,,0.6,14,5,450,nailed,1.0,90.0,3.3,BHA(A) NEW(H) TOT(A) LIV(H) COV(A),2.11,3.69,4.02,3.53,4.2,17.55,12.23,2.5,17.55,10.0,0.62,0.16,4.44,-3.04,0.0,6.37,0.0,-1.0
366,Wirtz,LIV,MID,7.3,a,,,5.4,18,5,402,nailed,1.0,80.0,3.0,BRE(A) BHA(H) ARS(H) CRY(A) MUN(H),3.08,3.49,3.23,3.51,3.64,16.95,12.18,1.67,16.94,10.0,4.87,1.2,1.25,0.0,0.0,0.63,0.0,-1.0
362,Jacquet,LIV,DEF,5.0,a,100,,3.6,24,5,415,nailed,1.0,83.0,5.0,BRE(A) BHA(H) ARS(H) CRY(A) MUN(H),2.9,3.0,3.55,3.77,3.7,16.92,12.0,2.4,16.93,10.0,0.0,0.41,4.99,-2.38,0.0,1.91,2.99,-1.0
455,Tonali,TOT,MID,5.3,a,100,,1.7,14,5,427,nailed,1.0,85.0,1.7,COV(H) CHE(A) CRY(H) LEE(A) IPS(H),3.55,3.13,3.37,2.94,3.32,16.31,11.95,2.26,16.3,10.0,1.41,2.2,1.25,0.0,0.0,1.43,0.0,0.0
467,Sels,NFO,GK,5.0,a,,,1.5,14,5,450,nailed,1.0,90.0,1.7,ARS(H) IPS(A) BRE(A) MCI(H) BOU(A),3.5,3.35,2.87,3.17,3.46,16.35,11.94,2.39,16.36,10.0,0.0,0.0,5.02,-2.32,3.67,0.0,0.0,0.0
258,Castagne,FUL,DEF,4.5,a,,,1.3,20,5,408,nailed,1.0,82.0,2.3,HUL(H) COV(A) AVL(A) NEW(H) MCI(A),3.47,3.83,3.13,3.55,1.77,15.75,11.88,2.64,15.75,10.0,4.22,1.26,4.44,-2.88,0.0,0.71,0.0,-2.0
13,Rice,ARS,MID,7.4,a,100,,10.7,27,6,501,nailed,1.0,84.0,4.7,NFO(A) EVE(H) LIV(A) HUL(H) NEW(A),3.13,3.3,3.07,3.38,3.29,16.17,11.71,1.58,16.16,10.0,0.41,1.7,1.8,0.0,0.0,1.66,1.6,-1.0
304,O'Shea,IPS,DEF,4.0,a,,,2.5,12,6,536,nailed,1.0,89.0,1.7,MCI(A) NFO(H) HUL(A) BOU(H) TOT(A),2.21,3.74,3.27,3.53,3.85,16.6,11.67,2.92,16.59,10.0,0.28,0.7,4.24,-2.97,0.0,4.35,0.0,0.0
445,Thiaw,NEW,DEF,5.0,a,,,2.2,14,5,450,nailed,1.0,90.0,2.0,AVL(H) CRY(A) EVE(H) FUL(A) ARS(H),3.7,3.01,3.36,2.77,2.82,15.66,11.65,2.33,15.65,10.0,0.0,0.3,4.09,-2.86,0.0,4.13,0.0,0.0
338,Ampadu,LEE,MID,5.4,a,,,0.9,22,6,540,nailed,1.0,90.0,4.3,MUN(H) SUN(A) BOU(A) TOT(H) CHE(A),3.19,3.13,3.12,3.41,3.12,15.97,11.6,2.15,15.97,10.0,0.56,0.85,1.35,0.0,0.0,4.21,0.0,-1.0
237,Ndiaye,MCI,MID,5.8,a,,,6.0,22,4,385,nailed,0.8,77.0,2.0,IPS(H) AVL(A) BHA(H) NFO(A) FUL(H),3.32,3.04,3.05,2.82,3.33,15.56,11.36,1.96,15.57,8.0,2.09,1.95,1.08,0.0,0.0,1.43,1.03,0.0
605,Yalcouyé,BHA,MID,4.5,a,,,3.9,21,3,252,likely,0.6,50.0,3.3,CRY(H) LIV(A) MCI(A) BRE(H) HUL(A),3.76,2.69,2.8,3.17,2.83,15.25,11.28,2.51,15.25,6.0,6.41,1.22,0.62,0.0,0.0,0.02,0.97,0.0
93,Schuster,BRE,DEF,4.5,a,,,0.6,22,3,298,likely,0.6,60.0,6.0,LIV(H) HUL(A) NFO(H) BHA(A) EVE(H),3.15,3.03,3.36,2.3,3.27,15.11,11.06,2.46,15.1,6.0,0.52,1.39,3.37,-1.37,0.0,2.32,2.88,0.0
242,George,EVE,MID,5.5,a,,,0.8,19,4,309,nailed,0.8,62.0,1.3,CHE(H) ARS(A) NEW(A) COV(H) BRE(A),3.32,2.65,3.0,3.42,2.73,15.12,11.05,2.01,15.11,8.0,1.84,1.0,1.2,0.0,0.0,0.0,3.07,0.0
259,Diop,IPS,DEF,4.0,a,,,11.9,14,6,536,nailed,1.0,89.0,2.3,MCI(A) NFO(H) HUL(A) BOU(H) TOT(A),2.03,3.56,3.09,3.35,3.67,15.7,11.01,2.75,15.71,10.0,0.56,0.42,4.24,-2.97,0.0,3.47,0.0,0.0
31,Konsa,ARS,DEF,4.6,a,100,,17.3,16,4,371,nailed,0.8,74.0,3.7,NFO(A) EVE(H) LIV(A) HUL(H) NEW(A),2.92,3.2,2.63,3.35,2.81,14.91,10.85,2.36,14.9,8.0,1.3,0.0,5.76,-1.2,0.0,1.05,0.0,0.0
460,Willock,NEW,MID,5.0,a,,,0.6,22,3,284,likely,0.6,57.0,3.7,AVL(H) CRY(A) EVE(H) FUL(A) ARS(H),3.23,2.96,2.83,2.96,2.7,14.68,10.81,2.16,14.69,6.0,4.12,0.95,0.61,0.0,0.0,0.0,3.0,0.0
541,Meunier,SUN,DEF,4.5,a,100,,0.3,15,6,429,nailed,1.0,72.0,2.0,BOU(A) LEE(H) COV(A) CHE(H) AVL(A),2.54,2.9,3.63,3.01,2.96,15.04,10.8,2.4,15.03,10.0,2.62,1.57,3.84,-3.03,0.0,0.02,0.0,0.0
282,Giles,HUL,DEF,4.0,a,,,3.0,24,5,444,nailed,1.0,89.0,1.3,FUL(A) BRE(H) IPS(H) ARS(A) BHA(H),3.06,2.93,3.53,2.5,2.52,14.54,10.75,2.69,14.54,10.0,0.0,1.37,4.51,-2.61,0.0,0.25,2.02,-1.0
486,McAtee,NFO,MID,5.5,a,,,0.1,12,5,416,nailed,1.0,83.0,1.7,ARS(H) IPS(A) BRE(A) MCI(H) BOU(A),2.88,3.06,2.74,3.0,3.01,14.69,10.66,1.94,14.69,10.0,1.73,2.72,1.25,0.0,0.0,0.98,0.0,-2.0
214,Kamada,CRY,MID,5.0,a,,,0.5,21,5,441,nailed,1.0,88.0,3.7,BHA(A) NEW(H) TOT(A) LIV(H) COV(A),2.67,3.17,2.97,2.84,3.08,14.73,10.65,2.13,14.73,10.0,2.54,1.22,1.11,0.0,0.0,0.86,0.0,-1.0
598,Elvedi,LEE,DEF,4.5,a,,,0.1,14,4,411,nailed,0.8,82.0,3.0,MUN(H) SUN(A) BOU(A) TOT(H) CHE(A),2.91,2.64,2.73,3.83,2.53,14.64,10.58,2.35,14.63,8.0,0.93,2.01,4.32,-1.83,0.0,1.2,0.0,0.0
586,Mendy,HUL,DEF,4.1,a,100,,6.2,25,4,249,nailed,0.8,50.0,0.3,FUL(A) BRE(H) IPS(H) ARS(A) BHA(H),2.99,2.88,3.41,2.49,2.57,14.34,10.57,2.58,14.35,8.0,1.98,0.04,3.61,-2.09,0.0,1.81,1.0,0.0
336,Okafor,LEE,MID,5.8,a,,,0.4,20,5,369,nailed,1.0,74.0,4.7,MUN(H) SUN(A) BOU(A) TOT(H) CHE(A),2.91,2.84,2.81,3.14,2.84,14.54,10.55,1.82,14.53,10.0,1.16,0.97,1.35,0.0,0.0,0.01,1.04,0.0
57,Petrović,BOU,GK,4.5,a,,,2.9,9,6,535,nailed,1.0,89.0,1.0,SUN(H) MUN(A) LEE(H) IPS(A) NFO(H),3.01,2.39,3.09,2.64,3.49,14.62,10.5,2.33,14.61,10.0,0.0,0.0,4.13,-2.86,3.34,0.0,0.0,0.0
129,Ayari,BHA,MID,5.4,a,100,,0.4,18,5,417,nailed,1.0,83.0,4.7,CRY(H) LIV(A) MCI(A) BRE(H) HUL(A),3.29,2.64,2.64,2.89,2.76,14.22,10.46,1.94,14.21,10.0,3.64,0.51,1.03,0.0,0.0,0.03,0.0,-1.0
397,Semenyo,MCI,MID,8.4,d,75,Ankle injury - 75% chance of playing,13.5,33,5,450,likely,0.75,68.0,5.0,IPS(H) AVL(A) BHA(H) NFO(A) FUL(H),3.08,2.78,2.8,2.54,3.09,14.29,10.43,1.24,14.28,7.5,1.42,2.81,1.01,0.0,0.0,0.0,1.54,0.0
37,Lindelöf,AVL,DEF,4.5,a,,,0.3,11,6,531,nailed,1.0,88.0,1.7,NEW(A) MCI(H) FUL(H) MUN(A) SUN(H),2.79,2.48,3.37,2.37,3.23,14.24,10.26,2.28,14.24,10.0,2.37,0.51,3.72,-3.08,0.0,0.73,0.0,0.0
265,Berge,FUL,MID,4.9,a,,,0.3,14,5,435,nailed,1.0,87.0,3.0,HUL(H) COV(A) AVL(A) NEW(H) MCI(A),2.8,2.9,2.74,2.94,2.51,13.89,10.16,2.07,13.88,10.0,1.5,1.2,1.11,0.0,0.0,0.07,0.0,0.0
502,Robertson,TOT,DEF,4.4,a,,,2.4,17,4,366,nailed,0.8,73.0,3.7,COV(H) CHE(A) CRY(H) LEE(A) IPS(H),3.62,2.1,3.0,2.11,2.75,13.58,10.12,2.3,13.57,8.0,0.87,1.6,4.0,-2.03,0.0,0.07,1.06,0.0
210,Wharton,CRY,MID,5.4,a,100,,0.7,12,5,436,nailed,1.0,87.0,1.3,BHA(A) NEW(H) TOT(A) LIV(H) COV(A),2.55,2.94,2.83,2.72,2.91,13.95,10.08,1.87,13.94,10.0,0.75,1.81,1.11,0.0,0.0,1.27,0.0,-1.0
516,Bentancur,TOT,MID,5.5,a,,,0.2,15,4,370,nailed,0.8,74.0,2.3,COV(H) CHE(A) CRY(H) LEE(A) IPS(H),2.91,2.65,2.79,2.65,2.75,13.75,10.04,1.83,13.75,8.0,0.0,0.44,1.0,0.0,0.0,4.3,0.0,0.0
536,Reinildo,SUN,DEF,4.4,a,100,,0.2,9,5,432,nailed,1.0,86.0,0.0,BOU(A) LEE(H) COV(A) CHE(H) AVL(A),2.36,2.71,3.4,2.56,2.8,13.83,9.95,2.26,13.82,10.0,0.0,1.11,3.84,-3.03,0.0,1.9,0.0,0.0
7,Lewis-Skelly,ARS,MID,5.4,a,,,0.6,11,5,333,nailed,1.0,67.0,1.0,NFO(A) EVE(H) LIV(A) HUL(H) NEW(A),2.63,2.76,2.57,2.82,2.71,13.49,9.78,1.81,13.49,10.0,0.81,0.87,1.8,0.0,0.0,0.0,0.0,0.0
290,Slater,HUL,MID,4.5,a,,,5.1,15,5,437,nailed,1.0,87.0,1.3,FUL(A) BRE(H) IPS(H) ARS(A) BHA(H),2.69,2.65,2.9,2.42,2.65,13.31,9.72,2.16,13.31,10.0,1.0,1.8,1.13,0.0,0.0,0.37,0.0,-1.0
244,Armstrong,EVE,MID,5.0,a,100,,0.4,16,5,446,nailed,1.0,89.0,1.7,CHE(H) ARS(A) NEW(A) COV(H) BRE(A),2.85,2.36,2.63,3.04,2.4,13.28,9.68,1.94,13.28,10.0,1.06,1.6,1.5,0.0,0.0,1.12,0.0,-2.0
580,Charles,FUL,MID,5.0,a,,,0.1,16,4,373,nailed,0.8,75.0,4.0,HUL(H) COV(A) AVL(A) NEW(H) MCI(A),2.67,2.73,2.63,2.71,2.47,13.21,9.65,1.93,13.22,8.0,0.64,0.51,0.89,0.0,0.0,3.18,0.0,0.0
47,Kamara,AVL,MID,5.0,a,100,,0.3,19,6,524,nailed,1.0,87.0,4.0,NEW(A) MCI(H) FUL(H) MUN(A) SUN(H),2.63,2.58,2.76,2.55,2.75,13.27,9.63,1.93,13.27,10.0,0.56,0.67,0.93,0.0,0.0,1.12,0.0,0.0
418,Maguire,MUN,DEF,4.8,a,,,7.8,10,5,450,nailed,1.0,90.0,1.0,LEE(A) BOU(H) CHE(A) AVL(H) LIV(A),2.27,3.08,2.22,3.49,2.25,13.31,9.61,2.0,13.31,10.0,1.23,1.39,4.43,-2.73,0.0,0.98,0.0,-2.0
257,Bassey,FUL,DEF,4.5,a,,,0.9,22,6,536,nailed,1.0,89.0,6.3,HUL(H) COV(A) AVL(A) NEW(H) MCI(A),2.88,3.15,2.55,2.66,1.32,12.56,9.56,2.12,12.55,10.0,0.62,0.31,4.44,-2.88,0.0,1.23,0.84,-2.0
233,Mykolenko,EVE,DEF,4.6,d,75,Leg injury - 75% chance of playing,3.5,27,5,450,likely,0.75,68.0,4.0,CHE(H) ARS(A) NEW(A) COV(H) BRE(A),2.75,2.15,2.57,3.63,2.06,13.16,9.55,2.08,13.15,7.5,0.24,0.36,4.5,-1.56,0.0,0.55,2.31,-0.75
184,Grimes,COV,MID,4.9,a,,,0.1,11,5,443,nailed,1.0,89.0,1.7,TOT(A) FUL(H) SUN(H) EVE(A) CRY(H),2.63,2.63,2.62,2.47,2.66,13.01,9.48,1.93,13.01,10.0,0.56,0.51,1.09,0.0,0.0,0.85,0.0,0.0
551,N.Angulo,SUN,MID,5.0,a,,,0.1,18,6,385,nailed,1.0,64.0,2.7,BOU(A) LEE(H) COV(A) CHE(H) AVL(A),2.49,2.56,2.71,2.79,2.54,13.09,9.47,1.89,13.08,10.0,2.75,0.35,0.96,0.0,0.0,0.02,0.0,-1.0
529,Roefs,SUN,GK,4.9,a,,,2.3,13,6,534,nailed,1.0,89.0,1.3,BOU(A) LEE(H) COV(A) CHE(H) AVL(A),2.23,2.57,3.24,2.32,2.67,13.03,9.38,1.91,13.03,10.0,0.0,0.0,3.84,-3.03,2.23,0.0,0.0,0.0
545,Sadiki,SUN,MID,4.9,a,,,0.2,12,6,494,nailed,1.0,82.0,2.0,BOU(A) LEE(H) COV(A) CHE(H) AVL(A),2.47,2.53,2.68,2.73,2.52,12.93,9.36,1.91,12.93,10.0,2.02,0.76,0.96,0.0,0.0,0.2,0.0,-1.0
345,Tanaka,LEE,MID,4.9,a,,,0.3,15,4,325,nailed,0.8,65.0,3.0,MUN(H) SUN(A) BOU(A) TOT(H) CHE(A),2.57,2.5,2.4,2.79,2.53,12.79,9.28,1.89,12.79,8.0,4.69,0.12,1.08,0.0,0.0,0.5,0.0,-1.6
113,F.Kadıoğlu,BHA,DEF,4.4,a,100,,1.5,20,5,416,nailed,1.0,83.0,6.0,CRY(H) LIV(A) MCI(A) BRE(H) HUL(A),3.27,2.3,1.68,2.37,2.73,12.35,9.15,2.08,12.35,10.0,0.77,0.38,4.12,-2.94,0.0,0.04,0.97,-1.0
564,Scherpen,IPS,GK,4.5,a,,,0.5,7,4,360,nailed,0.8,72.0,0.3,MCI(A) NFO(H) HUL(A) BOU(H) TOT(A),1.74,2.94,2.59,2.72,3.02,13.01,9.15,2.03,13.01,8.0,0.0,0.0,3.39,-2.38,4.0,0.0,0.0,0.0
295,McBurnie,HUL,FWD,5.5,a,,,1.9,13,5,441,nailed,1.0,88.0,1.7,FUL(A) BRE(H) IPS(H) ARS(A) BHA(H),2.52,2.47,2.81,2.11,2.61,12.52,9.13,1.66,12.53,10.0,5.06,0.46,0.0,0.0,0.0,0.01,0.0,-3.0
209,Johnson,EVE,MID,5.9,a,,,0.1,9,3,238,likely,0.6,48.0,2.0,CHE(H) ARS(A) NEW(A) COV(H) BRE(A),2.91,1.96,2.44,2.92,2.09,12.32,9.05,1.53,12.32,6.0,5.15,0.73,0.9,0.0,0.0,0.04,0.11,-0.6
161,Lavia,CHE,MID,5.0,a,,,0.2,12,4,271,nailed,0.8,54.0,1.0,EVE(A) TOT(H) MUN(H) SUN(A) LEE(H),2.2,2.76,2.56,2.51,2.47,12.5,9.04,1.81,12.5,8.0,3.93,0.38,0.7,0.0,0.0,0.3,0.0,-0.8
211,Yeremy,CRY,MID,5.5,a,,,0.3,14,4,307,nailed,0.8,61.0,1.0,BHA(A) NEW(H) TOT(A) LIV(H) COV(A),2.25,2.75,2.5,2.38,2.62,12.5,9.04,1.64,12.5,8.0,2.66,1.7,0.89,0.0,0.0,0.06,0.0,-0.8
562,Maeda,IPS,MID,5.3,a,,,0.2,10,4,339,nailed,0.8,68.0,1.3,MCI(A) NFO(H) HUL(A) BOU(H) TOT(A),2.26,2.48,2.34,2.69,2.55,12.32,8.86,1.67,12.33,8.0,3.34,0.11,0.85,0.0,0.0,0.03,0.0,0.0
280,Coyle,HUL,DEF,4.0,a,100,,0.7,14,5,348,nailed,1.0,70.0,0.7,FUL(A) BRE(H) IPS(H) ARS(A) BHA(H),2.52,2.4,2.93,2.04,1.96,11.85,8.79,2.2,11.86,10.0,0.72,0.24,4.51,-2.61,0.0,0.0,0.0,-1.0
570,Palacios,FUL,MID,5.4,a,,,0.2,12,3,226,likely,0.6,45.0,0.3,HUL(H) COV(A) AVL(A) NEW(H) MCI(A),2.35,2.48,2.3,2.67,2.06,11.86,8.66,1.6,11.86,6.0,4.57,0.23,0.67,0.0,0.0,0.0,0.99,-0.6
558,Schlager,NFO,MID,5.0,a,,,0.1,13,4,376,nailed,0.8,75.0,1.7,ARS(H) IPS(A) BRE(A) MCI(H) BOU(A),2.38,2.42,2.28,2.39,2.42,11.89,8.64,1.73,11.9,8.0,0.98,0.47,1.0,0.0,0.0,2.25,0.0,-0.8
331,Gudmundsson,LEE,DEF,4.5,a,100,,0.1,18,4,342,nailed,0.8,68.0,5.3,MUN(H) SUN(A) BOU(A) TOT(H) CHE(A),2.36,2.1,2.23,3.27,1.98,11.94,8.62,1.92,11.94,8.0,0.51,0.9,4.32,-1.83,0.0,0.03,0.0,0.0
403,Sávio,TOT,MID,6.5,a,100,,0.6,8,3,240,likely,0.6,48.0,1.7,COV(H) CHE(A) CRY(H) LEE(A) IPS(H),2.56,2.24,2.43,1.96,2.41,11.6,8.52,1.31,11.59,6.0,2.4,2.34,0.75,0.0,0.0,0.0,0.1,0.0
114,Boscagli,BHA,DEF,4.5,a,,,0.3,24,6,504,nailed,1.0,84.0,5.7,CRY(H) LIV(A) MCI(A) BRE(H) HUL(A),3.1,2.1,1.48,2.18,2.53,11.39,8.46,1.88,11.4,10.0,0.26,1.42,4.12,-2.94,0.0,0.54,0.0,-2.0
201,Muñoz,NFO,DEF,5.4,a,,,5.5,5,3,257,likely,0.6,51.0,1.3,ARS(H) IPS(A) BRE(A) MCI(H) BOU(A),2.35,2.43,1.94,2.3,2.44,11.46,8.34,1.54,11.47,6.0,3.25,0.56,3.01,-1.39,0.0,0.01,0.03,0.0
46,Barkley,AVL,MID,5.0,a,,,0.2,10,4,308,nailed,0.8,62.0,1.0,NEW(A) MCI(H) FUL(H) MUN(A) SUN(H),2.25,2.2,2.43,2.15,2.45,11.48,8.31,1.66,11.47,8.0,2.16,0.47,0.74,0.0,0.0,0.1,0.0,0.0
432,Mainoo,MUN,MID,5.5,d,75,Unspecified injury - 75% chance of playing,1.5,22,4,354,likely,0.6,53.0,2.0,LEE(A) BOU(H) CHE(A) AVL(H) LIV(A),2.13,2.43,2.32,2.46,2.09,11.43,8.31,1.51,11.43,6.0,1.21,1.18,0.67,0.0,0.0,0.86,1.51,0.0
267,Lukić,IPS,MID,4.9,a,,,0.1,15,6,486,nailed,1.0,81.0,2.3,MCI(A) NFO(H) HUL(A) BOU(H) TOT(A),2.12,2.34,2.24,2.37,2.38,11.45,8.26,1.68,11.44,10.0,0.0,1.01,1.06,0.0,0.0,1.38,0.0,-2.0
145,Fofana,CHE,DEF,5.0,a,100,,0.2,8,4,312,nailed,0.8,62.0,1.7,EVE(A) TOT(H) MUN(H) SUN(A) LEE(H),2.05,3.03,2.07,1.82,2.25,11.22,8.25,1.65,11.21,8.0,0.0,0.22,2.78,-2.71,0.0,3.72,0.0,-0.8
224,Nketiah,CRY,FWD,5.5,a,100,,0.5,8,3,175,likely,0.6,35.0,0.3,BHA(A) NEW(H) TOT(A) LIV(H) COV(A),2.07,2.55,2.14,2.08,2.27,11.11,8.08,1.47,11.11,4.8,4.3,1.33,0.0,0.0,0.0,0.0,0.68,0.0
553,Isidor,SUN,FWD,5.5,a,,,1.3,17,1,201,doubt,0.2,40.0,1.3,BOU(A) LEE(H) COV(A) CHE(H) AVL(A),2.07,2.12,2.22,2.77,2.05,11.23,8.08,1.47,11.23,2.0,6.66,0.1,0.0,0.0,0.0,0.0,2.48,0.0
419,Martinez,MUN,DEF,4.9,a,100,,1.3,6,4,360,nailed,0.8,72.0,0.7,LEE(A) BOU(H) CHE(A) AVL(H) LIV(A),1.94,2.55,1.86,2.88,1.93,11.16,8.06,1.65,11.16,8.0,1.23,0.49,3.55,-2.18,0.0,0.07,0.0,0.0
254,Robinson,FUL,DEF,4.5,d,75,Ankle injury - 75% chance of playing,1.4,12,5,429,likely,0.75,64.0,2.0,HUL(H) COV(A) AVL(A) NEW(H) MCI(A),2.39,2.61,2.14,2.28,1.19,10.61,8.04,1.79,10.6,7.5,1.11,0.67,3.33,-2.16,0.0,0.16,0.0,0.0
239,Garner,EVE,MID,6.0,a,100,,0.2,11,4,328,nailed,0.8,66.0,2.3,CHE(H) ARS(A) NEW(A) COV(H) BRE(A),2.26,1.96,2.13,2.42,1.97,10.74,7.82,1.3,10.74,8.0,0.98,0.59,1.2,0.0,0.0,1.58,0.0,-1.6
423,Shaw,MUN,DEF,4.3,a,100,,7.0,9,4,335,nailed,0.8,67.0,0.7,LEE(A) BOU(H) CHE(A) AVL(H) LIV(A),1.85,2.49,1.8,2.82,1.83,10.79,7.79,1.81,10.79,8.0,0.23,1.83,3.55,-2.18,0.0,0.16,0.0,-0.8
53,Manzambi,AVL,MID,5.9,a,100,,0.8,19,2,179,50-50,0.4,36.0,6.3,NEW(A) MCI(H) FUL(H) MUN(A) SUN(H),2.08,2.02,2.35,1.93,2.42,10.8,7.78,1.32,10.8,4.0,3.72,1.11,0.37,0.0,0.0,0.0,1.6,0.0
501,Danso,SUN,DEF,5.0,a,,,0.2,5,4,354,nailed,0.8,71.0,1.0,BOU(A) LEE(H) COV(A) CHE(H) AVL(A),1.81,2.1,2.66,2.07,2.16,10.8,7.75,1.55,10.8,8.0,1.3,0.65,3.07,-2.42,0.0,0.2,0.0,0.0
417,Dalot,MUN,DEF,4.9,a,,,1.6,8,4,346,nailed,0.8,69.0,1.3,LEE(A) BOU(H) CHE(A) AVL(H) LIV(A),1.83,2.48,1.79,2.81,1.81,10.72,7.74,1.58,10.71,8.0,1.42,0.71,3.55,-2.18,0.0,0.01,0.0,-0.8
429,Rashford,MUN,MID,6.9,d,75,Unspecified injury - 75% chance of playing,1.3,10,4,351,likely,0.6,53.0,1.0,LEE(A) BOU(H) CHE(A) AVL(H) LIV(A),1.93,2.31,2.2,2.34,1.87,10.65,7.74,1.12,10.66,6.0,3.0,0.99,0.67,0.0,0.0,0.0,0.0,0.0
186,Mason-Clark,COV,MID,5.3,a,100,,0.1,5,4,231,nailed,0.8,46.0,0.7,TOT(A) FUL(H) SUN(H) EVE(A) CRY(H),2.02,2.2,2.24,1.81,2.21,10.48,7.62,1.44,10.48,6.4,2.84,0.54,0.52,0.0,0.0,0.0,0.18,0.0
473,Aina,NFO,DEF,4.4,a,,,2.1,8,4,306,nailed,0.8,61.0,0.7,ARS(H) IPS(A) BRE(A) MCI(H) BOU(A),2.23,2.18,1.71,2.03,2.25,10.4,7.59,1.73,10.39,8.0,0.19,1.53,4.01,-1.86,0.0,0.12,0.0,-1.6
222,Strand Larsen,CRY,FWD,6.0,a,,,0.7,14,3,298,likely,0.6,60.0,3.3,BHA(A) NEW(H) TOT(A) LIV(H) COV(A),2.0,2.26,2.04,2.01,2.11,10.42,7.58,1.26,10.43,6.0,1.79,0.62,0.0,0.0,0.0,0.0,2.03,0.0
149,Colwill,CHE,DEF,4.8,a,,,0.8,5,5,426,nailed,1.0,85.0,1.3,EVE(A) TOT(H) MUN(H) SUN(A) LEE(H),1.82,3.02,1.83,1.51,2.05,10.23,7.56,1.58,10.22,10.0,0.0,0.15,3.48,-3.39,0.0,0.98,0.0,-1.0
73,Adams,BOU,MID,5.0,a,100,,0.3,13,4,364,nailed,0.8,73.0,2.3,SUN(H) MUN(A) LEE(H) IPS(A) NFO(H),2.12,2.0,2.09,2.04,2.14,10.39,7.55,1.51,10.4,8.0,0.21,0.26,0.83,0.0,0.0,1.9,0.0,-0.8
401,Marmoush,TOT,FWD,7.0,a,,,2.2,8,4,339,nailed,0.8,68.0,1.3,COV(H) CHE(A) CRY(H) LEE(A) IPS(H),2.13,2.06,2.11,1.92,2.11,10.33,7.54,1.08,10.33,8.0,1.8,0.54,0.0,0.0,0.0,0.0,0.0,0.0
203,Canvot,CRY,DEF,4.8,a,,,0.2,10,4,360,nailed,0.8,72.0,2.7,BHA(A) NEW(H) TOT(A) LIV(H) COV(A),1.07,2.33,2.6,2.2,2.74,10.94,7.53,1.57,10.94,8.0,0.25,0.37,3.55,-2.43,0.0,1.2,0.0,0.0
474,Jair Cunha,NFO,DEF,4.5,a,100,,0.2,11,4,360,nailed,0.8,72.0,0.3,ARS(H) IPS(A) BRE(A) MCI(H) BOU(A),2.24,2.13,1.73,1.98,2.22,10.3,7.53,1.67,10.3,8.0,0.22,0.0,4.01,-1.86,0.0,1.52,0.0,-1.6
116,Dunk,BHA,DEF,4.5,a,100,,1.5,23,4,384,nailed,0.8,77.0,4.3,CRY(H) LIV(A) MCI(A) BRE(H) HUL(A),2.6,1.88,1.37,1.91,2.21,9.97,7.38,1.64,9.98,8.0,0.24,0.24,3.29,-2.35,0.0,0.39,0.97,-0.8
155,Enzo,MCI,MID,6.9,a,,,3.8,13,3,271,likely,0.6,54.0,3.0,IPS(H) AVL(A) BHA(H) NFO(A) FUL(H),2.16,1.92,1.95,1.74,2.17,9.94,7.26,1.05,9.94,6.0,1.96,1.76,0.81,0.0,0.0,0.01,0.0,-0.6
650,Affengruber,FUL,DEF,4.5,a,,,0.6,21,3,266,likely,0.6,53.0,7.0,HUL(H) COV(A) AVL(A) NEW(H) MCI(A),2.11,2.28,1.92,2.0,1.17,9.48,7.15,1.59,9.48,6.0,0.56,0.1,2.66,-1.73,0.0,0.88,1.01,0.0
51,George Hemmings,AVL,MID,4.5,a,,,1.1,9,4,297,nailed,0.8,59.0,0.7,NEW(A) MCI(H) FUL(H) MUN(A) SUN(H),1.92,1.88,2.02,1.86,2.01,9.69,7.03,1.56,9.69,8.0,0.38,0.57,0.74,0.0,0.0,0.0,0.0,0.0
91,Pinnock,COV,DEF,4.5,a,,,0.1,14,3,282,likely,0.6,56.0,3.3,TOT(A) FUL(H) SUN(H) EVE(A) CRY(H),2.11,1.93,1.83,1.63,2.07,9.57,7.02,1.56,9.57,6.0,0.86,0.0,2.61,-1.61,0.0,2.32,0.0,-0.6
358,Kerkez,LIV,DEF,5.3,a,,,2.1,13,4,385,nailed,0.8,77.0,2.3,BRE(A) BHA(H) ARS(H) CRY(A) MUN(H),1.61,1.67,2.13,2.29,2.23,9.93,6.98,1.32,9.93,8.0,0.51,0.25,4.0,-1.9,0.0,0.67,0.0,-1.6
377,Munoz,LIV,MID,6.5,a,,,0.8,15,3,257,likely,0.6,51.0,0.7,BRE(A) BHA(H) ARS(H) CRY(A) MUN(H),1.76,1.99,1.84,2.0,2.08,9.67,6.95,1.07,9.67,6.0,2.53,0.94,0.75,0.0,0.0,0.0,0.04,-0.6
104,Onyeka,COV,MID,4.9,a,100,,0.1,9,4,314,nailed,0.8,63.0,1.7,TOT(A) FUL(H) SUN(H) EVE(A) CRY(H),1.9,1.86,1.84,1.79,1.89,9.28,6.76,1.38,9.29,8.0,0.2,0.12,0.87,0.0,0.0,0.1,0.0,0.0
96,Damsgaard,BRE,MID,5.4,d,75,Unspecified injury - 75% chance of playing,0.4,16,3,283,50-50,0.45,42.0,1.0,LIV(H) HUL(A) NFO(H) BHA(A) EVE(H),1.88,1.8,1.9,1.78,1.89,9.25,6.73,1.25,9.24,4.5,0.52,1.43,0.63,0.0,0.0,0.01,2.16,0.0
102,Yarmoliuk,BRE,MID,4.8,a,,,0.6,17,3,282,likely,0.6,56.0,5.0,LIV(H) HUL(A) NFO(H) BHA(A) EVE(H),1.88,1.81,1.91,1.75,1.9,9.25,6.73,1.4,9.24,6.0,1.1,0.82,0.84,0.0,0.0,0.12,0.96,-0.6
167,Delap,NFO,FWD,5.6,a,,,2.4,9,3,277,likely,0.6,55.0,2.0,ARS(H) IPS(A) BRE(A) MCI(H) BOU(A),1.73,1.92,1.69,1.9,1.85,9.09,6.58,1.18,9.09,6.0,3.34,0.95,0.0,0.0,0.0,0.0,0.0,-1.2
514,Tel,TOT,MID,5.7,a,,,0.2,8,3,257,likely,0.6,51.0,0.3,COV(H) CHE(A) CRY(H) LEE(A) IPS(H),1.95,1.7,1.84,1.59,1.81,8.89,6.52,1.14,8.9,6.0,1.26,0.84,0.75,0.0,0.0,0.0,0.04,0.0
148,Hato,CHE,DEF,4.5,a,,,0.8,8,4,258,nailed,0.8,52.0,0.0,EVE(A) TOT(H) MUN(H) SUN(A) LEE(H),1.55,2.57,1.6,1.34,1.76,8.82,6.51,1.45,8.82,8.0,0.05,0.62,2.78,-2.71,0.0,0.03,0.04,0.0
576,Stroud,HUL,MID,5.0,a,,,0.1,7,4,249,nailed,0.8,50.0,0.3,FUL(A) BRE(H) IPS(H) ARS(A) BHA(H),1.8,1.78,1.88,1.69,1.74,8.89,6.49,1.3,8.89,8.0,0.44,0.24,0.9,0.0,0.0,0.01,0.09,-0.8
469,N.Williams,NFO,DEF,5.0,d,50,Illness - 50% chance of playing,7.3,19,5,450,doubt,0.5,45.0,0.7,ARS(H) IPS(A) BRE(A) MCI(H) BOU(A),1.83,1.85,1.5,1.75,1.87,8.8,6.41,1.28,8.81,5.0,1.12,0.84,2.51,-1.16,0.0,0.0,0.49,0.0
459,L.Miley,NEW,MID,5.5,d,75,Unspecified injury - 75% chance of playing,0.1,12,5,396,likely,0.75,59.0,1.0,AVL(H) CRY(A) EVE(H) FUL(A) ARS(H),1.83,1.73,1.76,1.71,1.69,8.72,6.38,1.16,8.72,7.5,0.17,0.3,0.77,0.0,0.0,0.74,0.0,-0.75
372,Mac Allister,LIV,MID,5.4,a,,,1.3,11,3,306,likely,0.6,61.0,2.0,BRE(A) BHA(H) ARS(H) CRY(A) MUN(H),1.65,1.78,1.73,1.82,1.86,8.84,6.37,1.18,8.83,6.0,0.51,1.42,0.75,0.0,0.0,0.76,0.0,-0.6
306,Greaves,IPS,DEF,3.9,a,,,1.1,3,4,357,nailed,0.8,71.0,0.3,MCI(A) NFO(H) HUL(A) BOU(H) TOT(A),0.95,2.16,1.8,1.95,2.24,9.1,6.31,1.62,9.11,8.0,0.0,0.22,3.39,-2.38,0.0,0.67,0.0,-0.8
525,Fernandes,TOT,MID,5.7,a,,,0.7,7,3,249,likely,0.6,50.0,1.3,COV(H) CHE(A) CRY(H) LEE(A) IPS(H),1.88,1.62,1.77,1.5,1.74,8.51,6.25,1.1,8.51,6.0,1.27,1.01,0.75,0.0,0.0,0.01,0.07,-0.6
64,Smith,BOU,DEF,4.5,a,,,0.1,4,6,505,nailed,1.0,84.0,0.7,SUN(H) MUN(A) LEE(H) IPS(A) NFO(H),1.83,1.19,1.89,1.44,2.29,8.64,6.16,1.37,8.63,10.0,0.0,0.3,4.13,-2.86,0.0,0.06,0.0,-3.0
522,Gray,TOT,MID,4.9,a,,,0.2,9,3,307,likely,0.6,61.0,1.7,COV(H) CHE(A) CRY(H) LEE(A) IPS(H),1.82,1.59,1.72,1.52,1.69,8.34,6.11,1.25,8.35,6.0,1.42,0.12,0.75,0.0,0.0,0.06,0.0,0.0
534,Hume,SUN,DEF,4.3,a,,,2.4,12,3,290,likely,0.6,58.0,1.0,BOU(A) LEE(H) COV(A) CHE(H) AVL(A),1.42,1.64,2.07,1.65,1.68,8.46,6.07,1.41,8.45,6.0,0.85,1.06,2.3,-1.82,0.0,0.05,0.0,0.0
644,Timber,CRY,MID,5.0,a,,,0.0,9,3,253,likely,0.6,51.0,2.3,BHA(A) NEW(H) TOT(A) LIV(H) COV(A),1.53,1.77,1.7,1.63,1.75,8.38,6.05,1.21,8.39,6.0,1.38,0.23,0.67,0.0,0.0,0.05,0.06,0.0
649,Maitland-Niles,EVE,DEF,4.5,a,,,1.5,21,2,177,50-50,0.4,35.0,4.7,CHE(H) ARS(A) NEW(A) COV(H) BRE(A),1.79,1.33,1.62,2.24,1.3,8.28,6.03,1.34,8.27,4.0,0.54,0.66,2.4,-0.83,0.0,0.0,1.5,0.0
619,Palacios,IPS,MID,5.0,a,,,0.1,12,3,298,likely,0.6,60.0,2.3,MCI(A) NFO(H) HUL(A) BOU(H) TOT(A),1.57,1.7,1.65,1.69,1.72,8.33,6.02,1.2,8.34,6.0,0.0,0.28,0.64,0.0,0.0,1.42,0.0,0.0
579,Araujo,LIV,DEF,5.4,a,,,3.1,22,3,284,likely,0.6,57.0,4.3,BRE(A) BHA(H) ARS(H) CRY(A) MUN(H),1.38,1.42,1.77,1.89,1.84,8.3,5.86,1.08,8.31,6.0,0.0,0.19,3.0,-1.43,0.0,0.15,1.0,-0.6
75,Christie,BOU,MID,5.0,a,100,,0.0,8,2,174,50-50,0.4,35.0,2.0,SUN(H) MUN(A) LEE(H) IPS(A) NFO(H),1.85,1.46,1.56,1.56,1.51,7.94,5.85,1.17,7.94,4.0,2.36,1.34,0.41,0.0,0.0,0.01,0.21,-0.4
101,Henderson,CHE,MID,4.9,a,100,,0.0,20,2,175,50-50,0.4,35.0,6.7,EVE(A) TOT(H) MUN(H) SUN(A) LEE(H),1.45,1.74,1.64,1.61,1.59,8.03,5.81,1.19,8.05,4.0,0.97,0.55,0.35,0.0,0.0,0.0,2.18,0.0
526,Solanke,TOT,FWD,5.8,a,,,0.8,7,2,170,50-50,0.4,34.0,1.3,COV(H) CHE(A) CRY(H) LEE(A) IPS(H),1.69,1.58,1.65,1.35,1.66,7.93,5.81,1.0,7.92,4.0,3.24,0.17,0.0,0.0,0.0,0.0,0.5,0.0
33,Mings,AVL,DEF,4.5,a,,,0.4,11,3,342,likely,0.6,68.0,1.3,NEW(A) MCI(H) FUL(H) MUN(A) SUN(H),1.51,1.33,1.85,1.27,1.76,7.72,5.56,1.24,7.72,6.0,1.31,0.13,2.23,-1.85,0.0,0.5,0.0,-0.6
387,O'Reilly,MCI,DEF,6.3,d,75,Unspecified injury - 75% chance of playing,9.6,6,2,163,doubt,0.3,24.0,0.5,IPS(H) AVL(A) BHA(H) NFO(A) FUL(H),1.72,1.51,1.32,1.3,1.75,7.6,5.56,0.88,7.62,3.0,2.8,0.74,1.61,-0.67,0.0,0.0,0.14,0.0
327,Bijol,LEE,DEF,5.0,a,,,0.7,13,2,168,50-50,0.4,34.0,0.3,MUN(H) SUN(A) BOU(A) TOT(H) CHE(A),1.52,1.39,1.44,1.98,1.34,7.67,5.54,1.11,7.67,4.0,0.79,0.14,2.16,-0.91,0.0,0.03,1.47,0.0
54,Gomes,AVL,MID,5.5,a,100,,0.0,4,3,210,likely,0.6,42.0,2.0,NEW(A) MCI(H) FUL(H) MUN(A) SUN(H),1.51,1.48,1.59,1.45,1.59,7.62,5.53,1.0,7.61,6.0,0.48,0.35,0.56,0.0,0.0,0.02,0.2,0.0
393,Khusanov,MCI,DEF,5.4,a,,,1.3,9,3,268,likely,0.6,54.0,0.0,IPS(H) AVL(A) BHA(H) NFO(A) FUL(H),1.61,1.65,1.04,1.55,1.67,7.52,5.48,1.01,7.52,6.0,0.01,0.2,3.23,-1.33,0.0,0.02,0.01,-0.6
32,Cash,AVL,DEF,4.4,a,100,,4.6,6,4,377,nailed,0.8,75.0,-0.3,NEW(A) MCI(H) FUL(H) MUN(A) SUN(H),1.47,1.23,1.89,1.16,1.77,7.52,5.41,1.23,7.52,8.0,1.15,0.14,2.97,-2.47,0.0,0.12,0.0,-2.4
313,Clarke,IPS,MID,5.3,a,,,0.2,12,2,193,50-50,0.4,39.0,1.3,MCI(A) NFO(H) HUL(A) BOU(H) TOT(A),1.37,1.5,1.4,1.69,1.56,7.52,5.4,1.02,7.52,4.0,1.6,1.03,0.42,0.0,0.0,0.0,0.86,-0.4
175,van Ewijk,COV,DEF,4.0,d,75,Hamstring injury - 75% chance of playing,7.7,6,4,360,likely,0.6,54.0,0.0,TOT(A) FUL(H) SUN(H) EVE(A) CRY(H),1.66,1.47,1.37,1.18,1.61,7.29,5.36,1.34,7.27,6.0,0.0,0.82,2.61,-1.61,0.0,0.05,0.0,-0.6
639,Andrés,BHA,MID,5.5,a,,,0.1,15,2,193,50-50,0.4,39.0,5.0,CRY(H) LIV(A) MCI(A) BRE(H) HUL(A),1.7,1.32,1.33,1.48,1.37,7.2,5.31,0.96,7.2,4.0,2.15,0.47,0.41,0.0,0.0,0.0,0.16,0.0
144,Gusto,CHE,DEF,4.9,a,,,0.9,4,3,272,likely,0.6,54.0,0.3,EVE(A) TOT(H) MUN(H) SUN(A) LEE(H),1.21,2.02,1.29,1.09,1.4,7.01,5.16,1.05,7.01,6.0,0.57,0.38,2.09,-2.04,0.0,0.01,0.0,0.0
34,Pau,AVL,DEF,4.4,a,100,,0.3,3,3,187,likely,0.6,37.0,0.3,NEW(A) MCI(H) FUL(H) MUN(A) SUN(H),1.39,1.21,1.68,1.16,1.58,7.02,5.07,1.15,7.01,6.0,0.29,0.13,2.23,-1.85,0.0,0.0,0.21,0.0
519,Gallagher,TOT,MID,5.3,a,,,0.2,9,2,134,50-50,0.4,27.0,2.0,COV(H) CHE(A) CRY(H) LEE(A) IPS(H),1.5,1.3,1.42,1.16,1.4,6.78,4.98,0.94,6.78,4.0,1.82,0.55,0.5,0.0,0.0,0.0,0.31,-0.4
11,Mosquera,ARS,DEF,5.3,a,100,,1.6,12,2,168,50-50,0.4,34.0,0.0,NFO(A) EVE(H) LIV(A) HUL(H) NEW(A),1.34,1.47,1.2,1.54,1.27,6.82,4.97,0.94,6.82,4.0,0.25,0.14,2.88,-0.6,0.0,0.0,0.16,0.0
190,Tchaouna,COV,MID,5.3,a,,,0.1,5,2,211,50-50,0.4,42.0,0.3,TOT(A) FUL(H) SUN(H) EVE(A) CRY(H),1.32,1.43,1.46,1.17,1.44,6.82,4.96,0.94,6.81,4.0,1.51,0.73,0.43,0.0,0.0,0.0,0.13,0.0
575,Yirenkyi,COV,MID,4.8,a,,,0.1,9,3,265,likely,0.6,53.0,1.3,TOT(A) FUL(H) SUN(H) EVE(A) CRY(H),1.38,1.38,1.38,1.27,1.4,6.81,4.96,1.03,6.81,6.0,0.21,0.52,0.65,0.0,0.0,0.01,0.02,-0.6
389,Matheus N.,MCI,DEF,5.9,a,100,,1.0,11,2,213,50-50,0.4,43.0,3.3,IPS(H) AVL(A) BHA(H) NFO(A) FUL(H),1.44,1.42,1.04,1.32,1.48,6.7,4.89,0.83,6.7,4.0,0.22,0.28,2.15,-0.89,0.0,0.04,0.91,0.0
194,Thomas-Asante,COV,FWD,5.0,a,,,0.8,9,2,227,50-50,0.4,45.0,1.7,TOT(A) FUL(H) SUN(H) EVE(A) CRY(H),1.24,1.38,1.42,1.13,1.38,6.55,4.76,0.95,6.55,4.0,2.11,0.22,0.0,0.0,0.0,0.02,0.21,0.0
627,Barcola,LIV,MID,8.0,a,,,2.0,7,2,168,50-50,0.4,34.0,2.0,BRE(A) BHA(H) ARS(H) CRY(A) MUN(H),1.21,1.35,1.27,1.36,1.4,6.59,4.74,0.59,6.6,4.0,1.37,0.51,0.5,0.0,0.0,0.0,0.22,0.0
151,Acheampong,CHE,DEF,4.5,a,,,0.3,7,3,306,likely,0.6,61.0,0.7,EVE(A) TOT(H) MUN(H) SUN(A) LEE(H),1.14,1.87,1.15,0.96,1.28,6.4,4.73,1.05,6.4,6.0,0.0,0.11,2.09,-2.04,0.0,0.24,0.0,0.0
95,O.Dango,BRE,MID,6.3,a,,,0.4,8,2,193,50-50,0.4,39.0,1.0,LIV(H) HUL(A) NFO(H) BHA(A) EVE(H),1.3,1.24,1.32,1.21,1.31,6.38,4.64,0.74,6.38,4.0,0.7,0.93,0.56,0.0,0.0,0.03,0.16,0.0
142,James,CHE,DEF,5.3,d,75,Unspecified injury - 75% chance of playing,5.4,3,3,292,50-50,0.45,44.0,0.2,EVE(A) TOT(H) MUN(H) SUN(A) LEE(H),1.01,1.75,1.19,1.04,1.23,6.22,4.55,0.86,6.22,4.5,1.52,0.61,1.57,-1.53,0.0,0.0,0.0,-0.45
581,Diomande,NFO,DEF,5.4,a,,,0.5,7,2,163,50-50,0.4,33.0,2.0,ARS(H) IPS(A) BRE(A) MCI(H) BOU(A),1.32,1.3,1.05,1.22,1.33,6.22,4.54,0.84,6.23,4.0,0.82,0.15,2.01,-0.93,0.0,0.01,0.17,0.0
405,N.Gonzalez,NEW,MID,5.5,a,100,,0.2,5,3,164,likely,0.6,33.0,0.3,AVL(H) CRY(A) EVE(H) FUL(A) ARS(H),1.32,1.23,1.22,1.22,1.17,6.16,4.52,0.82,6.16,4.8,0.58,0.68,0.37,0.0,0.0,0.0,0.34,-0.6
593,Dedić,NEW,DEF,4.5,d,50,Unspecified injury - 50% chance of playing,1.5,13,4,327,doubt,0.4,33.0,0.0,AVL(H) CRY(A) EVE(H) FUL(A) ARS(H),1.46,1.16,1.28,1.07,1.06,6.03,4.5,1.0,6.04,4.0,0.44,0.11,1.64,-1.14,0.0,0.0,1.0,0.0
634,Fernandez-Pardo,NEW,FWD,6.0,a,,,0.1,4,2,157,50-50,0.4,31.0,1.0,AVL(H) CRY(A) EVE(H) FUL(A) ARS(H),1.3,1.24,1.19,1.25,1.17,6.15,4.5,0.75,6.16,4.0,1.48,0.15,0.0,0.0,0.0,0.0,0.53,0.0
452,Bruno G.,ARS,MID,6.7,a,100,,1.8,18,1,150,doubt,0.2,30.0,5.7,NFO(A) EVE(H) LIV(A) HUL(H) NEW(A),1.15,1.26,1.14,1.3,1.32,6.17,4.44,0.66,6.17,2.0,0.97,0.59,0.36,0.0,0.0,0.0,2.25,0.0
289,Crooks,HUL,MID,4.4,a,100,,0.5,3,3,203,likely,0.6,41.0,0.3,FUL(A) BRE(H) IPS(H) ARS(A) BHA(H),1.23,1.21,1.32,1.11,1.19,6.06,4.43,1.01,6.05,6.0,0.46,0.48,0.68,0.0,0.0,0.01,0.22,-1.8
269,Sessegnon,FUL,DEF,4.3,a,100,,0.3,18,1,136,doubt,0.2,27.0,5.0,HUL(H) COV(A) AVL(A) NEW(H) MCI(A),1.23,1.33,1.16,1.34,0.85,5.91,4.38,1.02,5.9,2.0,1.11,0.84,0.89,-0.58,0.0,0.0,1.64,0.0
371,Gravenberch,LIV,MID,5.8,a,,,1.0,9,2,190,50-50,0.4,38.0,0.7,BRE(A) BHA(H) ARS(H) CRY(A) MUN(H),1.11,1.2,1.16,1.23,1.25,5.95,4.29,0.74,5.96,4.0,0.87,0.41,0.5,0.0,0.0,0.01,0.17,0.0
309,Núñez,IPS,MID,4.9,a,,,0.1,6,2,140,50-50,0.4,28.0,0.0,MCI(A) NFO(H) HUL(A) BOU(H) TOT(A),1.05,1.15,1.09,1.21,1.17,5.67,4.08,0.83,5.67,4.0,0.64,0.34,0.42,0.0,0.0,0.0,0.27,0.0
357,Frimpong,LIV,DEF,5.3,a,,,1.7,2,2,178,50-50,0.4,36.0,0.3,BRE(A) BHA(H) ARS(H) CRY(A) MUN(H),0.94,1.0,1.2,1.3,1.29,5.73,4.04,0.76,5.72,4.0,0.35,0.58,2.0,-0.95,0.0,0.0,0.15,-0.4
328,Struijk,BHA,DEF,4.9,a,100,,0.2,5,2,154,50-50,0.4,31.0,1.3,CRY(H) LIV(A) MCI(A) BRE(H) HUL(A),1.46,0.99,0.75,1.06,1.17,5.43,4.03,0.82,5.43,4.0,1.03,0.14,1.65,-1.18,0.0,0.0,0.19,-0.4
337,Aaronson,LEE,MID,5.3,a,,,0.4,8,2,213,50-50,0.4,43.0,1.0,MUN(H) SUN(A) BOU(A) TOT(H) CHE(A),1.08,1.05,1.05,1.17,1.05,5.4,3.92,0.74,5.4,4.0,0.45,0.28,0.54,0.0,0.0,0.0,0.13,0.0
253,Andersen,FUL,DEF,5.0,a,100,,0.2,3,2,190,50-50,0.4,38.0,0.3,HUL(H) COV(A) AVL(A) NEW(H) MCI(A),1.14,1.25,1.01,1.06,0.51,4.97,3.78,0.76,4.98,4.0,0.26,0.34,1.78,-1.15,0.0,0.02,0.13,-0.4
462,Steur,NEW,MID,4.9,a,,,0.1,8,2,223,50-50,0.4,45.0,1.7,AVL(H) CRY(A) EVE(H) FUL(A) ARS(H),1.09,1.03,1.03,1.01,0.99,5.15,3.77,0.77,5.15,4.0,0.35,0.29,0.41,0.0,0.0,0.01,0.1,0.0
199,Benitez,CRY,GK,4.5,a,,,0.1,8,2,180,50-50,0.4,36.0,2.7,BHA(A) NEW(H) TOT(A) LIV(H) COV(A),0.54,1.15,1.3,1.11,1.37,5.47,3.76,0.84,5.46,4.0,0.0,0.0,1.77,-1.22,0.7,0.0,0.2,0.0
457,J.Murphy,NEW,MID,5.9,a,,,0.1,3,2,181,50-50,0.4,36.0,0.3,AVL(H) CRY(A) EVE(H) FUL(A) ARS(H),1.12,1.02,0.99,1.01,0.94,5.08,3.74,0.63,5.07,4.0,0.6,1.07,0.41,0.0,0.0,0.0,0.19,-1.2
596,Ruggeri,AVL,DEF,4.5,a,,,0.1,6,2,158,50-50,0.4,32.0,1.3,NEW(A) MCI(H) FUL(H) MUN(A) SUN(H),1.01,0.89,1.22,0.85,1.16,5.13,3.7,0.82,5.12,4.0,0.48,0.18,1.49,-1.23,0.0,0.01,0.19,0.0
583,Chavarria,CHE,DEF,4.9,a,,,0.2,10,2,293,50-50,0.4,59.0,2.3,EVE(A) TOT(H) MUN(H) SUN(A) LEE(H),0.86,1.42,0.93,0.8,1.0,5.01,3.68,0.75,5.01,4.0,0.2,0.71,1.39,-1.36,0.0,0.06,0.0,0.0
300,Walton,IPS,GK,4.4,a,,,0.4,4,2,176,50-50,0.4,35.0,1.3,MCI(A) NFO(H) HUL(A) BOU(H) TOT(A),0.62,1.22,1.04,1.12,1.27,5.27,3.67,0.84,5.27,4.0,0.0,0.04,1.7,-1.19,0.53,0.0,0.2,0.0
611,Wan-Bissaka,AVL,DEF,4.5,a,,,0.2,7,2,188,50-50,0.4,38.0,1.7,NEW(A) MCI(H) FUL(H) MUN(A) SUN(H),0.99,0.87,1.2,0.83,1.13,5.02,3.62,0.8,5.01,4.0,0.29,0.27,1.49,-1.23,0.0,0.05,0.14,0.0
71,Cook,BOU,MID,5.0,a,,,0.2,9,2,192,50-50,0.4,38.0,0.7,SUN(H) MUN(A) LEE(H) IPS(A) NFO(H),1.05,0.94,0.99,0.97,1.0,4.95,3.61,0.72,4.96,4.0,0.52,0.25,0.41,0.0,0.0,0.0,0.17,-0.4
592,Ouattara,IPS,DEF,4.0,a,,,0.8,8,2,217,50-50,0.4,43.0,1.7,MCI(A) NFO(H) HUL(A) BOU(H) TOT(A),0.58,1.19,1.0,1.12,1.24,5.13,3.57,0.89,5.12,4.0,0.29,0.24,1.7,-1.19,0.0,0.01,0.09,0.0
195,Simms,COV,FWD,4.9,a,,,0.6,4,1,104,doubt,0.2,21.0,0.3,TOT(A) FUL(H) SUN(H) EVE(A) CRY(H),0.84,0.99,1.03,0.74,0.98,4.58,3.32,0.68,4.58,2.0,2.03,0.14,0.0,0.0,0.0,0.0,0.41,0.0
125,Georginio,BHA,FWD,5.3,a,100,,0.4,6,1,104,doubt,0.2,21.0,0.3,CRY(H) LIV(A) MCI(A) BRE(H) HUL(A),1.06,0.79,0.83,0.92,0.82,4.42,3.26,0.62,4.43,2.0,1.46,0.59,0.0,0.0,0.0,0.0,0.38,0.0
238,Grealish,EVE,MID,6.5,a,100,,0.5,6,1,135,doubt,0.2,27.0,1.3,CHE(H) ARS(A) NEW(A) COV(H) BRE(A),0.96,0.68,0.82,0.97,0.72,4.15,3.04,0.47,4.14,2.0,0.69,1.01,0.3,0.0,0.0,0.0,0.15,0.0
16,Madueke,ARS,MID,6.2,a,,,0.2,4,1,113,doubt,0.2,23.0,0.7,NFO(A) EVE(H) LIV(A) HUL(H) NEW(A),0.75,0.83,0.75,0.87,0.87,4.07,2.93,0.47,4.08,2.0,0.93,0.63,0.36,0.0,0.0,0.0,0.16,0.0
617,Cho,HUL,MID,5.0,a,,,0.0,9,0,72,doubt,0.0,10.0,2.3,FUL(A) BRE(H) IPS(H) ARS(A) BHA(H),0.8,0.78,0.87,0.69,0.82,3.96,2.89,0.58,3.96,2.5,1.09,0.37,0.0,0.0,0.0,0.0,0.0,0.0
642,Thomas,HUL,MID,5.5,a,,,0.0,4,1,119,doubt,0.2,24.0,1.0,FUL(A) BRE(H) IPS(H) ARS(A) BHA(H),0.79,0.78,0.89,0.66,0.8,3.92,2.86,0.52,3.92,2.0,1.09,0.44,0.23,0.0,0.0,0.0,0.16,0.0
320,Akpom,IPS,FWD,5.0,a,,,1.1,8,0,93,doubt,0.0,10.0,0.7,MCI(A) NFO(H) HUL(A) BOU(H) TOT(A),0.76,0.78,0.75,0.88,0.8,3.97,2.86,0.57,3.97,2.5,1.42,0.05,0.0,0.0,0.0,0.0,0.0,0.0
136,Welbeck,CHE,FWD,5.9,a,100,,0.9,5,1,87,doubt,0.2,17.0,1.3,EVE(A) TOT(H) MUN(H) SUN(A) LEE(H),0.69,0.84,0.83,0.81,0.78,3.95,2.85,0.48,3.95,2.0,1.27,0.24,0.0,0.0,0.0,0.0,0.44,0.0
247,Hackney,EVE,MID,5.4,a,100,,0.2,10,1,137,doubt,0.2,27.0,0.7,CHE(H) ARS(A) NEW(A) COV(H) BRE(A),0.85,0.63,0.74,0.87,0.66,3.75,2.75,0.51,3.75,2.0,0.77,0.53,0.3,0.0,0.0,0.0,0.15,0.0
520,Bergvall,TOT,MID,5.3,a,,,0.1,3,1,78,doubt,0.2,16.0,0.7,COV(H) CHE(A) CRY(H) LEE(A) IPS(H),0.82,0.72,0.78,0.64,0.77,3.73,2.74,0.52,3.72,2.0,0.69,0.56,0.25,0.0,0.0,0.0,0.22,0.0
5,J.Timber,ARS,DEF,6.5,a,100,,0.6,2,1,131,doubt,0.2,26.0,0.7,NFO(A) EVE(H) LIV(A) HUL(H) NEW(A),0.72,0.8,0.65,0.84,0.71,3.72,2.7,0.42,3.71,2.0,0.26,0.2,1.44,-0.3,0.0,0.0,0.11,0.0
347,Nmecha,LEE,FWD,5.4,a,,,0.4,8,0,75,doubt,0.0,10.0,1.0,MUN(H) SUN(A) BOU(A) TOT(H) CHE(A),0.75,0.74,0.71,0.76,0.76,3.72,2.7,0.5,3.73,2.5,1.06,0.17,0.0,0.0,0.0,0.0,0.0,0.0
246,Röhl,EVE,MID,4.9,d,50,Unspecified injury - 50% chance of playing,0.0,6,3,249,doubt,0.3,25.0,0.0,CHE(H) ARS(A) NEW(A) COV(H) BRE(A),0.75,0.66,0.71,0.82,0.66,3.6,2.62,0.53,3.61,3.0,0.09,0.33,0.45,0.0,0.0,0.0,0.03,-0.3
97,Jensen,BRE,MID,5.4,a,100,,0.1,7,1,80,doubt,0.2,16.0,0.3,LIV(H) HUL(A) NFO(H) BHA(A) EVE(H),0.73,0.69,0.74,0.69,0.74,3.59,2.61,0.48,3.59,2.0,0.54,0.57,0.28,0.0,0.0,0.0,0.2,0.0
369,Ngumoha,LIV,MID,5.7,a,,,0.4,4,1,99,doubt,0.2,20.0,0.3,BRE(A) BHA(H) ARS(H) CRY(A) MUN(H),0.66,0.74,0.69,0.74,0.77,3.6,2.59,0.45,3.59,2.0,0.83,0.32,0.25,0.0,0.0,0.0,0.18,0.0
56,Abraham,AVL,FWD,5.5,a,100,,0.2,4,0,71,doubt,0.0,10.0,0.7,NEW(A) MCI(H) FUL(H) MUN(A) SUN(H),0.68,0.67,0.72,0.65,0.73,3.45,2.5,0.45,3.44,2.5,0.87,0.07,0.0,0.0,0.0,0.0,0.0,0.0
162,Andrey Santos,MUN,MID,4.8,a,,,0.5,4,1,82,doubt,0.2,16.0,0.0,LEE(A) BOU(H) CHE(A) AVL(H) LIV(A),0.63,0.73,0.7,0.75,0.61,3.42,2.49,0.52,3.42,2.0,0.52,0.47,0.22,0.0,0.0,0.0,0.2,0.0
488,I.Sangaré,NFO,MID,4.8,a,100,,0.4,4,1,105,doubt,0.2,21.0,0.7,ARS(H) IPS(A) BRE(A) MCI(H) BOU(A),0.67,0.71,0.64,0.7,0.7,3.42,2.48,0.52,3.41,2.0,0.7,0.28,0.25,0.0,0.0,0.0,0.17,0.0
318,Philogene,IPS,MID,5.4,a,100,,0.1,4,1,114,doubt,0.2,23.0,1.3,MCI(A) NFO(H) HUL(A) BOU(H) TOT(A),0.63,0.69,0.65,0.76,0.71,3.44,2.47,0.46,3.44,2.0,0.77,0.29,0.21,0.0,0.0,0.0,0.16,0.0
260,Wilson,LEE,MID,6.2,a,100,,1.4,6,1,164,doubt,0.2,33.0,0.7,MUN(H) SUN(A) BOU(A) TOT(H) CHE(A),0.68,0.67,0.64,0.74,0.67,3.4,2.47,0.4,3.4,2.0,0.71,0.5,0.27,0.0,0.0,0.0,0.12,-0.2
490,Wood,NFO,FWD,5.8,a,,,0.9,4,0,62,doubt,0.0,10.0,0.7,ARS(H) IPS(A) BRE(A) MCI(H) BOU(A),0.66,0.7,0.65,0.69,0.69,3.39,2.46,0.42,3.39,2.5,0.82,0.07,0.0,0.0,0.0,0.0,0.0,0.0
25,Gyökeres,ARS,FWD,7.1,a,,,3.8,3,0,56,doubt,0.0,10.0,0.7,NFO(A) EVE(H) LIV(A) HUL(H) NEW(A),0.64,0.68,0.65,0.7,0.72,3.39,2.44,0.34,3.39,2.5,0.71,0.18,0.0,0.0,0.0,0.0,0.0,0.0
646,Fofana,SUN,MID,5.5,a,,,0.0,4,0,110,doubt,0.0,10.0,1.0,BOU(A) LEE(H) COV(A) CHE(H) AVL(A),0.65,0.66,0.67,0.73,0.65,3.36,2.43,0.44,3.37,2.5,0.71,0.15,0.0,0.0,0.0,0.0,0.0,0.0
461,Touré,NEW,MID,5.8,a,,,0.1,8,0,50,doubt,0.0,10.0,2.3,AVL(H) CRY(A) EVE(H) FUL(A) ARS(H),0.69,0.67,0.64,0.67,0.63,3.3,2.42,0.42,3.3,2.5,0.62,0.18,0.0,0.0,0.0,0.0,0.0,0.0
512,Kudus,TOT,MID,6.5,a,100,,0.2,7,0,123,doubt,0.0,10.0,1.7,COV(H) CHE(A) CRY(H) LEE(A) IPS(H),0.69,0.66,0.68,0.61,0.68,3.32,2.42,0.37,3.33,2.5,0.41,0.42,0.0,0.0,0.0,0.0,0.0,0.0
568,Barco,CHE,MID,5.4,a,,,0.1,3,1,115,doubt,0.2,23.0,0.7,EVE(A) TOT(H) MUN(H) SUN(A) LEE(H),0.58,0.74,0.69,0.67,0.66,3.34,2.41,0.45,3.35,2.0,0.76,0.45,0.17,0.0,0.0,0.0,0.17,-0.2
635,Larsson,FUL,MID,5.0,a,,,0.0,3,0,37,doubt,0.0,10.0,0.7,HUL(H) COV(A) AVL(A) NEW(H) MCI(A),0.65,0.67,0.65,0.71,0.62,3.3,2.4,0.48,3.3,2.47,0.52,0.32,0.0,0.0,0.0,0.0,0.0,0.0
90,Hickey,BRE,DEF,4.5,a,,,0.1,6,1,188,doubt,0.2,38.0,1.0,LIV(H) HUL(A) NFO(H) BHA(A) EVE(H),0.69,0.66,0.76,0.41,0.73,3.25,2.39,0.53,3.25,2.0,0.3,0.21,1.12,-0.46,0.0,0.01,0.06,0.0
620,Diouf,BRE,DEF,4.5,a,,,0.1,3,1,120,doubt,0.2,24.0,1.0,LIV(H) HUL(A) NFO(H) BHA(A) EVE(H),0.69,0.66,0.76,0.41,0.73,3.25,2.39,0.53,3.25,2.0,0.32,0.14,1.12,-0.46,0.0,0.0,0.12,0.0
241,McNeil,CRY,MID,5.3,a,,,0.1,3,1,84,doubt,0.2,17.0,0.0,BHA(A) NEW(H) TOT(A) LIV(H) COV(A),0.6,0.72,0.66,0.64,0.69,3.31,2.39,0.45,3.31,2.0,0.61,0.27,0.22,0.0,0.0,0.0,0.2,0.0
72,Gannon-Doak,BOU,MID,4.9,a,,,0.1,5,0,52,doubt,0.0,10.0,1.0,SUN(H) MUN(A) LEE(H) IPS(A) NFO(H),0.7,0.63,0.64,0.65,0.62,3.24,2.37,0.48,3.24,2.5,0.5,0.24,0.0,0.0,0.0,0.0,0.0,0.0
271,Muniz,FUL,FWD,5.4,a,,,0.4,4,0,48,doubt,0.0,10.0,0.7,HUL(H) COV(A) AVL(A) NEW(H) MCI(A),0.64,0.66,0.63,0.72,0.6,3.25,2.36,0.44,3.26,2.5,1.18,0.07,0.0,0.0,0.0,0.0,0.0,-0.5
571,Florentino,IPS,MID,4.8,a,100,,0.1,4,1,92,doubt,0.2,18.0,1.3,MCI(A) NFO(H) HUL(A) BOU(H) TOT(A),0.6,0.66,0.62,0.72,0.68,3.28,2.36,0.49,3.28,2.0,0.5,0.38,0.21,0.0,0.0,0.0,0.19,0.0
506,Udogie,TOT,DEF,4.4,a,100,,0.3,7,1,86,doubt,0.2,17.0,0.0,COV(H) CHE(A) CRY(H) LEE(A) IPS(H),0.86,0.48,0.7,0.48,0.64,3.16,2.36,0.54,3.16,2.0,0.31,0.39,1.0,-0.51,0.0,0.0,0.16,-0.2
589,Gourna-Douath,HUL,MID,5.0,a,,,0.0,4,1,138,doubt,0.2,28.0,0.3,FUL(A) BRE(H) IPS(H) ARS(A) BHA(H),0.65,0.64,0.72,0.56,0.65,3.22,2.35,0.47,3.22,2.0,0.7,0.34,0.23,0.0,0.0,0.0,0.14,-0.2
631,Mbaye,AVL,MID,6.0,a,,,0.1,3,0,50,doubt,0.0,10.0,1.0,NEW(A) MCI(H) FUL(H) MUN(A) SUN(H),0.63,0.63,0.67,0.62,0.68,3.23,2.34,0.39,3.22,2.5,0.44,0.28,0.0,0.0,0.0,0.0,0.0,0.0
498,Senesi,TOT,DEF,5.8,a,,,3.4,3,1,90,doubt,0.2,18.0,0.0,COV(H) CHE(A) CRY(H) LEE(A) IPS(H),0.85,0.47,0.69,0.49,0.63,3.13,2.34,0.4,3.13,2.0,0.32,0.16,1.0,-0.51,0.0,0.0,0.16,0.0
515,Maddison,TOT,MID,6.3,a,100,,0.4,3,0,59,doubt,0.0,10.0,0.7,COV(H) CHE(A) CRY(H) LEE(A) IPS(H),0.66,0.64,0.65,0.6,0.66,3.21,2.34,0.37,3.2,2.5,0.48,0.22,0.0,0.0,0.0,0.0,0.0,0.0
159,Caicedo,CHE,MID,5.3,a,100,,1.0,3,1,84,doubt,0.2,17.0,0.7,EVE(A) TOT(H) MUN(H) SUN(A) LEE(H),0.58,0.7,0.65,0.64,0.63,3.2,2.32,0.44,3.2,2.0,0.55,0.27,0.17,0.0,0.0,0.0,0.2,0.0
188,Torp,COV,MID,5.3,a,,,0.1,3,0,53,doubt,0.0,10.0,0.3,TOT(A) FUL(H) SUN(H) EVE(A) CRY(H),0.61,0.66,0.67,0.59,0.65,3.18,2.31,0.44,3.18,2.5,0.41,0.27,0.0,0.0,0.0,0.0,0.0,0.0
640,Flemming,IPS,FWD,5.5,a,,,0.1,7,0,75,doubt,0.0,10.0,2.0,MCI(A) NFO(H) HUL(A) BOU(H) TOT(A),0.61,0.63,0.6,0.71,0.65,3.2,2.31,0.42,3.2,2.5,1.14,0.06,0.0,0.0,0.0,0.0,0.0,-0.5
421,Heaven,MUN,DEF,4.3,a,,,0.3,1,1,90,doubt,0.2,18.0,0.0,LEE(A) BOU(H) CHE(A) AVL(H) LIV(A),0.55,0.73,0.55,0.81,0.54,3.18,2.3,0.53,3.17,2.0,0.52,0.16,0.89,-0.55,0.0,0.0,0.15,0.0
262,Smith Rowe,FUL,MID,5.3,a,,,0.2,3,0,38,doubt,0.0,10.0,0.3,HUL(H) COV(A) AVL(A) NEW(H) MCI(A),0.62,0.64,0.62,0.67,0.6,3.15,2.29,0.43,3.15,2.5,0.45,0.2,0.0,0.0,0.0,0.0,0.0,0.0
74,Brooks,BOU,MID,5.0,a,100,,0.1,4,1,90,doubt,0.2,18.0,0.7,SUN(H) MUN(A) LEE(H) IPS(A) NFO(H),0.69,0.58,0.62,0.61,0.61,3.11,2.28,0.46,3.12,2.0,0.56,0.35,0.21,0.0,0.0,0.0,0.2,-0.2
263,Kevin,FUL,MID,5.3,a,,,0.0,5,0,71,doubt,0.0,10.0,1.0,HUL(H) COV(A) AVL(A) NEW(H) MCI(A),0.62,0.63,0.62,0.66,0.6,3.13,2.28,0.43,3.14,2.5,0.41,0.23,0.0,0.0,0.0,0.0,0.0,0.0
600,Osman,BHA,MID,5.0,a,,,0.0,3,0,40,doubt,0.0,10.0,0.3,CRY(H) LIV(A) MCI(A) BRE(H) HUL(A),0.67,0.59,0.61,0.63,0.6,3.1,2.27,0.45,3.1,2.5,0.39,0.2,0.0,0.0,0.0,0.0,0.0,0.0
406,Kovačić,MCI,MID,5.3,a,,,0.1,2,0,42,doubt,0.0,10.0,0.0,IPS(H) AVL(A) BHA(H) NFO(A) FUL(H),0.65,0.61,0.63,0.58,0.65,3.12,2.27,0.43,3.11,2.5,0.41,0.21,0.0,0.0,0.0,0.0,0.0,0.0
42,Guessand,CRY,MID,5.4,a,,,0.0,2,0,54,doubt,0.0,10.0,0.0,BHA(A) NEW(H) TOT(A) LIV(H) COV(A),0.6,0.65,0.61,0.6,0.62,3.08,2.24,0.41,3.09,2.5,0.4,0.19,0.0,0.0,0.0,0.0,0.0,0.0
19,Zubimendi,ARS,MID,5.3,a,,,0.6,5,0,89,doubt,0.0,10.0,0.7,NFO(A) EVE(H) LIV(A) HUL(H) NEW(A),0.59,0.62,0.6,0.63,0.64,3.08,2.23,0.42,3.07,2.5,0.43,0.14,0.0,0.0,0.0,0.0,0.0,0.0
323,McAteer,IPS,MID,4.4,a,,,1.0,3,0,42,doubt,0.0,10.0,0.0,MCI(A) NFO(H) HUL(A) BOU(H) TOT(A),0.6,0.61,0.59,0.65,0.62,3.07,2.22,0.51,3.06,2.5,0.4,0.17,0.0,0.0,0.0,0.0,0.0,0.0
375,Nyoni,LIV,MID,4.8,a,,,0.0,3,0,38,doubt,0.0,10.0,0.3,BRE(A) BHA(H) ARS(H) CRY(A) MUN(H),0.59,0.63,0.59,0.62,0.63,3.06,2.22,0.46,3.06,2.5,0.38,0.18,0.0,0.0,0.0,0.0,0.0,0.0
585,Herrington,HUL,DEF,4.0,a,,,0.6,5,1,197,doubt,0.2,39.0,0.7,FUL(A) BRE(H) IPS(H) ARS(A) BHA(H),0.63,0.6,0.73,0.51,0.52,2.99,2.21,0.55,2.99,2.0,0.34,0.2,0.9,-0.52,0.0,0.0,0.06,0.0
608,Jebbison,BOU,FWD,5.0,a,,,0.1,3,0,31,doubt,0.0,8.0,0.3,SUN(H) MUN(A) LEE(H) IPS(A) NFO(H),0.66,0.58,0.59,0.6,0.57,3.0,2.2,0.44,2.99,2.07,0.86,0.07,0.0,0.0,0.0,0.0,0.0,0.0
255,J.Cuenca,FUL,DEF,4.5,a,,,0.0,3,1,90,doubt,0.2,18.0,0.0,HUL(H) COV(A) AVL(A) NEW(H) MCI(A),0.65,0.71,0.58,0.62,0.33,2.89,2.19,0.49,2.89,2.0,0.28,0.15,0.89,-0.58,0.0,0.0,0.15,0.0
14,Eze,ARS,MID,6.2,a,,,1.1,4,0,85,doubt,0.0,10.0,0.7,NFO(A) EVE(H) LIV(A) HUL(H) NEW(A),0.58,0.6,0.58,0.61,0.61,2.98,2.16,0.35,2.97,2.5,0.3,0.17,0.0,0.0,0.0,0.0,0.0,0.0
656,Mfuni,COV,DEF,4.0,a,,,0.1,6,1,90,doubt,0.2,18.0,2.0,TOT(A) FUL(H) SUN(H) EVE(A) CRY(H),0.65,0.6,0.57,0.48,0.64,2.94,2.16,0.54,2.93,2.0,0.3,0.14,0.87,-0.54,0.0,0.0,0.15,0.0
364,Tsimikas,LIV,DEF,4.9,a,,,0.1,2,1,64,doubt,0.2,13.0,0.3,BRE(A) BHA(H) ARS(H) CRY(A) MUN(H),0.51,0.54,0.64,0.69,0.68,3.06,2.16,0.44,3.07,2.0,0.28,0.11,1.0,-0.48,0.0,0.0,0.17,0.0
599,Cherif,COV,FWD,5.0,a,,,0.1,1,0,30,doubt,0.0,8.0,0.3,TOT(A) FUL(H) SUN(H) EVE(A) CRY(H),0.55,0.61,0.62,0.51,0.61,2.9,2.11,0.42,2.91,2.0,0.83,0.07,0.0,0.0,0.0,0.0,0.0,0.0
256,Tete,FUL,DEF,4.4,a,100,,0.2,6,1,113,doubt,0.2,23.0,2.0,HUL(H) COV(A) AVL(A) NEW(H) MCI(A),0.62,0.68,0.55,0.6,0.3,2.75,2.08,0.47,2.75,2.0,0.3,0.21,0.89,-0.58,0.0,0.0,0.13,-0.2
213,Lerma,CRY,MID,4.8,a,,,0.1,1,0,51,doubt,0.0,10.0,0.3,BHA(A) NEW(H) TOT(A) LIV(H) COV(A),0.54,0.61,0.55,0.54,0.57,2.81,2.04,0.43,2.81,2.5,0.63,0.18,0.0,0.0,0.0,0.0,0.0,-0.5
9,Hincapie,ARS,DEF,5.2,a,,,0.9,3,0,40,doubt,0.0,10.0,0.3,NFO(A) EVE(H) LIV(A) HUL(H) NEW(A),0.54,0.55,0.54,0.55,0.56,2.74,1.99,0.38,2.74,2.5,0.17,0.07,0.0,0.0,0.0,0.0,0.0,0.0
395,Lewis,MCI,DEF,4.4,a,,,0.2,1,1,56,doubt,0.2,11.0,0.0,IPS(H) AVL(A) BHA(H) NFO(A) FUL(H),0.59,0.56,0.45,0.51,0.6,2.71,1.98,0.45,2.7,1.6,0.44,0.1,0.65,-0.27,0.0,0.0,0.18,0.0
584,Hamer,COV,MID,5.3,a,,,0.1,3,0,32,doubt,0.0,9.0,0.0,TOT(A) FUL(H) SUN(H) EVE(A) CRY(H),0.52,0.56,0.57,0.5,0.56,2.71,1.97,0.37,2.71,2.13,0.38,0.19,0.0,0.0,0.0,0.0,0.0,0.0
633,Ahanor,CRY,DEF,4.5,a,,,0.0,3,1,90,doubt,0.2,18.0,1.0,BHA(A) NEW(H) TOT(A) LIV(H) COV(A),0.28,0.62,0.67,0.56,0.71,2.84,1.96,0.44,2.83,2.0,0.28,0.13,0.89,-0.61,0.0,0.0,0.15,0.0
123,Hinshelwood,BHA,MID,5.9,d,50,Ankle injury - 50% chance of playing,0.5,16,1,63,doubt,0.1,6.0,0.0,CRY(H) LIV(A) MCI(A) BRE(H) HUL(A),0.63,0.47,0.48,0.54,0.49,2.61,1.93,0.33,2.61,1.0,0.96,0.1,0.1,0.0,0.0,0.0,0.45,0.0
185,Sakamoto,COV,MID,4.8,a,,,0.1,1,0,31,doubt,0.0,8.0,0.0,TOT(A) FUL(H) SUN(H) EVE(A) CRY(H),0.51,0.55,0.56,0.49,0.54,2.65,1.93,0.4,2.65,2.07,0.39,0.19,0.0,0.0,0.0,0.0,0.0,0.0
240,Iroegbunam,HUL,MID,5.0,a,100,,0.0,2,0,70,doubt,0.0,10.0,0.3,FUL(A) BRE(H) IPS(H) ARS(A) BHA(H),0.53,0.52,0.56,0.48,0.54,2.63,1.92,0.38,2.62,2.5,0.45,0.17,0.0,0.0,0.0,0.0,0.0,-0.5
160,Garnacho,AVL,MID,5.8,a,,,0.3,3,0,31,doubt,0.0,8.0,0.0,NEW(A) MCI(H) FUL(H) MUN(A) SUN(H),0.52,0.51,0.54,0.5,0.55,2.62,1.9,0.33,2.62,2.07,0.37,0.18,0.0,0.0,0.0,0.0,0.0,0.0
549,Talbi,SUN,MID,5.3,a,,,0.1,1,0,31,doubt,0.0,8.0,0.0,BOU(A) LEE(H) COV(A) CHE(H) AVL(A),0.51,0.51,0.52,0.56,0.51,2.61,1.89,0.36,2.6,2.07,0.36,0.17,0.0,0.0,0.0,0.0,0.0,0.0
612,Methalie,SUN,DEF,4.5,a,100,,0.0,0,1,101,doubt,0.2,20.0,0.0,BOU(A) LEE(H) COV(A) CHE(H) AVL(A),0.44,0.51,0.65,0.51,0.53,2.64,1.89,0.42,2.64,2.0,0.39,0.15,0.77,-0.61,0.0,0.0,0.14,-0.2
17,Merino,ARS,MID,5.7,a,,,0.4,5,0,82,doubt,0.0,10.0,1.0,NFO(A) EVE(H) LIV(A) HUL(H) NEW(A),0.49,0.52,0.5,0.53,0.54,2.58,1.86,0.33,2.58,2.5,0.38,0.2,0.0,0.0,0.0,0.0,0.0,-0.5
422,Mazraoui,MUN,DEF,4.4,d,75,Back injury - 75% chance of playing,0.5,3,1,97,doubt,0.15,15.0,0.0,LEE(A) BOU(H) CHE(A) AVL(H) LIV(A),0.44,0.59,0.46,0.65,0.43,2.57,1.86,0.42,2.58,1.5,0.57,0.14,0.67,-0.41,0.0,0.0,0.11,0.0
29,M.Bizot,AVL,GK,4.5,a,100,,0.1,1,1,90,doubt,0.2,18.0,0.0,NEW(A) MCI(H) FUL(H) MUN(A) SUN(H),0.5,0.44,0.6,0.43,0.56,2.53,1.83,0.41,2.53,2.0,0.0,0.0,0.74,-0.62,0.2,0.0,0.2,0.0
119,Costinha,BHA,DEF,4.5,a,,,0.0,5,0,84,doubt,0.0,10.0,1.0,CRY(H) LIV(A) MCI(A) BRE(H) HUL(A),0.53,0.48,0.48,0.5,0.48,2.47,1.81,0.4,2.48,2.5,0.27,0.21,0.0,0.0,0.0,0.0,0.0,-0.5
563,Morita,HUL,MID,4.9,a,100,,0.0,1,1,45,doubt,0.2,9.0,0.0,FUL(A) BRE(H) IPS(H) ARS(A) BHA(H),0.5,0.49,0.54,0.45,0.5,2.48,1.81,0.37,2.49,1.6,0.34,0.16,0.14,0.0,0.0,0.0,0.25,0.0
539,O'Nien,SUN,DEF,3.9,a,,,2.5,1,1,66,doubt,0.2,13.0,0.0,BOU(A) LEE(H) COV(A) CHE(H) AVL(A),0.42,0.49,0.63,0.47,0.5,2.51,1.8,0.46,2.5,2.0,0.26,0.11,0.77,-0.61,0.0,0.0,0.17,-0.2
212,Hughes,CRY,MID,4.4,a,,,6.8,2,0,29,doubt,0.0,8.0,0.3,BHA(A) NEW(H) TOT(A) LIV(H) COV(A),0.47,0.51,0.48,0.47,0.49,2.42,1.76,0.4,2.42,1.93,0.32,0.17,0.0,0.0,0.0,0.0,0.0,0.0
643,Chilwell,CRY,DEF,4.5,a,,,0.4,8,0,29,doubt,0.0,8.0,0.3,BHA(A) NEW(H) TOT(A) LIV(H) COV(A),0.47,0.51,0.47,0.47,0.49,2.41,1.75,0.39,2.41,1.93,0.4,0.07,0.0,0.0,0.0,0.0,0.0,0.0
595,Gozo,CRY,MID,4.9,a,,,0.0,2,0,28,doubt,0.0,7.0,0.3,BHA(A) NEW(H) TOT(A) LIV(H) COV(A),0.45,0.49,0.46,0.45,0.47,2.32,1.69,0.34,2.32,1.87,0.31,0.15,0.0,0.0,0.0,0.0,0.0,0.0
164,Quenda,CHE,MID,5.3,a,100,,0.0,2,0,27,doubt,0.0,7.0,0.3,EVE(A) TOT(H) MUN(H) SUN(A) LEE(H),0.42,0.47,0.46,0.46,0.45,2.26,1.64,0.31,2.27,1.8,0.32,0.15,0.0,0.0,0.0,0.0,0.0,0.0
559,Bamba,NEW,MID,4.9,a,,,0.1,3,0,27,doubt,0.0,7.0,0.7,AVL(H) CRY(A) EVE(H) FUL(A) ARS(H),0.46,0.45,0.44,0.45,0.43,2.23,1.63,0.33,2.23,1.8,0.29,0.14,0.0,0.0,0.0,0.0,0.0,0.0
81,Rodríguez,BOU,FWD,6.0,a,100,,0.1,3,0,23,doubt,0.0,6.0,0.7,SUN(H) MUN(A) LEE(H) IPS(A) NFO(H),0.49,0.42,0.44,0.44,0.42,2.21,1.62,0.27,2.21,1.53,0.61,0.06,0.0,0.0,0.0,0.0,0.0,0.0
245,Dibling,EVE,MID,5.3,a,,,0.0,1,0,24,doubt,0.0,6.0,0.3,CHE(H) ARS(A) NEW(A) COV(H) BRE(A),0.48,0.39,0.44,0.47,0.41,2.19,1.6,0.3,2.18,1.6,0.39,0.19,0.0,0.0,0.0,0.0,0.0,0.0
638,Norton-Cuffy,HUL,DEF,4.0,a,100,,0.2,1,0,34,doubt,0.0,9.0,0.0,FUL(A) BRE(H) IPS(H) ARS(A) BHA(H),0.43,0.42,0.44,0.4,0.43,2.12,1.54,0.39,2.12,2.27,0.23,0.08,0.0,0.0,0.0,0.0,0.0,-0.45
157,Estêvão,CHE,MID,6.3,a,,,0.7,5,0,24,doubt,0.0,6.0,1.0,EVE(A) TOT(H) MUN(H) SUN(A) LEE(H),0.38,0.43,0.42,0.42,0.41,2.06,1.49,0.24,2.07,1.6,0.31,0.16,0.0,0.0,0.0,0.0,0.0,0.0
594,David,BHA,FWD,5.9,a,,,0.2,1,0,23,doubt,0.0,6.0,0.0,CRY(H) LIV(A) MCI(A) BRE(H) HUL(A),0.46,0.36,0.38,0.41,0.37,1.98,1.46,0.25,1.98,1.53,0.71,0.05,0.0,0.0,0.0,0.0,0.0,-0.31
478,Netz,NFO,DEF,4.4,a,,,0.0,3,0,27,doubt,0.0,7.0,0.3,ARS(H) IPS(A) BRE(A) MCI(H) BOU(A),0.4,0.4,0.39,0.4,0.4,1.99,1.45,0.33,2.0,1.8,0.13,0.07,0.0,0.0,0.0,0.0,0.0,0.0
381,Koumas,LIV,MID,5.0,a,,,0.0,3,0,22,doubt,0.0,6.0,0.3,BRE(A) BHA(H) ARS(H) CRY(A) MUN(H),0.37,0.41,0.38,0.4,0.41,1.97,1.42,0.28,1.97,1.47,0.39,0.11,0.0,0.0,0.0,0.0,0.0,0.0
285,McNair,HUL,DEF,4.0,a,100,,0.1,1,0,26,doubt,0.0,7.0,0.0,FUL(A) BRE(H) IPS(H) ARS(A) BHA(H),0.39,0.39,0.4,0.37,0.39,1.94,1.41,0.35,1.94,1.73,0.14,0.06,0.0,0.0,0.0,0.0,0.0,0.0
52,Alysson,AVL,MID,5.0,d,75,Unspecified injury - 75% chance of playing,0.0,8,0,87,doubt,0.0,8.0,1.5,NEW(A) MCI(H) FUL(H) MUN(A) SUN(H),0.38,0.38,0.4,0.37,0.41,1.94,1.4,0.28,1.93,1.88,0.31,0.12,0.0,0.0,0.0,0.0,0.0,-0.38
616,Bouaddi,MCI,MID,5.5,a,,,0.2,2,0,22,doubt,0.0,6.0,0.0,IPS(H) AVL(A) BHA(H) NFO(A) FUL(H),0.4,0.37,0.38,0.35,0.4,1.9,1.39,0.25,1.89,1.47,0.26,0.17,0.0,0.0,0.0,0.0,0.0,0.0
440,Zirkzee,MUN,FWD,5.3,a,,,0.4,2,0,20,doubt,0.0,5.0,0.7,LEE(A) BOU(H) CHE(A) AVL(H) LIV(A),0.36,0.4,0.4,0.4,0.35,1.91,1.39,0.26,1.9,1.33,0.52,0.05,0.0,0.0,0.0,0.0,0.0,0.0
637,Vaz,HUL,FWD,5.0,a,,,0.1,2,0,20,doubt,0.0,5.0,0.7,FUL(A) BRE(H) IPS(H) ARS(A) BHA(H),0.38,0.38,0.41,0.34,0.39,1.9,1.38,0.28,1.91,1.33,0.52,0.05,0.0,0.0,0.0,0.0,0.0,0.0
446,Schär,NEW,DEF,4.9,a,100,,0.2,2,0,25,doubt,0.0,7.0,0.3,AVL(H) CRY(A) EVE(H) FUL(A) ARS(H),0.38,0.37,0.37,0.37,0.37,1.86,1.36,0.28,1.86,1.67,0.14,0.06,0.0,0.0,0.0,0.0,0.0,0.0
535,Alderete,SUN,DEF,4.8,a,100,,0.2,1,0,23,doubt,0.0,6.0,0.0,BOU(A) LEE(H) COV(A) CHE(H) AVL(A),0.34,0.34,0.35,0.36,0.34,1.73,1.26,0.26,1.73,1.53,0.14,0.06,0.0,0.0,0.0,0.0,0.0,0.0
420,Yoro,MUN,DEF,4.8,a,,,0.4,2,0,22,doubt,0.0,6.0,0.0,LEE(A) BOU(H) CHE(A) AVL(H) LIV(A),0.32,0.34,0.34,0.34,0.32,1.66,1.21,0.25,1.65,1.47,0.12,0.06,0.0,0.0,0.0,0.0,0.0,0.0
465,Osula,NEW,FWD,5.8,d,50,Foot injury - 50% chance of playing,0.3,4,1,55,doubt,0.1,6.0,0.0,AVL(H) CRY(A) EVE(H) FUL(A) ARS(H),0.35,0.33,0.31,0.33,0.3,1.62,1.19,0.21,1.61,0.8,0.48,0.08,0.0,0.0,0.0,0.0,0.25,0.0
400,Doku,MCI,MID,7.4,a,100,,0.7,1,0,15,doubt,0.0,4.0,0.3,IPS(H) AVL(A) BHA(H) NFO(A) FUL(H),0.31,0.28,0.29,0.26,0.31,1.45,1.06,0.14,1.44,1.0,0.28,0.16,0.0,0.0,0.0,0.0,0.0,0.0
76,Tóth.A,BOU,MID,4.9,a,,,0.0,2,0,17,doubt,0.0,5.0,0.3,SUN(H) MUN(A) LEE(H) IPS(A) NFO(H),0.31,0.28,0.28,0.29,0.28,1.44,1.05,0.22,1.43,1.13,0.2,0.1,0.0,0.0,0.0,0.0,0.0,0.0
548,Rigg,SUN,MID,4.9,a,,,0.0,2,0,17,doubt,0.0,5.0,0.0,BOU(A) LEE(H) COV(A) CHE(H) AVL(A),0.28,0.28,0.29,0.31,0.28,1.44,1.04,0.21,1.44,1.13,0.21,0.1,0.0,0.0,0.0,0.0,0.0,0.0
321,Walle Egeli,IPS,FWD,4.5,a,,,3.5,2,0,15,doubt,0.0,4.0,0.3,MCI(A) NFO(H) HUL(A) BOU(H) TOT(A),0.27,0.28,0.27,0.3,0.28,1.4,1.01,0.23,1.39,1.0,0.36,0.03,0.0,0.0,0.0,0.0,0.0,0.0
35,Bogarde,AVL,MID,4.9,a,,,0.1,1,0,16,doubt,0.0,4.0,0.0,NEW(A) MCI(H) FUL(H) MUN(A) SUN(H),0.27,0.27,0.28,0.26,0.29,1.37,0.99,0.2,1.37,1.07,0.21,0.1,0.0,0.0,0.0,0.0,0.0,0.0
641,Bard,LEE,DEF,4.5,a,,,0.0,1,0,18,doubt,0.0,5.0,0.3,MUN(H) SUN(A) BOU(A) TOT(H) CHE(A),0.27,0.27,0.27,0.27,0.27,1.35,0.98,0.22,1.36,1.2,0.11,0.05,0.0,0.0,0.0,0.0,0.0,0.0
308,Furlong,IPS,DEF,3.9,a,,,0.6,1,0,17,doubt,0.0,5.0,0.0,MCI(A) NFO(H) HUL(A) BOU(H) TOT(A),0.25,0.25,0.25,0.26,0.25,1.26,0.91,0.23,1.26,1.13,0.09,0.04,0.0,0.0,0.0,0.0,0.0,0.0
207,Mingueza,CRY,DEF,4.3,a,,,0.1,2,0,16,doubt,0.0,4.0,0.0,BHA(A) NEW(H) TOT(A) LIV(H) COV(A),0.24,0.25,0.24,0.24,0.24,1.21,0.88,0.2,1.2,1.07,0.09,0.04,0.0,0.0,0.0,0.0,0.0,0.0
232,O'Brien,EVE,DEF,4.8,a,,,0.3,2,0,16,doubt,0.0,4.0,0.7,CHE(H) ARS(A) NEW(A) COV(H) BRE(A),0.25,0.23,0.24,0.25,0.23,1.2,0.88,0.18,1.2,1.07,0.1,0.04,0.0,0.0,0.0,0.0,0.0,0.0
108,Wilson,BRE,FWD,5.4,a,,,0.3,3,0,13,doubt,0.0,3.0,0.0,LIV(H) HUL(A) NFO(H) BHA(A) EVE(H),0.24,0.23,0.24,0.24,0.24,1.19,0.86,0.16,1.21,0.87,0.31,0.03,0.0,0.0,0.0,0.0,0.0,0.0
636,Ángel,FUL,MID,5.0,a,,,0.0,0,0,15,doubt,0.0,4.0,0.0,HUL(H) COV(A) AVL(A) NEW(H) MCI(A),0.21,0.21,0.21,0.23,0.2,1.06,0.77,0.15,1.06,1.0,0.17,0.08,0.0,0.0,0.0,0.0,0.0,-0.2
450,Livramento,NEW,DEF,4.9,d,50,Unspecified injury - 50% chance of playing,0.1,4,0,33,doubt,0.0,4.0,0.5,AVL(H) CRY(A) EVE(H) FUL(A) ARS(H),0.21,0.2,0.2,0.2,0.2,1.01,0.74,0.15,1.01,1.1,0.09,0.04,0.0,0.0,0.0,0.0,0.0,-0.22
573,Sanchez,BOU,DEF,4.4,a,,,0.2,1,0,13,doubt,0.0,3.0,0.3,SUN(H) MUN(A) LEE(H) IPS(A) NFO(H),0.2,0.19,0.19,0.2,0.19,0.97,0.71,0.16,0.98,0.87,0.08,0.03,0.0,0.0,0.0,0.0,0.0,0.0
152,Palestra,CHE,DEF,5.3,a,100,,0.6,1,0,13,doubt,0.0,3.0,0.3,EVE(A) TOT(H) MUN(H) SUN(A) LEE(H),0.19,0.2,0.2,0.2,0.19,0.98,0.71,0.13,0.98,0.87,0.08,0.03,0.0,0.0,0.0,0.0,0.0,0.0
621,McAidoo,MCI,MID,4.4,a,,,0.1,2,0,11,doubt,0.0,3.0,0.0,IPS(H) AVL(A) BHA(H) NFO(A) FUL(H),0.2,0.19,0.19,0.18,0.2,0.96,0.7,0.16,0.96,0.73,0.17,0.06,0.0,0.0,0.0,0.0,0.0,0.0
550,Jocelin.T,SUN,MID,4.9,a,,,0.0,1,0,11,doubt,0.0,3.0,0.3,BOU(A) LEE(H) COV(A) CHE(H) AVL(A),0.18,0.18,0.19,0.2,0.18,0.93,0.67,0.14,0.94,0.73,0.14,0.07,0.0,0.0,0.0,0.0,0.0,0.0
126,O'Riley,BHA,MID,5.4,a,,,0.1,2,0,10,doubt,0.0,3.0,0.7,CRY(H) LIV(A) MCI(A) BRE(H) HUL(A),0.2,0.17,0.17,0.18,0.17,0.89,0.65,0.12,0.89,0.67,0.17,0.05,0.0,0.0,0.0,0.0,0.0,0.0
339,Longstaff,LEE,MID,4.8,a,,,0.1,2,0,10,doubt,0.0,3.0,0.3,MUN(H) SUN(A) BOU(A) TOT(H) CHE(A),0.17,0.17,0.17,0.17,0.17,0.85,0.62,0.13,0.86,0.67,0.13,0.06,0.0,0.0,0.0,0.0,0.0,0.0
430,Mount,MUN,MID,5.4,a,100,,0.0,1,0,10,doubt,0.0,3.0,0.3,LEE(A) BOU(H) CHE(A) AVL(H) LIV(A),0.16,0.18,0.18,0.18,0.16,0.86,0.62,0.12,0.86,0.67,0.14,0.06,0.0,0.0,0.0,0.0,0.0,0.0
435,Lacey,MUN,MID,4.9,a,,,0.1,1,0,10,doubt,0.0,3.0,0.0,LEE(A) BOU(H) CHE(A) AVL(H) LIV(A),0.16,0.17,0.17,0.17,0.16,0.83,0.6,0.12,0.84,0.67,0.12,0.06,0.0,0.0,0.0,0.0,0.0,0.0
20,Dowman,ARS,MID,5.3,a,100,,0.1,1,0,9,doubt,0.0,2.0,0.3,NFO(A) EVE(H) LIV(A) HUL(H) NEW(A),0.14,0.15,0.14,0.15,0.15,0.73,0.53,0.1,0.74,0.6,0.09,0.05,0.0,0.0,0.0,0.0,0.0,0.0
208,Sarr,CRY,MID,6.2,a,100,,0.6,1,0,8,doubt,0.0,2.0,0.3,BHA(A) NEW(H) TOT(A) LIV(H) COV(A),0.13,0.14,0.13,0.13,0.14,0.67,0.49,0.08,0.68,0.53,0.1,0.05,0.0,0.0,0.0,0.0,0.0,0.0
574,Hjertø-Dahl,HUL,MID,4.9,a,,,0.1,1,0,8,doubt,0.0,2.0,0.0,FUL(A) BRE(H) IPS(H) ARS(A) BHA(H),0.14,0.13,0.14,0.12,0.14,0.67,0.49,0.1,0.67,0.53,0.1,0.05,0.0,0.0,0.0,0.0,0.0,0.0
340,Gelhardt,HUL,MID,5.0,a,100,,0.0,1,0,7,doubt,0.0,2.0,0.3,FUL(A) BRE(H) IPS(H) ARS(A) BHA(H),0.12,0.12,0.13,0.11,0.12,0.6,0.44,0.09,0.61,0.47,0.1,0.04,0.0,0.0,0.0,0.0,0.0,0.0
648,Bahoya,LEE,MID,5.0,a,100,,0.0,2,0,5,doubt,0.0,1.0,0.7,MUN(H) SUN(A) BOU(A) TOT(H) CHE(A),0.09,0.09,0.08,0.09,0.09,0.44,0.32,0.06,0.43,0.33,0.07,0.03,0.0,0.0,0.0,0.0,0.0,0.0
147,Tosin,TOT,DEF,4.4,a,,,0.1,1,0,5,doubt,0.0,1.0,0.3,COV(H) CHE(A) CRY(H) LEE(A) IPS(H),0.08,0.08,0.08,0.07,0.08,0.39,0.28,0.06,0.38,0.33,0.03,0.01,0.0,0.0,0.0,0.0,0.0,0.0
243,Alcaraz,EVE,MID,4.9,a,,,0.1,1,0,5,doubt,0.0,1.0,0.0,CHE(H) ARS(A) NEW(A) COV(H) BRE(A),0.08,0.07,0.07,0.08,0.07,0.37,0.27,0.06,0.37,0.33,0.07,0.03,0.0,0.0,0.0,0.0,0.0,-0.07
120,Svoboda,BHA,DEF,5.0,a,,,0.1,1,0,4,doubt,0.0,1.0,0.3,CRY(H) LIV(A) MCI(A) BRE(H) HUL(A),0.06,0.06,0.06,0.06,0.06,0.3,0.22,0.04,0.3,0.27,0.02,0.01,0.0,0.0,0.0,0.0,0.0,0.0
651,J.Angulo,SUN,FWD,4.5,a,,,0.8,1,0,3,doubt,0.0,1.0,0.3,BOU(A) LEE(H) COV(A) CHE(H) AVL(A),0.06,0.06,0.06,0.07,0.06,0.31,0.22,0.05,0.3,0.2,0.09,0.01,0.0,0.0,0.0,0.0,0.0,0.0
100,Carvalho,BRE,MID,5.0,a,100,,0.0,6,0,3,doubt,0.0,1.0,2.0,LIV(H) HUL(A) NFO(H) BHA(A) EVE(H),0.06,0.05,0.05,0.06,0.06,0.28,0.2,0.04,0.27,0.2,0.06,0.01,0.0,0.0,0.0,0.0,0.0,0.0
662,Nicoll-Jazuli,CHE,MID,4.5,a,,,0.0,1,0,3,doubt,0.0,1.0,0.5,EVE(A) TOT(H) MUN(H) SUN(A) LEE(H),0.05,0.05,0.05,0.05,0.05,0.25,0.18,0.04,0.25,0.2,0.04,0.02,0.0,0.0,0.0,0.0,0.0,0.0
89,Henry,BRE,DEF,4.4,a,,,0.2,1,0,2,doubt,0.0,1.0,0.0,LIV(H) HUL(A) NFO(H) BHA(A) EVE(H),0.03,0.03,0.03,0.03,0.03,0.15,0.11,0.02,0.15,0.13,0.01,0.0,0.0,0.0,0.0,0.0,0.0,0.0
647,Osorio,CRY,MID,5.5,a,,,0.0,1,0,1,doubt,0.0,0.0,0.0,BHA(A) NEW(H) TOT(A) LIV(H) COV(A),0.02,0.02,0.02,0.02,0.02,0.1,0.07,0.01,0.08,0.07,0.01,0.01,0.0,0.0,0.0,0.0,0.0,0.0
482,Hudson-Odoi,NFO,MID,5.8,a,100,,0.1,1,0,1,doubt,0.0,0.0,0.0,ARS(H) IPS(A) BRE(A) MCI(H) BOU(A),0.02,0.02,0.02,0.02,0.02,0.1,0.07,0.01,0.08,0.07,0.01,0.01,0.0,0.0,0.0,0.0,0.0,0.0
487,Dominguez,NFO,MID,4.9,a,,,0.1,1,0,1,doubt,0.0,0.0,0.0,ARS(H) IPS(A) BRE(A) MCI(H) BOU(A),0.02,0.02,0.02,0.02,0.02,0.1,0.07,0.01,0.08,0.07,0.01,0.01,0.0,0.0,0.0,0.0,0.0,0.0
493,Kalimuendo,NFO,FWD,5.4,a,,,0.0,1,0,1,doubt,0.0,0.0,0.0,ARS(H) IPS(A) BRE(A) MCI(H) BOU(A),0.02,0.02,0.02,0.02,0.02,0.1,0.07,0.01,0.09,0.07,0.03,0.0,0.0,0.0,0.0,0.0,0.0,0.0
66,Soler,BOU,DEF,4.0,a,100,,0.3,1,0,1,doubt,0.0,0.0,0.3,SUN(H) MUN(A) LEE(H) IPS(A) NFO(H),0.02,0.01,0.02,0.02,0.01,0.08,0.06,0.01,0.08,0.07,0.01,0.0,0.0,0.0,0.0,0.0,0.0,0.0
179,Latibeaudiere,COV,DEF,4.0,a,,,0.0,1,0,1,doubt,0.0,0.0,0.3,TOT(A) FUL(H) SUN(H) EVE(A) CRY(H),0.01,0.02,0.02,0.01,0.02,0.08,0.06,0.01,0.08,0.07,0.01,0.0,0.0,0.0,0.0,0.0,0.0,0.0
396,Vitor Reis,MCI,DEF,4.5,a,,,0.0,1,0,1,doubt,0.0,0.0,0.0,IPS(H) AVL(A) BHA(H) NFO(A) FUL(H),0.02,0.01,0.02,0.01,0.02,0.08,0.06,0.01,0.08,0.07,0.01,0.0,0.0,0.0,0.0,0.0,0.0,0.0
622,Braithwaite,MCI,DEF,4.0,a,,,0.2,1,0,1,doubt,0.0,0.0,0.0,IPS(H) AVL(A) BHA(H) NFO(A) FUL(H),0.02,0.01,0.02,0.01,0.02,0.08,0.06,0.01,0.08,0.07,0.01,0.0,0.0,0.0,0.0,0.0,0.0,0.0
2,Arrizabalaga,ARS,GK,4.9,a,,,0.1,0,0,0,out,0.0,0.0,0.0,NFO(A) EVE(H) LIV(A) HUL(H) NEW(A),0.0,0.0,0.0,0.0,0.0,0.0,0.0,0.0,0.0,0.0,0.0,0.0,0.0,0.0,0.0,0.0,0.0,0.0
3,Meslier,ARS,GK,4.9,a,,,0.0,0,0,0,out,0.0,0.0,0.0,NFO(A) EVE(H) LIV(A) HUL(H) NEW(A),0.0,0.0,0.0,0.0,0.0,0.0,0.0,0.0,0.0,0.0,0.0,0.0,0.0,0.0,0.0,0.0,0.0,0.0
6,Saliba,ARS,DEF,5.9,i,0,Back injury - Unknown return date,0.2,0,0,0,out,0.0,0.0,0.0,NFO(A) EVE(H) LIV(A) HUL(H) NEW(A),0.0,0.0,0.0,0.0,0.0,0.0,0.0,0.0,0.0,0.0,0.0,0.0,0.0,0.0,0.0,0.0,0.0,0.0
18,Martinelli,ARS,MID,6.3,u,0,Has joined Al Hilal permanently,0.1,0,0,0,out,0.0,0.0,0.0,NFO(A) EVE(H) LIV(A) HUL(H) NEW(A),0.0,0.0,0.0,0.0,0.0,0.0,0.0,0.0,0.0,0.0,0.0,0.0,0.0,0.0,0.0,0.0,0.0,0.0
22,Nwaneri,ARS,MID,5.4,u,0,Has joined Borussia Dortmund on loan for the rest of the sea,0.0,0,0,0,out,0.0,0.0,0.0,NFO(A) EVE(H) LIV(A) HUL(H) NEW(A),0.0,0.0,0.0,0.0,0.0,0.0,0.0,0.0,0.0,0.0,0.0,0.0,0.0,0.0,0.0,0.0,0.0,0.0
23,Fábio Vieira,ARS,MID,5.5,u,0,Has joined Hamburger SV permanently,0.0,0,0,0,out,0.0,0.0,0.0,NFO(A) EVE(H) LIV(A) HUL(H) NEW(A),0.0,0.0,0.0,0.0,0.0,0.0,0.0,0.0,0.0,0.0,0.0,0.0,0.0,0.0,0.0,0.0,0.0,0.0
24,Nelson,ARS,MID,5.5,u,0,has departed the club as a free agent.,0.0,0,0,0,out,0.0,0.0,0.0,NFO(A) EVE(H) LIV(A) HUL(H) NEW(A),0.0,0.0,0.0,0.0,0.0,0.0,0.0,0.0,0.0,0.0,0.0,0.0,0.0,0.0,0.0,0.0,0.0,0.0
27,G.Jesus,ARS,FWD,5.9,u,0,Has joined FC Barcelona permanently,0.1,0,0,0,out,0.0,0.0,0.0,NFO(A) EVE(H) LIV(A) HUL(H) NEW(A),0.0,0.0,0.0,0.0,0.0,0.0,0.0,0.0,0.0,0.0,0.0,0.0,0.0,0.0,0.0,0.0,0.0,0.0
557,Tzolis,ARS,MID,6.3,i,0,Hamstring injury - Expected back 24 Oct,7.5,16,5,362,out,0.0,0.0,0.0,NFO(A) EVE(H) LIV(A) HUL(H) NEW(A),0.0,0.0,0.0,0.0,0.0,0.0,0.0,0.0,0.0,0.0,0.0,0.0,0.0,0.0,0.0,0.0,0.0,0.0
30,Digne,AVL,DEF,4.5,u,0,Has joined Paris Saint-Germain permanently,0.0,0,0,0,out,0.0,0.0,0.0,NEW(A) MCI(H) FUL(H) MUN(A) SUN(H),0.0,0.0,0.0,0.0,0.0,0.0,0.0,0.0,0.0,0.0,0.0,0.0,0.0,0.0,0.0,0.0,0.0,0.0
36,Maatsen,AVL,DEF,4.4,i,0,Ankle injury - Unknown return date,0.4,9,4,335,out,0.0,0.0,0.0,NEW(A) MCI(H) FUL(H) MUN(A) SUN(H),0.0,0.0,0.0,0.0,0.0,0.0,0.0,0.0,0.0,0.0,0.0,0.0,0.0,0.0,0.0,0.0,0.0,0.0
38,A.García,AVL,DEF,4.0,a,,,1.5,0,0,0,out,0.0,0.0,0.0,NEW(A) MCI(H) FUL(H) MUN(A) SUN(H),0.0,0.0,0.0,0.0,0.0,0.0,0.0,0.0,0.0,0.0,0.0,0.0,0.0,0.0,0.0,0.0,0.0,0.0
39,Nedeljkovic,AVL,DEF,4.0,u,0,Has joined Rangers on loan for the rest of the season,0.1,0,0,0,out,0.0,0.0,0.0,NEW(A) MCI(H) FUL(H) MUN(A) SUN(H),0.0,0.0,0.0,0.0,0.0,0.0,0.0,0.0,0.0,0.0,0.0,0.0,0.0,0.0,0.0,0.0,0.0,0.0
44,Bailey,AVL,MID,5.4,u,0,Has joined Olympiakos permanently,0.0,0,0,0,out,0.0,0.0,0.0,NEW(A) MCI(H) FUL(H) MUN(A) SUN(H),0.0,0.0,0.0,0.0,0.0,0.0,0.0,0.0,0.0,0.0,0.0,0.0,0.0,0.0,0.0,0.0,0.0,0.0
48,Onana,AVL,MID,4.9,i,0,Knee injury - Unknown return date,0.0,0,0,0,out,0.0,0.0,0.0,NEW(A) MCI(H) FUL(H) MUN(A) SUN(H),0.0,0.0,0.0,0.0,0.0,0.0,0.0,0.0,0.0,0.0,0.0,0.0,0.0,0.0,0.0,0.0,0.0,0.0
49,Iling Jr,AVL,MID,5.0,u,0,Has joined Bolton Wanderers on loan for the rest of the seas,0.0,0,0,0,out,0.0,0.0,0.0,NEW(A) MCI(H) FUL(H) MUN(A) SUN(H),0.0,0.0,0.0,0.0,0.0,0.0,0.0,0.0,0.0,0.0,0.0,0.0,0.0,0.0,0.0,0.0,0.0,0.0
50,Burrowes,AVL,MID,4.5,a,,,0.5,0,0,0,out,0.0,0.0,0.0,NEW(A) MCI(H) FUL(H) MUN(A) SUN(H),0.0,0.0,0.0,0.0,0.0,0.0,0.0,0.0,0.0,0.0,0.0,0.0,0.0,0.0,0.0,0.0,0.0,0.0
55,Watkins,AVL,FWD,7.8,u,0,Has joined Al Hilal permanently,2.4,0,0,0,out,0.0,0.0,0.0,NEW(A) MCI(H) FUL(H) MUN(A) SUN(H),0.0,0.0,0.0,0.0,0.0,0.0,0.0,0.0,0.0,0.0,0.0,0.0,0.0,0.0,0.0,0.0,0.0,0.0
582,Madjo,AVL,FWD,5.4,d,75,Unspecified injury - 75% chance of playing,0.2,0,0,0,out,0.0,0.0,0.0,NEW(A) MCI(H) FUL(H) MUN(A) SUN(H),0.0,0.0,0.0,0.0,0.0,0.0,0.0,0.0,0.0,0.0,0.0,0.0,0.0,0.0,0.0,0.0,0.0,0.0
606,Rowe,AVL,DEF,4.0,a,,,0.2,0,0,0,out,0.0,0.0,0.0,NEW(A) MCI(H) FUL(H) MUN(A) SUN(H),0.0,0.0,0.0,0.0,0.0,0.0,0.0,0.0,0.0,0.0,0.0,0.0,0.0,0.0,0.0,0.0,0.0,0.0
607,Lynch,AVL,MID,4.5,u,0,Has joined Oxford United on loan until January,0.1,0,0,0,out,0.0,0.0,0.0,NEW(A) MCI(H) FUL(H) MUN(A) SUN(H),0.0,0.0,0.0,0.0,0.0,0.0,0.0,0.0,0.0,0.0,0.0,0.0,0.0,0.0,0.0,0.0,0.0,0.0
618,Goretzka,AVL,MID,5.9,i,0,Knee injury - Expected back 17 Oct,0.0,0,0,0,out,0.0,0.0,0.0,NEW(A) MCI(H) FUL(H) MUN(A) SUN(H),0.0,0.0,0.0,0.0,0.0,0.0,0.0,0.0,0.0,0.0,0.0,0.0,0.0,0.0,0.0,0.0,0.0,0.0
630,Harwood-Bellis,AVL,DEF,4.5,a,,,0.0,0,0,0,out,0.0,0.0,0.0,NEW(A) MCI(H) FUL(H) MUN(A) SUN(H),0.0,0.0,0.0,0.0,0.0,0.0,0.0,0.0,0.0,0.0,0.0,0.0,0.0,0.0,0.0,0.0,0.0,0.0
667,Wright,AVL,GK,4.0,a,,,0.2,0,0,0,out,0.0,0.0,0.0,NEW(A) MCI(H) FUL(H) MUN(A) SUN(H),0.0,0.0,0.0,0.0,0.0,0.0,0.0,0.0,0.0,0.0,0.0,0.0,0.0,0.0,0.0,0.0,0.0,0.0
58,Forster,BOU,GK,4.0,a,,,3.5,0,0,0,out,0.0,0.0,0.0,SUN(H) MUN(A) LEE(H) IPS(A) NFO(H),0.0,0.0,0.0,0.0,0.0,0.0,0.0,0.0,0.0,0.0,0.0,0.0,0.0,0.0,0.0,0.0,0.0,0.0
59,Dennis,BOU,GK,4.0,u,0,Has joined MK Dons permanently,0.1,0,0,0,out,0.0,0.0,0.0,SUN(H) MUN(A) LEE(H) IPS(A) NFO(H),0.0,0.0,0.0,0.0,0.0,0.0,0.0,0.0,0.0,0.0,0.0,0.0,0.0,0.0,0.0,0.0,0.0,0.0
62,Diakité,BOU,DEF,4.9,a,,,0.2,0,0,0,out,0.0,0.0,0.0,SUN(H) MUN(A) LEE(H) IPS(A) NFO(H),0.0,0.0,0.0,0.0,0.0,0.0,0.0,0.0,0.0,0.0,0.0,0.0,0.0,0.0,0.0,0.0,0.0,0.0
63,Milosavljević,BOU,DEF,4.9,i,0,Thigh injury - Unknown return date,0.0,0,0,0,out,0.0,0.0,0.0,SUN(H) MUN(A) LEE(H) IPS(A) NFO(H),0.0,0.0,0.0,0.0,0.0,0.0,0.0,0.0,0.0,0.0,0.0,0.0,0.0,0.0,0.0,0.0,0.0,0.0
65,J.Araujo,BOU,DEF,4.4,i,0,Thigh injury - Unknown return date,0.0,0,0,0,out,0.0,0.0,0.0,SUN(H) MUN(A) LEE(H) IPS(A) NFO(H),0.0,0.0,0.0,0.0,0.0,0.0,0.0,0.0,0.0,0.0,0.0,0.0,0.0,0.0,0.0,0.0,0.0,0.0
69,Scott,BOU,MID,6.1,i,0,Thigh injury - Unknown return date,4.3,30,5,446,out,0.0,0.0,0.0,SUN(H) MUN(A) LEE(H) IPS(A) NFO(H),0.0,0.0,0.0,0.0,0.0,0.0,0.0,0.0,0.0,0.0,0.0,0.0,0.0,0.0,0.0,0.0,0.0,0.0
70,Kluivert,BOU,MID,5.9,i,0,Unspecified injury - Unknown return date,0.7,15,4,294,out,0.0,0.0,0.0,SUN(H) MUN(A) LEE(H) IPS(A) NFO(H),0.0,0.0,0.0,0.0,0.0,0.0,0.0,0.0,0.0,0.0,0.0,0.0,0.0,0.0,0.0,0.0,0.0,0.0
77,Adli,BOU,MID,4.9,i,0,Calf injury - Unknown return date,0.0,0,0,0,out,0.0,0.0,0.0,SUN(H) MUN(A) LEE(H) IPS(A) NFO(H),0.0,0.0,0.0,0.0,0.0,0.0,0.0,0.0,0.0,0.0,0.0,0.0,0.0,0.0,0.0,0.0,0.0,0.0
78,Kroupi.Jr,BOU,MID,7.4,i,0,Foot injury - Expected back 7 Nov,0.2,0,0,0,out,0.0,0.0,0.0,SUN(H) MUN(A) LEE(H) IPS(A) NFO(H),0.0,0.0,0.0,0.0,0.0,0.0,0.0,0.0,0.0,0.0,0.0,0.0,0.0,0.0,0.0,0.0,0.0,0.0
80,Enes Ünal,BOU,FWD,5.5,u,0,Has joined Getafe permanently,0.0,0,0,0,out,0.0,0.0,0.0,SUN(H) MUN(A) LEE(H) IPS(A) NFO(H),0.0,0.0,0.0,0.0,0.0,0.0,0.0,0.0,0.0,0.0,0.0,0.0,0.0,0.0,0.0,0.0,0.0,0.0
615,Di Gregorio,BOU,GK,4.5,a,,,0.0,0,0,0,out,0.0,0.0,0.0,SUN(H) MUN(A) LEE(H) IPS(A) NFO(H),0.0,0.0,0.0,0.0,0.0,0.0,0.0,0.0,0.0,0.0,0.0,0.0,0.0,0.0,0.0,0.0,0.0,0.0
83,Valdimarsson,BRE,GK,4.5,a,,,0.1,0,0,0,out,0.0,0.0,0.0,LIV(H) HUL(A) NFO(H) BHA(A) EVE(H),0.0,0.0,0.0,0.0,0.0,0.0,0.0,0.0,0.0,0.0,0.0,0.0,0.0,0.0,0.0,0.0,0.0,0.0
84,Collins,BRE,DEF,5.4,i,0,Calf injury - Unknown return date,0.9,10,3,196,out,0.0,0.0,0.0,LIV(H) HUL(A) NFO(H) BHA(A) EVE(H),0.0,0.0,0.0,0.0,0.0,0.0,0.0,0.0,0.0,0.0,0.0,0.0,0.0,0.0,0.0,0.0,0.0,0.0
85,Van den Berg,BRE,DEF,4.9,a,100,,0.1,0,0,0,out,0.0,0.0,0.0,LIV(H) HUL(A) NFO(H) BHA(A) EVE(H),0.0,0.0,0.0,0.0,0.0,0.0,0.0,0.0,0.0,0.0,0.0,0.0,0.0,0.0,0.0,0.0,0.0,0.0
92,Ji-soo,BRE,DEF,4.4,a,,,0.0,0,0,0,out,0.0,0.0,0.0,LIV(H) HUL(A) NFO(H) BHA(A) EVE(H),0.0,0.0,0.0,0.0,0.0,0.0,0.0,0.0,0.0,0.0,0.0,0.0,0.0,0.0,0.0,0.0,0.0,0.0
99,Milambo,BRE,MID,5.0,i,0,Knee injury - Unknown return date,0.0,0,0,0,out,0.0,0.0,0.0,LIV(H) HUL(A) NFO(H) BHA(A) EVE(H),0.0,0.0,0.0,0.0,0.0,0.0,0.0,0.0,0.0,0.0,0.0,0.0,0.0,0.0,0.0,0.0,0.0,0.0
103,Dasilva,BRE,MID,4.9,i,0,Hamstring injury - Expected back 10 Oct,0.0,0,0,0,out,0.0,0.0,0.0,LIV(H) HUL(A) NFO(H) BHA(A) EVE(H),0.0,0.0,0.0,0.0,0.0,0.0,0.0,0.0,0.0,0.0,0.0,0.0,0.0,0.0,0.0,0.0,0.0,0.0
107,Furo,BRE,FWD,4.5,i,0,Unspecified injury - Unknown return date,0.8,0,0,0,out,0.0,0.0,0.0,LIV(H) HUL(A) NFO(H) BHA(A) EVE(H),0.0,0.0,0.0,0.0,0.0,0.0,0.0,0.0,0.0,0.0,0.0,0.0,0.0,0.0,0.0,0.0,0.0,0.0
657,Nunes,BRE,MID,4.5,a,,,0.0,0,0,0,out,0.0,0.0,0.0,LIV(H) HUL(A) NFO(H) BHA(A) EVE(H),0.0,0.0,0.0,0.0,0.0,0.0,0.0,0.0,0.0,0.0,0.0,0.0,0.0,0.0,0.0,0.0,0.0,0.0
660,Fredrick,BRE,DEF,4.0,a,,,0.0,0,0,0,out,0.0,0.0,0.0,LIV(H) HUL(A) NFO(H) BHA(A) EVE(H),0.0,0.0,0.0,0.0,0.0,0.0,0.0,0.0,0.0,0.0,0.0,0.0,0.0,0.0,0.0,0.0,0.0,0.0
661,Balcombe,BRE,GK,4.0,a,,,0.1,0,0,0,out,0.0,0.0,0.0,LIV(H) HUL(A) NFO(H) BHA(A) EVE(H),0.0,0.0,0.0,0.0,0.0,0.0,0.0,0.0,0.0,0.0,0.0,0.0,0.0,0.0,0.0,0.0,0.0,0.0
111,Steele,BHA,GK,4.0,a,,,4.0,0,0,0,out,0.0,0.0,0.0,CRY(H) LIV(A) MCI(A) BRE(H) HUL(A),0.0,0.0,0.0,0.0,0.0,0.0,0.0,0.0,0.0,0.0,0.0,0.0,0.0,0.0,0.0,0.0,0.0,0.0
117,Coppola,BHA,DEF,4.5,a,,,0.0,0,0,0,out,0.0,0.0,0.0,CRY(H) LIV(A) MCI(A) BRE(H) HUL(A),0.0,0.0,0.0,0.0,0.0,0.0,0.0,0.0,0.0,0.0,0.0,0.0,0.0,0.0,0.0,0.0,0.0,0.0
118,Igor,BHA,DEF,4.5,u,0,Has joined Burnley permanently,0.0,0,0,0,out,0.0,0.0,0.0,CRY(H) LIV(A) MCI(A) BRE(H) HUL(A),0.0,0.0,0.0,0.0,0.0,0.0,0.0,0.0,0.0,0.0,0.0,0.0,0.0,0.0,0.0,0.0,0.0,0.0
121,Mitoma,BHA,MID,5.9,i,0,Hamstring injury - Expected back 18 Oct,0.0,0,0,0,out,0.0,0.0,0.0,CRY(H) LIV(A) MCI(A) BRE(H) HUL(A),0.0,0.0,0.0,0.0,0.0,0.0,0.0,0.0,0.0,0.0,0.0,0.0,0.0,0.0,0.0,0.0,0.0,0.0
122,Minteh,BHA,MID,5.8,i,0,Leg injury - Expected back 28 Nov,0.0,0,0,0,out,0.0,0.0,0.0,CRY(H) LIV(A) MCI(A) BRE(H) HUL(A),0.0,0.0,0.0,0.0,0.0,0.0,0.0,0.0,0.0,0.0,0.0,0.0,0.0,0.0,0.0,0.0,0.0,0.0
128,Buonanotte,BHA,MID,5.0,u,0,Has joined Elche on loan for the rest of the season,0.0,0,0,0,out,0.0,0.0,0.0,CRY(H) LIV(A) MCI(A) BRE(H) HUL(A),0.0,0.0,0.0,0.0,0.0,0.0,0.0,0.0,0.0,0.0,0.0,0.0,0.0,0.0,0.0,0.0,0.0,0.0
130,Wieffer,BHA,DEF,4.9,i,0,Knee injury - Unknown return date,0.2,7,2,156,out,0.0,0.0,0.0,CRY(H) LIV(A) MCI(A) BRE(H) HUL(A),0.0,0.0,0.0,0.0,0.0,0.0,0.0,0.0,0.0,0.0,0.0,0.0,0.0,0.0,0.0,0.0,0.0,0.0
132,Howell,BHA,MID,4.5,u,0,Has joined Leicester City on loan for the rest of the season,0.0,0,0,0,out,0.0,0.0,0.0,CRY(H) LIV(A) MCI(A) BRE(H) HUL(A),0.0,0.0,0.0,0.0,0.0,0.0,0.0,0.0,0.0,0.0,0.0,0.0,0.0,0.0,0.0,0.0,0.0,0.0
133,Watson,BHA,MID,5.0,u,0,Has joined Leicester City on loan for the rest of the season,0.0,0,0,0,out,0.0,0.0,0.0,CRY(H) LIV(A) MCI(A) BRE(H) HUL(A),0.0,0.0,0.0,0.0,0.0,0.0,0.0,0.0,0.0,0.0,0.0,0.0,0.0,0.0,0.0,0.0,0.0,0.0
134,Oriola,BHA,MID,4.4,a,,,0.2,0,0,0,out,0.0,0.0,0.0,CRY(H) LIV(A) MCI(A) BRE(H) HUL(A),0.0,0.0,0.0,0.0,0.0,0.0,0.0,0.0,0.0,0.0,0.0,0.0,0.0,0.0,0.0,0.0,0.0,0.0
135,Yohanna,BHA,MID,4.8,i,0,Unspecified injury - Expected back 18 Oct,0.0,1,0,12,out,0.0,0.0,0.0,CRY(H) LIV(A) MCI(A) BRE(H) HUL(A),0.0,0.0,0.0,0.0,0.0,0.0,0.0,0.0,0.0,0.0,0.0,0.0,0.0,0.0,0.0,0.0,0.0,0.0
137,Tzimas,BHA,FWD,5.4,i,0,Knee injury - Unknown return date,0.0,0,0,0,out,0.0,0.0,0.0,CRY(H) LIV(A) MCI(A) BRE(H) HUL(A),0.0,0.0,0.0,0.0,0.0,0.0,0.0,0.0,0.0,0.0,0.0,0.0,0.0,0.0,0.0,0.0,0.0,0.0
139,Ferguson,BHA,FWD,5.0,i,0,Ankle injury - Expected back 18 Oct,0.0,0,0,0,out,0.0,0.0,0.0,CRY(H) LIV(A) MCI(A) BRE(H) HUL(A),0.0,0.0,0.0,0.0,0.0,0.0,0.0,0.0,0.0,0.0,0.0,0.0,0.0,0.0,0.0,0.0,0.0,0.0
614,Hadjam,BHA,DEF,4.5,a,,,0.0,0,0,0,out,0.0,0.0,0.0,CRY(H) LIV(A) MCI(A) BRE(H) HUL(A),0.0,0.0,0.0,0.0,0.0,0.0,0.0,0.0,0.0,0.0,0.0,0.0,0.0,0.0,0.0,0.0,0.0,0.0
624,Cozier-Duberry,BHA,MID,5.0,u,0,Has joined Middlesbrough on loan for the rest of the season,0.0,0,0,0,out,0.0,0.0,0.0,CRY(H) LIV(A) MCI(A) BRE(H) HUL(A),0.0,0.0,0.0,0.0,0.0,0.0,0.0,0.0,0.0,0.0,0.0,0.0,0.0,0.0,0.0,0.0,0.0,0.0
652,Azeez,BHA,MID,5.5,i,0,Hamstring injury - Expected back 18 Oct,0.0,0,0,0,out,0.0,0.0,0.0,CRY(H) LIV(A) MCI(A) BRE(H) HUL(A),0.0,0.0,0.0,0.0,0.0,0.0,0.0,0.0,0.0,0.0,0.0,0.0,0.0,0.0,0.0,0.0,0.0,0.0
658,Ibrahim,BHA,MID,4.5,a,,,0.0,0,0,0,out,0.0,0.0,0.0,CRY(H) LIV(A) MCI(A) BRE(H) HUL(A),0.0,0.0,0.0,0.0,0.0,0.0,0.0,0.0,0.0,0.0,0.0,0.0,0.0,0.0,0.0,0.0,0.0,0.0
140,Sánchez,CHE,GK,4.9,u,0,Has joined Como on loan for the rest of the season,0.6,2,1,90,out,0.0,0.0,0.0,EVE(A) TOT(H) MUN(H) SUN(A) LEE(H),0.0,0.0,0.0,0.0,0.0,0.0,0.0,0.0,0.0,0.0,0.0,0.0,0.0,0.0,0.0,0.0,0.0,0.0
141,Jörgensen,CHE,GK,5.0,u,0,Has joined RC Strasbourg on loan for the rest of the season,0.0,0,0,0,out,0.0,0.0,0.0,EVE(A) TOT(H) MUN(H) SUN(A) LEE(H),0.0,0.0,0.0,0.0,0.0,0.0,0.0,0.0,0.0,0.0,0.0,0.0,0.0,0.0,0.0,0.0,0.0,0.0
143,Chalobah,CHE,DEF,5.5,u,0,Has joined Como permanently,0.1,0,0,0,out,0.0,0.0,0.0,EVE(A) TOT(H) MUN(H) SUN(A) LEE(H),0.0,0.0,0.0,0.0,0.0,0.0,0.0,0.0,0.0,0.0,0.0,0.0,0.0,0.0,0.0,0.0,0.0,0.0
146,B.Badiashile,CHE,DEF,4.5,u,0,Has joined Napoli on loan for the rest of the season,0.0,0,0,0,out,0.0,0.0,0.0,EVE(A) TOT(H) MUN(H) SUN(A) LEE(H),0.0,0.0,0.0,0.0,0.0,0.0,0.0,0.0,0.0,0.0,0.0,0.0,0.0,0.0,0.0,0.0,0.0,0.0
150,M.Sarr,CHE,DEF,4.5,u,0,Has joined Real Sociedad on loan for the rest of the season,0.0,0,0,0,out,0.0,0.0,0.0,EVE(A) TOT(H) MUN(H) SUN(A) LEE(H),0.0,0.0,0.0,0.0,0.0,0.0,0.0,0.0,0.0,0.0,0.0,0.0,0.0,0.0,0.0,0.0,0.0,0.0
158,Gittens,CHE,MID,5.8,i,0,Ankle injury - Unknown return date,0.0,0,0,0,out,0.0,0.0,0.0,EVE(A) TOT(H) MUN(H) SUN(A) LEE(H),0.0,0.0,0.0,0.0,0.0,0.0,0.0,0.0,0.0,0.0,0.0,0.0,0.0,0.0,0.0,0.0,0.0,0.0
163,D.Essugo,CHE,MID,4.5,u,0,Has joined RC Strasbourg on loan for the rest of the season,0.1,0,0,0,out,0.0,0.0,0.0,EVE(A) TOT(H) MUN(H) SUN(A) LEE(H),0.0,0.0,0.0,0.0,0.0,0.0,0.0,0.0,0.0,0.0,0.0,0.0,0.0,0.0,0.0,0.0,0.0,0.0
168,Marc Guiu,CHE,FWD,5.0,u,0,Has joined RB Leipzig permanently,0.2,0,0,0,out,0.0,0.0,0.0,EVE(A) TOT(H) MUN(H) SUN(A) LEE(H),0.0,0.0,0.0,0.0,0.0,0.0,0.0,0.0,0.0,0.0,0.0,0.0,0.0,0.0,0.0,0.0,0.0,0.0
169,Mheuka,CHE,FWD,4.5,a,,,0.5,0,0,0,out,0.0,0.0,0.0,EVE(A) TOT(H) MUN(H) SUN(A) LEE(H),0.0,0.0,0.0,0.0,0.0,0.0,0.0,0.0,0.0,0.0,0.0,0.0,0.0,0.0,0.0,0.0,0.0,0.0
170,Emegha,CHE,FWD,4.9,i,0,Hamstring injury - Expected back 17 Oct,0.1,0,0,0,out,0.0,0.0,0.0,EVE(A) TOT(H) MUN(H) SUN(A) LEE(H),0.0,0.0,0.0,0.0,0.0,0.0,0.0,0.0,0.0,0.0,0.0,0.0,0.0,0.0,0.0,0.0,0.0,0.0
560,Penders,CHE,GK,4.4,a,,,0.1,0,0,0,out,0.0,0.0,0.0,EVE(A) TOT(H) MUN(H) SUN(A) LEE(H),0.0,0.0,0.0,0.0,0.0,0.0,0.0,0.0,0.0,0.0,0.0,0.0,0.0,0.0,0.0,0.0,0.0,0.0
561,Anselmino,CHE,DEF,4.5,a,100,,0.0,0,0,0,out,0.0,0.0,0.0,EVE(A) TOT(H) MUN(H) SUN(A) LEE(H),0.0,0.0,0.0,0.0,0.0,0.0,0.0,0.0,0.0,0.0,0.0,0.0,0.0,0.0,0.0,0.0,0.0,0.0
171,Dovin,COV,GK,4.0,u,0,Has joined Leyton Orient on loan for the rest of the season,0.9,0,0,0,out,0.0,0.0,0.0,TOT(A) FUL(H) SUN(H) EVE(A) CRY(H),0.0,0.0,0.0,0.0,0.0,0.0,0.0,0.0,0.0,0.0,0.0,0.0,0.0,0.0,0.0,0.0,0.0,0.0
172,Wilson,COV,GK,4.4,a,,,0.3,0,0,0,out,0.0,0.0,0.0,TOT(A) FUL(H) SUN(H) EVE(A) CRY(H),0.0,0.0,0.0,0.0,0.0,0.0,0.0,0.0,0.0,0.0,0.0,0.0,0.0,0.0,0.0,0.0,0.0,0.0
174,Kitching,COV,DEF,4.0,u,0,Has joined Sheffield United on loan for the rest of the seas,0.3,0,0,0,out,0.0,0.0,0.0,TOT(A) FUL(H) SUN(H) EVE(A) CRY(H),0.0,0.0,0.0,0.0,0.0,0.0,0.0,0.0,0.0,0.0,0.0,0.0,0.0,0.0,0.0,0.0,0.0,0.0
177,Kesler-Hayden,COV,DEF,3.9,d,50,Hamstring injury - 50% chance of playing,0.0,0,0,0,doubt,0.0,0.0,0.0,TOT(A) FUL(H) SUN(H) EVE(A) CRY(H),0.0,0.0,0.0,0.0,0.0,0.0,0.0,0.0,0.0,0.0,0.0,0.0,0.0,0.0,0.0,0.0,0.0,0.0
178,Bidwell,COV,DEF,4.0,a,,,0.1,0,0,0,out,0.0,0.0,0.0,TOT(A) FUL(H) SUN(H) EVE(A) CRY(H),0.0,0.0,0.0,0.0,0.0,0.0,0.0,0.0,0.0,0.0,0.0,0.0,0.0,0.0,0.0,0.0,0.0,0.0
180,Woolfenden,COV,DEF,3.9,i,0,Knee injury - Unknown return date,0.1,0,0,0,out,0.0,0.0,0.0,TOT(A) FUL(H) SUN(H) EVE(A) CRY(H),0.0,0.0,0.0,0.0,0.0,0.0,0.0,0.0,0.0,0.0,0.0,0.0,0.0,0.0,0.0,0.0,0.0,0.0
181,Brau,COV,DEF,4.0,u,0,Has joined Academico de Viseu on loan for the rest of the se,0.0,0,0,0,out,0.0,0.0,0.0,TOT(A) FUL(H) SUN(H) EVE(A) CRY(H),0.0,0.0,0.0,0.0,0.0,0.0,0.0,0.0,0.0,0.0,0.0,0.0,0.0,0.0,0.0,0.0,0.0,0.0
182,Amenda,COV,DEF,4.0,i,0,Calf injury - Unknown return date,0.5,4,4,360,out,0.0,0.0,0.0,TOT(A) FUL(H) SUN(H) EVE(A) CRY(H),0.0,0.0,0.0,0.0,0.0,0.0,0.0,0.0,0.0,0.0,0.0,0.0,0.0,0.0,0.0,0.0,0.0,0.0
187,Eccles,COV,MID,4.8,i,0,Unspecified injury - Expected back 12 Oct,0.0,0,0,0,out,0.0,0.0,0.0,TOT(A) FUL(H) SUN(H) EVE(A) CRY(H),0.0,0.0,0.0,0.0,0.0,0.0,0.0,0.0,0.0,0.0,0.0,0.0,0.0,0.0,0.0,0.0,0.0,0.0
189,Shepherd,COV,MID,4.4,a,,,0.3,0,0,0,out,0.0,0.0,0.0,TOT(A) FUL(H) SUN(H) EVE(A) CRY(H),0.0,0.0,0.0,0.0,0.0,0.0,0.0,0.0,0.0,0.0,0.0,0.0,0.0,0.0,0.0,0.0,0.0,0.0
191,Borges Rodrigues,COV,MID,4.5,u,0,Has joined Burton Albion on loan for the rest of the season,0.1,0,0,0,out,0.0,0.0,0.0,TOT(A) FUL(H) SUN(H) EVE(A) CRY(H),0.0,0.0,0.0,0.0,0.0,0.0,0.0,0.0,0.0,0.0,0.0,0.0,0.0,0.0,0.0,0.0,0.0,0.0
192,Andrews,COV,MID,4.5,u,0,Has joined Oxford United on loan for the rest of the season,0.2,0,0,0,out,0.0,0.0,0.0,TOT(A) FUL(H) SUN(H) EVE(A) CRY(H),0.0,0.0,0.0,0.0,0.0,0.0,0.0,0.0,0.0,0.0,0.0,0.0,0.0,0.0,0.0,0.0,0.0,0.0
193,Wright,COV,FWD,5.3,i,0,Thigh injury - Unknown return date,0.1,0,0,0,out,0.0,0.0,0.0,TOT(A) FUL(H) SUN(H) EVE(A) CRY(H),0.0,0.0,0.0,0.0,0.0,0.0,0.0,0.0,0.0,0.0,0.0,0.0,0.0,0.0,0.0,0.0,0.0,0.0
196,Markelo,COV,FWD,5.0,u,0,Has joined Shabab Al-Ahli Dubai permanently,0.0,0,0,0,out,0.0,0.0,0.0,TOT(A) FUL(H) SUN(H) EVE(A) CRY(H),0.0,0.0,0.0,0.0,0.0,0.0,0.0,0.0,0.0,0.0,0.0,0.0,0.0,0.0,0.0,0.0,0.0,0.0
197,Bassette,COV,FWD,4.5,u,0,Has joined KVC Westerlo on loan for the rest of the season,0.0,0,0,0,out,0.0,0.0,0.0,TOT(A) FUL(H) SUN(H) EVE(A) CRY(H),0.0,0.0,0.0,0.0,0.0,0.0,0.0,0.0,0.0,0.0,0.0,0.0,0.0,0.0,0.0,0.0,0.0,0.0
492,Awoniyi,COV,FWD,5.4,s,0,Suspended until 19 Oct,0.3,3,3,232,out,0.0,0.0,0.0,TOT(A) FUL(H) SUN(H) EVE(A) CRY(H),0.0,0.0,0.0,0.0,0.0,0.0,0.0,0.0,0.0,0.0,0.0,0.0,0.0,0.0,0.0,0.0,0.0,0.0
623,Bentley,COV,GK,4.0,a,,,0.9,0,0,0,out,0.0,0.0,0.0,TOT(A) FUL(H) SUN(H) EVE(A) CRY(H),0.0,0.0,0.0,0.0,0.0,0.0,0.0,0.0,0.0,0.0,0.0,0.0,0.0,0.0,0.0,0.0,0.0,0.0
655,Gboho,COV,MID,5.5,a,,,0.0,0,0,0,out,0.0,0.0,0.0,TOT(A) FUL(H) SUN(H) EVE(A) CRY(H),0.0,0.0,0.0,0.0,0.0,0.0,0.0,0.0,0.0,0.0,0.0,0.0,0.0,0.0,0.0,0.0,0.0,0.0
153,Disasi,CRY,DEF,4.5,s,0,Suspended until 25 Oct,0.1,1,2,139,out,0.0,0.0,0.0,BHA(A) NEW(H) TOT(A) LIV(H) COV(A),0.0,0.0,0.0,0.0,0.0,0.0,0.0,0.0,0.0,0.0,0.0,0.0,0.0,0.0,0.0,0.0,0.0,0.0
198,Henderson,CRY,GK,4.9,i,0,Foot injury - Expected back 18 Oct,1.2,5,3,270,out,0.0,0.0,0.0,BHA(A) NEW(H) TOT(A) LIV(H) COV(A),0.0,0.0,0.0,0.0,0.0,0.0,0.0,0.0,0.0,0.0,0.0,0.0,0.0,0.0,0.0,0.0,0.0,0.0
205,Sosa,CRY,DEF,4.5,u,0,Has joined FC Cologne on loan for the rest of the season,0.0,0,0,0,out,0.0,0.0,0.0,BHA(A) NEW(H) TOT(A) LIV(H) COV(A),0.0,0.0,0.0,0.0,0.0,0.0,0.0,0.0,0.0,0.0,0.0,0.0,0.0,0.0,0.0,0.0,0.0,0.0
206,Chadi Riad,CRY,DEF,4.3,i,0,Knee injury - Unknown return date,0.0,1,1,72,out,0.0,0.0,0.0,BHA(A) NEW(H) TOT(A) LIV(H) COV(A),0.0,0.0,0.0,0.0,0.0,0.0,0.0,0.0,0.0,0.0,0.0,0.0,0.0,0.0,0.0,0.0,0.0,0.0
215,Devenny,CRY,MID,5.0,u,0,Has joined Stoke City permanently,0.0,0,0,0,out,0.0,0.0,0.0,BHA(A) NEW(H) TOT(A) LIV(H) COV(A),0.0,0.0,0.0,0.0,0.0,0.0,0.0,0.0,0.0,0.0,0.0,0.0,0.0,0.0,0.0,0.0,0.0,0.0
216,Esse,CRY,MID,5.0,u,0,Has joined Millwall on loan for the rest of the season,0.0,0,0,0,out,0.0,0.0,0.0,BHA(A) NEW(H) TOT(A) LIV(H) COV(A),0.0,0.0,0.0,0.0,0.0,0.0,0.0,0.0,0.0,0.0,0.0,0.0,0.0,0.0,0.0,0.0,0.0,0.0
217,M.França,CRY,MID,4.9,u,0,Has joined Alverca on loan for the rest of the season,0.0,0,0,0,out,0.0,0.0,0.0,BHA(A) NEW(H) TOT(A) LIV(H) COV(A),0.0,0.0,0.0,0.0,0.0,0.0,0.0,0.0,0.0,0.0,0.0,0.0,0.0,0.0,0.0,0.0,0.0,0.0
218,Doucouré,CRY,MID,4.8,a,,,0.0,0,0,0,out,0.0,0.0,0.0,BHA(A) NEW(H) TOT(A) LIV(H) COV(A),0.0,0.0,0.0,0.0,0.0,0.0,0.0,0.0,0.0,0.0,0.0,0.0,0.0,0.0,0.0,0.0,0.0,0.0
219,J.Rak-Sakyi,CRY,MID,4.9,u,0,has joined  Kasimpasa on loan for the rest of the seaon.,0.0,0,0,0,out,0.0,0.0,0.0,BHA(A) NEW(H) TOT(A) LIV(H) COV(A),0.0,0.0,0.0,0.0,0.0,0.0,0.0,0.0,0.0,0.0,0.0,0.0,0.0,0.0,0.0,0.0,0.0,0.0
220,Cardines,CRY,DEF,4.5,u,0,Has joined Bristol City on loan for the rest of the season,0.0,0,0,0,out,0.0,0.0,0.0,BHA(A) NEW(H) TOT(A) LIV(H) COV(A),0.0,0.0,0.0,0.0,0.0,0.0,0.0,0.0,0.0,0.0,0.0,0.0,0.0,0.0,0.0,0.0,0.0,0.0
221,Drakes-Thomas,CRY,MID,4.4,a,,,0.1,0,0,0,out,0.0,0.0,0.0,BHA(A) NEW(H) TOT(A) LIV(H) COV(A),0.0,0.0,0.0,0.0,0.0,0.0,0.0,0.0,0.0,0.0,0.0,0.0,0.0,0.0,0.0,0.0,0.0,0.0
223,Mateta,CRY,FWD,6.3,i,0,Hamstring injury - Expected back 18 Oct,1.2,2,1,62,out,0.0,0.0,0.0,BHA(A) NEW(H) TOT(A) LIV(H) COV(A),0.0,0.0,0.0,0.0,0.0,0.0,0.0,0.0,0.0,0.0,0.0,0.0,0.0,0.0,0.0,0.0,0.0,0.0
225,Uche,CRY,FWD,5.0,u,0,has returned to Getafe CF,0.0,0,0,0,out,0.0,0.0,0.0,BHA(A) NEW(H) TOT(A) LIV(H) COV(A),0.0,0.0,0.0,0.0,0.0,0.0,0.0,0.0,0.0,0.0,0.0,0.0,0.0,0.0,0.0,0.0,0.0,0.0
555,Matthews,CRY,GK,4.0,a,,,1.7,0,0,0,out,0.0,0.0,0.0,BHA(A) NEW(H) TOT(A) LIV(H) COV(A),0.0,0.0,0.0,0.0,0.0,0.0,0.0,0.0,0.0,0.0,0.0,0.0,0.0,0.0,0.0,0.0,0.0,0.0
577,Tomiyasu,CRY,DEF,4.4,i,0,Calf injury - Expected back 18 Oct,0.2,3,2,189,out,0.0,0.0,0.0,BHA(A) NEW(H) TOT(A) LIV(H) COV(A),0.0,0.0,0.0,0.0,0.0,0.0,0.0,0.0,0.0,0.0,0.0,0.0,0.0,0.0,0.0,0.0,0.0,0.0
21,Nørgaard,EVE,MID,4.8,d,50,Groin injury - 50% chance of playing,0.0,0,0,0,doubt,0.0,0.0,0.0,CHE(H) ARS(A) NEW(A) COV(H) BRE(A),0.0,0.0,0.0,0.0,0.0,0.0,0.0,0.0,0.0,0.0,0.0,0.0,0.0,0.0,0.0,0.0,0.0,0.0
227,Travers,EVE,GK,5.0,a,,,0.0,0,0,0,out,0.0,0.0,0.0,CHE(H) ARS(A) NEW(A) COV(H) BRE(A),0.0,0.0,0.0,0.0,0.0,0.0,0.0,0.0,0.0,0.0,0.0,0.0,0.0,0.0,0.0,0.0,0.0,0.0
228,King,EVE,GK,4.5,a,,,0.0,0,0,0,out,0.0,0.0,0.0,CHE(H) ARS(A) NEW(A) COV(H) BRE(A),0.0,0.0,0.0,0.0,0.0,0.0,0.0,0.0,0.0,0.0,0.0,0.0,0.0,0.0,0.0,0.0,0.0,0.0
231,Keane,EVE,DEF,4.8,a,,,0.7,0,0,0,out,0.0,0.0,0.0,CHE(H) ARS(A) NEW(A) COV(H) BRE(A),0.0,0.0,0.0,0.0,0.0,0.0,0.0,0.0,0.0,0.0,0.0,0.0,0.0,0.0,0.0,0.0,0.0,0.0
234,Patterson,EVE,DEF,4.5,u,0,Has joined Torino permanently,0.0,0,0,0,out,0.0,0.0,0.0,CHE(H) ARS(A) NEW(A) COV(H) BRE(A),0.0,0.0,0.0,0.0,0.0,0.0,0.0,0.0,0.0,0.0,0.0,0.0,0.0,0.0,0.0,0.0,0.0,0.0
235,Aznou,EVE,DEF,4.0,u,0,Has joined Malaga on loan for the rest of the season,0.1,0,0,0,out,0.0,0.0,0.0,CHE(H) ARS(A) NEW(A) COV(H) BRE(A),0.0,0.0,0.0,0.0,0.0,0.0,0.0,0.0,0.0,0.0,0.0,0.0,0.0,0.0,0.0,0.0,0.0,0.0
248,Beto,EVE,FWD,5.4,u,0,Has joined Fiorentina permanently,0.5,2,0,31,out,0.0,0.0,0.0,CHE(H) ARS(A) NEW(A) COV(H) BRE(A),0.0,0.0,0.0,0.0,0.0,0.0,0.0,0.0,0.0,0.0,0.0,0.0,0.0,0.0,0.0,0.0,0.0,0.0
654,Graham,EVE,MID,4.5,a,,,0.1,0,0,0,out,0.0,0.0,0.0,CHE(H) ARS(A) NEW(A) COV(H) BRE(A),0.0,0.0,0.0,0.0,0.0,0.0,0.0,0.0,0.0,0.0,0.0,0.0,0.0,0.0,0.0,0.0,0.0,0.0
251,Lecomte,FUL,GK,4.0,a,,,1.1,0,0,0,out,0.0,0.0,0.0,HUL(H) COV(A) AVL(A) NEW(H) MCI(A),0.0,0.0,0.0,0.0,0.0,0.0,0.0,0.0,0.0,0.0,0.0,0.0,0.0,0.0,0.0,0.0,0.0,0.0
252,McNally,FUL,GK,4.0,u,0,Has joined York City on loan for the rest of the season,0.1,0,0,0,out,0.0,0.0,0.0,HUL(H) COV(A) AVL(A) NEW(H) MCI(A),0.0,0.0,0.0,0.0,0.0,0.0,0.0,0.0,0.0,0.0,0.0,0.0,0.0,0.0,0.0,0.0,0.0,0.0
266,Cairney,FUL,MID,4.9,i,0,Knee injury - Expected back 17 Oct,0.0,0,0,0,out,0.0,0.0,0.0,HUL(H) COV(A) AVL(A) NEW(H) MCI(A),0.0,0.0,0.0,0.0,0.0,0.0,0.0,0.0,0.0,0.0,0.0,0.0,0.0,0.0,0.0,0.0,0.0,0.0
270,Reed,FUL,MID,4.4,a,,,1.1,0,0,0,out,0.0,0.0,0.0,HUL(H) COV(A) AVL(A) NEW(H) MCI(A),0.0,0.0,0.0,0.0,0.0,0.0,0.0,0.0,0.0,0.0,0.0,0.0,0.0,0.0,0.0,0.0,0.0,0.0
272,Kusi-Asare,FUL,FWD,4.5,a,,,5.1,0,0,0,out,0.0,0.0,0.0,HUL(H) COV(A) AVL(A) NEW(H) MCI(A),0.0,0.0,0.0,0.0,0.0,0.0,0.0,0.0,0.0,0.0,0.0,0.0,0.0,0.0,0.0,0.0,0.0,0.0
610,De Fougerolles,FUL,DEF,4.0,u,0,has joined  Real Salt Lake on loan for the rest of the seaon,0.1,0,0,0,out,0.0,0.0,0.0,HUL(H) COV(A) AVL(A) NEW(H) MCI(A),0.0,0.0,0.0,0.0,0.0,0.0,0.0,0.0,0.0,0.0,0.0,0.0,0.0,0.0,0.0,0.0,0.0,0.0
626,Zepa,FUL,MID,4.4,a,,,0.3,0,0,0,out,0.0,0.0,0.0,HUL(H) COV(A) AVL(A) NEW(H) MCI(A),0.0,0.0,0.0,0.0,0.0,0.0,0.0,0.0,0.0,0.0,0.0,0.0,0.0,0.0,0.0,0.0,0.0,0.0
273,Phillips,HUL,GK,4.0,a,,,1.4,0,0,0,out,0.0,0.0,0.0,FUL(A) BRE(H) IPS(H) ARS(A) BHA(H),0.0,0.0,0.0,0.0,0.0,0.0,0.0,0.0,0.0,0.0,0.0,0.0,0.0,0.0,0.0,0.0,0.0,0.0
274,Butland,HUL,GK,4.4,i,0,Arm injury - Unknown return date,0.1,0,0,0,out,0.0,0.0,0.0,FUL(A) BRE(H) IPS(H) ARS(A) BHA(H),0.0,0.0,0.0,0.0,0.0,0.0,0.0,0.0,0.0,0.0,0.0,0.0,0.0,0.0,0.0,0.0,0.0,0.0
275,Cartwright,HUL,GK,4.0,u,0,Has joined Grimsby Town on loan for the rest of the season,0.0,0,0,0,out,0.0,0.0,0.0,FUL(A) BRE(H) IPS(H) ARS(A) BHA(H),0.0,0.0,0.0,0.0,0.0,0.0,0.0,0.0,0.0,0.0,0.0,0.0,0.0,0.0,0.0,0.0,0.0,0.0
276,Lo-Tutala,HUL,GK,4.0,u,0,Has joined Colchester United on loan for the rest of the sea,0.0,0,0,0,out,0.0,0.0,0.0,FUL(A) BRE(H) IPS(H) ARS(A) BHA(H),0.0,0.0,0.0,0.0,0.0,0.0,0.0,0.0,0.0,0.0,0.0,0.0,0.0,0.0,0.0,0.0,0.0,0.0
278,Hughes,HUL,DEF,3.9,i,0,Groin injury - Unknown return date,0.2,0,0,0,out,0.0,0.0,0.0,FUL(A) BRE(H) IPS(H) ARS(A) BHA(H),0.0,0.0,0.0,0.0,0.0,0.0,0.0,0.0,0.0,0.0,0.0,0.0,0.0,0.0,0.0,0.0,0.0,0.0
281,Drameh,HUL,DEF,4.0,u,0,Has joined Genoa permanently,0.0,2,0,65,out,0.0,0.0,0.0,FUL(A) BRE(H) IPS(H) ARS(A) BHA(H),0.0,0.0,0.0,0.0,0.0,0.0,0.0,0.0,0.0,0.0,0.0,0.0,0.0,0.0,0.0,0.0,0.0,0.0
283,Jacob,HUL,DEF,4.0,u,0,Has joined Newport County on loan until January,0.0,0,0,0,out,0.0,0.0,0.0,FUL(A) BRE(H) IPS(H) ARS(A) BHA(H),0.0,0.0,0.0,0.0,0.0,0.0,0.0,0.0,0.0,0.0,0.0,0.0,0.0,0.0,0.0,0.0,0.0,0.0
284,McCarthy,HUL,DEF,4.0,a,,,0.1,0,0,0,out,0.0,0.0,0.0,FUL(A) BRE(H) IPS(H) ARS(A) BHA(H),0.0,0.0,0.0,0.0,0.0,0.0,0.0,0.0,0.0,0.0,0.0,0.0,0.0,0.0,0.0,0.0,0.0,0.0
287,Millar,HUL,MID,5.0,u,0,Has joined Birmingham on loan for the rest of the season,0.0,6,0,50,out,0.0,0.0,0.0,FUL(A) BRE(H) IPS(H) ARS(A) BHA(H),0.0,0.0,0.0,0.0,0.0,0.0,0.0,0.0,0.0,0.0,0.0,0.0,0.0,0.0,0.0,0.0,0.0,0.0
288,Dowell,HUL,MID,4.4,a,,,0.3,0,0,0,out,0.0,0.0,0.0,FUL(A) BRE(H) IPS(H) ARS(A) BHA(H),0.0,0.0,0.0,0.0,0.0,0.0,0.0,0.0,0.0,0.0,0.0,0.0,0.0,0.0,0.0,0.0,0.0,0.0
291,Matazo,HUL,MID,4.5,i,0,Knee injury - Unknown return date,0.0,0,0,0,out,0.0,0.0,0.0,FUL(A) BRE(H) IPS(H) ARS(A) BHA(H),0.0,0.0,0.0,0.0,0.0,0.0,0.0,0.0,0.0,0.0,0.0,0.0,0.0,0.0,0.0,0.0,0.0,0.0
292,Ömür,HUL,MID,4.9,a,,,0.0,0,0,0,out,0.0,0.0,0.0,FUL(A) BRE(H) IPS(H) ARS(A) BHA(H),0.0,0.0,0.0,0.0,0.0,0.0,0.0,0.0,0.0,0.0,0.0,0.0,0.0,0.0,0.0,0.0,0.0,0.0
293,Kamara,HUL,MID,5.0,u,0,Has joined Portsmouth permanently,0.0,0,0,0,out,0.0,0.0,0.0,FUL(A) BRE(H) IPS(H) ARS(A) BHA(H),0.0,0.0,0.0,0.0,0.0,0.0,0.0,0.0,0.0,0.0,0.0,0.0,0.0,0.0,0.0,0.0,0.0,0.0
294,Zambrano,HUL,MID,4.5,a,100,,0.1,0,0,0,out,0.0,0.0,0.0,FUL(A) BRE(H) IPS(H) ARS(A) BHA(H),0.0,0.0,0.0,0.0,0.0,0.0,0.0,0.0,0.0,0.0,0.0,0.0,0.0,0.0,0.0,0.0,0.0,0.0
296,Akintola,HUL,MID,5.0,u,0,Has joined Omonoia FC permanently,0.0,0,0,0,out,0.0,0.0,0.0,FUL(A) BRE(H) IPS(H) ARS(A) BHA(H),0.0,0.0,0.0,0.0,0.0,0.0,0.0,0.0,0.0,0.0,0.0,0.0,0.0,0.0,0.0,0.0,0.0,0.0
297,Gyabi,HUL,MID,4.4,i,0,Thigh injury - Unknown return date,0.0,0,0,0,out,0.0,0.0,0.0,FUL(A) BRE(H) IPS(H) ARS(A) BHA(H),0.0,0.0,0.0,0.0,0.0,0.0,0.0,0.0,0.0,0.0,0.0,0.0,0.0,0.0,0.0,0.0,0.0,0.0
298,Destan,HUL,FWD,4.5,u,0,Has joined Konyaspor permanently,0.2,0,0,0,out,0.0,0.0,0.0,FUL(A) BRE(H) IPS(H) ARS(A) BHA(H),0.0,0.0,0.0,0.0,0.0,0.0,0.0,0.0,0.0,0.0,0.0,0.0,0.0,0.0,0.0,0.0,0.0,0.0
299,Burstow,HUL,FWD,4.5,u,0,Has joined Sheffield Wednesday on loan for the rest of the s,0.0,0,0,0,out,0.0,0.0,0.0,FUL(A) BRE(H) IPS(H) ARS(A) BHA(H),0.0,0.0,0.0,0.0,0.0,0.0,0.0,0.0,0.0,0.0,0.0,0.0,0.0,0.0,0.0,0.0,0.0,0.0
556,Targett,HUL,DEF,4.0,i,0,Ankle injury - Unknown return date,1.5,1,0,5,out,0.0,0.0,0.0,FUL(A) BRE(H) IPS(H) ARS(A) BHA(H),0.0,0.0,0.0,0.0,0.0,0.0,0.0,0.0,0.0,0.0,0.0,0.0,0.0,0.0,0.0,0.0,0.0,0.0
632,Ansah,HUL,FWD,5.0,i,0,Back injury - Unknown return date,0.0,0,0,0,out,0.0,0.0,0.0,FUL(A) BRE(H) IPS(H) ARS(A) BHA(H),0.0,0.0,0.0,0.0,0.0,0.0,0.0,0.0,0.0,0.0,0.0,0.0,0.0,0.0,0.0,0.0,0.0,0.0
645,Mouzakitis,HUL,MID,5.0,a,,,0.0,0,0,0,out,0.0,0.0,0.0,FUL(A) BRE(H) IPS(H) ARS(A) BHA(H),0.0,0.0,0.0,0.0,0.0,0.0,0.0,0.0,0.0,0.0,0.0,0.0,0.0,0.0,0.0,0.0,0.0,0.0
301,Palmer,IPS,GK,4.0,a,,,3.8,0,0,0,out,0.0,0.0,0.0,MCI(A) NFO(H) HUL(A) BOU(H) TOT(A),0.0,0.0,0.0,0.0,0.0,0.0,0.0,0.0,0.0,0.0,0.0,0.0,0.0,0.0,0.0,0.0,0.0,0.0
302,Button,IPS,GK,4.0,a,,,0.6,0,0,0,out,0.0,0.0,0.0,MCI(A) NFO(H) HUL(A) BOU(H) TOT(A),0.0,0.0,0.0,0.0,0.0,0.0,0.0,0.0,0.0,0.0,0.0,0.0,0.0,0.0,0.0,0.0,0.0,0.0
303,Kipré,IPS,DEF,3.9,a,,,0.9,0,0,0,out,0.0,0.0,0.0,MCI(A) NFO(H) HUL(A) BOU(H) TOT(A),0.0,0.0,0.0,0.0,0.0,0.0,0.0,0.0,0.0,0.0,0.0,0.0,0.0,0.0,0.0,0.0,0.0,0.0
307,Johnson,IPS,DEF,4.0,u,0,Has joined Stoke City on loan for the rest of the season,0.1,0,0,0,out,0.0,0.0,0.0,MCI(A) NFO(H) HUL(A) BOU(H) TOT(A),0.0,0.0,0.0,0.0,0.0,0.0,0.0,0.0,0.0,0.0,0.0,0.0,0.0,0.0,0.0,0.0,0.0,0.0
310,Matusiwa,IPS,MID,4.9,a,100,,0.0,0,0,0,out,0.0,0.0,0.0,MCI(A) NFO(H) HUL(A) BOU(H) TOT(A),0.0,0.0,0.0,0.0,0.0,0.0,0.0,0.0,0.0,0.0,0.0,0.0,0.0,0.0,0.0,0.0,0.0,0.0
311,Burns,IPS,MID,5.0,u,0,Has joined Leicester City permanently,0.0,0,0,0,out,0.0,0.0,0.0,MCI(A) NFO(H) HUL(A) BOU(H) TOT(A),0.0,0.0,0.0,0.0,0.0,0.0,0.0,0.0,0.0,0.0,0.0,0.0,0.0,0.0,0.0,0.0,0.0,0.0
312,Taylor,IPS,MID,4.4,a,100,,0.0,0,0,0,out,0.0,0.0,0.0,MCI(A) NFO(H) HUL(A) BOU(H) TOT(A),0.0,0.0,0.0,0.0,0.0,0.0,0.0,0.0,0.0,0.0,0.0,0.0,0.0,0.0,0.0,0.0,0.0,0.0
314,Ogbene,IPS,MID,4.9,u,0,Has joined Lincoln City on loan until January,0.0,0,0,0,out,0.0,0.0,0.0,MCI(A) NFO(H) HUL(A) BOU(H) TOT(A),0.0,0.0,0.0,0.0,0.0,0.0,0.0,0.0,0.0,0.0,0.0,0.0,0.0,0.0,0.0,0.0,0.0,0.0
315,Fatawu,IPS,MID,5.4,s,0,Suspended until 17 Oct,0.1,8,5,352,out,0.0,0.0,0.0,MCI(A) NFO(H) HUL(A) BOU(H) TOT(A),0.0,0.0,0.0,0.0,0.0,0.0,0.0,0.0,0.0,0.0,0.0,0.0,0.0,0.0,0.0,0.0,0.0,0.0
317,Hirst,IPS,FWD,5.0,u,0,Has joined Stoke City permanently,0.1,0,0,0,out,0.0,0.0,0.0,MCI(A) NFO(H) HUL(A) BOU(H) TOT(A),0.0,0.0,0.0,0.0,0.0,0.0,0.0,0.0,0.0,0.0,0.0,0.0,0.0,0.0,0.0,0.0,0.0,0.0
319,Szmodics,IPS,MID,5.0,u,0,Has joined Derby County on loan for the rest of the season,0.0,0,0,0,out,0.0,0.0,0.0,MCI(A) NFO(H) HUL(A) BOU(H) TOT(A),0.0,0.0,0.0,0.0,0.0,0.0,0.0,0.0,0.0,0.0,0.0,0.0,0.0,0.0,0.0,0.0,0.0,0.0
322,Al-Hamadi,IPS,FWD,5.0,u,0,Has joined Sheffield Wednesday on loan for the rest of the s,0.0,0,0,0,out,0.0,0.0,0.0,MCI(A) NFO(H) HUL(A) BOU(H) TOT(A),0.0,0.0,0.0,0.0,0.0,0.0,0.0,0.0,0.0,0.0,0.0,0.0,0.0,0.0,0.0,0.0,0.0,0.0
324,Mehmeti,IPS,MID,4.8,a,,,0.0,0,0,0,out,0.0,0.0,0.0,MCI(A) NFO(H) HUL(A) BOU(H) TOT(A),0.0,0.0,0.0,0.0,0.0,0.0,0.0,0.0,0.0,0.0,0.0,0.0,0.0,0.0,0.0,0.0,0.0,0.0
554,Van Oevelen,IPS,GK,4.5,u,0,Has joined Valencia on loan for the rest of the season,0.0,0,0,0,out,0.0,0.0,0.0,MCI(A) NFO(H) HUL(A) BOU(H) TOT(A),0.0,0.0,0.0,0.0,0.0,0.0,0.0,0.0,0.0,0.0,0.0,0.0,0.0,0.0,0.0,0.0,0.0,0.0
602,Humphreys,IPS,MID,4.5,u,0,Has joined Huddersfield Town on loan for the rest of the sea,0.0,0,0,0,out,0.0,0.0,0.0,MCI(A) NFO(H) HUL(A) BOU(H) TOT(A),0.0,0.0,0.0,0.0,0.0,0.0,0.0,0.0,0.0,0.0,0.0,0.0,0.0,0.0,0.0,0.0,0.0,0.0
326,Perri,LEE,GK,4.5,u,0,Has joined Torino on loan for the rest of the season,0.3,0,0,0,out,0.0,0.0,0.0,MUN(H) SUN(A) BOU(A) TOT(H) CHE(A),0.0,0.0,0.0,0.0,0.0,0.0,0.0,0.0,0.0,0.0,0.0,0.0,0.0,0.0,0.0,0.0,0.0,0.0
329,Rodon,LEE,DEF,4.3,i,0,Hamstring injury - Expected back 21 Nov,0.6,7,2,123,out,0.0,0.0,0.0,MUN(H) SUN(A) BOU(A) TOT(H) CHE(A),0.0,0.0,0.0,0.0,0.0,0.0,0.0,0.0,0.0,0.0,0.0,0.0,0.0,0.0,0.0,0.0,0.0,0.0
333,Bornauw,LEE,DEF,4.5,u,0,Has joined Hamburg SV on loan for the rest of the season,0.0,0,0,0,out,0.0,0.0,0.0,MUN(H) SUN(A) BOU(A) TOT(H) CHE(A),0.0,0.0,0.0,0.0,0.0,0.0,0.0,0.0,0.0,0.0,0.0,0.0,0.0,0.0,0.0,0.0,0.0,0.0
341,Gnonto,LEE,MID,5.0,u,0,Has joined ACF Fiorentina on loan for the rest of the season,0.0,0,0,0,out,0.0,0.0,0.0,MUN(H) SUN(A) BOU(A) TOT(H) CHE(A),0.0,0.0,0.0,0.0,0.0,0.0,0.0,0.0,0.0,0.0,0.0,0.0,0.0,0.0,0.0,0.0,0.0,0.0
342,Harrison,LEE,MID,5.0,u,0,Has joined New England Revolution permanently,0.0,0,0,0,out,0.0,0.0,0.0,MUN(H) SUN(A) BOU(A) TOT(H) CHE(A),0.0,0.0,0.0,0.0,0.0,0.0,0.0,0.0,0.0,0.0,0.0,0.0,0.0,0.0,0.0,0.0,0.0,0.0
343,James,LEE,MID,4.9,i,0,Back injury - Expected back 18 Oct,0.1,3,0,52,out,0.0,0.0,0.0,MUN(H) SUN(A) BOU(A) TOT(H) CHE(A),0.0,0.0,0.0,0.0,0.0,0.0,0.0,0.0,0.0,0.0,0.0,0.0,0.0,0.0,0.0,0.0,0.0,0.0
344,Gruev,LEE,MID,5.0,a,100,,0.0,0,0,0,out,0.0,0.0,0.0,MUN(H) SUN(A) BOU(A) TOT(H) CHE(A),0.0,0.0,0.0,0.0,0.0,0.0,0.0,0.0,0.0,0.0,0.0,0.0,0.0,0.0,0.0,0.0,0.0,0.0
348,Piroe,LEE,FWD,5.0,u,0,Has joined West Ham United on loan for the rest of the seaso,0.1,0,0,0,out,0.0,0.0,0.0,MUN(H) SUN(A) BOU(A) TOT(H) CHE(A),0.0,0.0,0.0,0.0,0.0,0.0,0.0,0.0,0.0,0.0,0.0,0.0,0.0,0.0,0.0,0.0,0.0,0.0
349,Mateo Joseph,LEE,FWD,4.5,i,0,Knee injury - Unknown return date,0.1,0,0,0,out,0.0,0.0,0.0,MUN(H) SUN(A) BOU(A) TOT(H) CHE(A),0.0,0.0,0.0,0.0,0.0,0.0,0.0,0.0,0.0,0.0,0.0,0.0,0.0,0.0,0.0,0.0,0.0,0.0
603,Lienou,LEE,DEF,4.0,a,,,0.1,0,0,0,out,0.0,0.0,0.0,MUN(H) SUN(A) BOU(A) TOT(H) CHE(A),0.0,0.0,0.0,0.0,0.0,0.0,0.0,0.0,0.0,0.0,0.0,0.0,0.0,0.0,0.0,0.0,0.0,0.0
604,Cresswell,LEE,MID,4.5,a,,,0.1,0,0,0,out,0.0,0.0,0.0,MUN(H) SUN(A) BOU(A) TOT(H) CHE(A),0.0,0.0,0.0,0.0,0.0,0.0,0.0,0.0,0.0,0.0,0.0,0.0,0.0,0.0,0.0,0.0,0.0,0.0
625,Cairns,LEE,GK,4.0,a,,,0.2,0,0,0,out,0.0,0.0,0.0,MUN(H) SUN(A) BOU(A) TOT(H) CHE(A),0.0,0.0,0.0,0.0,0.0,0.0,0.0,0.0,0.0,0.0,0.0,0.0,0.0,0.0,0.0,0.0,0.0,0.0
629,Zetterer,LEE,GK,4.0,a,,,0.7,0,0,0,out,0.0,0.0,0.0,MUN(H) SUN(A) BOU(A) TOT(H) CHE(A),0.0,0.0,0.0,0.0,0.0,0.0,0.0,0.0,0.0,0.0,0.0,0.0,0.0,0.0,0.0,0.0,0.0,0.0
351,Mamardashvili,LIV,GK,4.8,a,,,0.1,0,0,0,out,0.0,0.0,0.0,BRE(A) BHA(H) ARS(H) CRY(A) MUN(H),0.0,0.0,0.0,0.0,0.0,0.0,0.0,0.0,0.0,0.0,0.0,0.0,0.0,0.0,0.0,0.0,0.0,0.0
352,Woodman,LIV,GK,4.0,a,,,1.0,0,0,0,out,0.0,0.0,0.0,BRE(A) BHA(H) ARS(H) CRY(A) MUN(H),0.0,0.0,0.0,0.0,0.0,0.0,0.0,0.0,0.0,0.0,0.0,0.0,0.0,0.0,0.0,0.0,0.0,0.0
353,Pecsi,LIV,GK,4.0,u,0,Has joined TSV Hartberg on loan for the rest of the season,0.0,0,0,0,out,0.0,0.0,0.0,BRE(A) BHA(H) ARS(H) CRY(A) MUN(H),0.0,0.0,0.0,0.0,0.0,0.0,0.0,0.0,0.0,0.0,0.0,0.0,0.0,0.0,0.0,0.0,0.0,0.0
354,Jaros,LIV,GK,4.0,i,0,Knee injury - Unknown return date,0.0,0,0,0,out,0.0,0.0,0.0,BRE(A) BHA(H) ARS(H) CRY(A) MUN(H),0.0,0.0,0.0,0.0,0.0,0.0,0.0,0.0,0.0,0.0,0.0,0.0,0.0,0.0,0.0,0.0,0.0,0.0
355,Davies,LIV,GK,4.0,a,,,0.2,0,0,0,out,0.0,0.0,0.0,BRE(A) BHA(H) ARS(H) CRY(A) MUN(H),0.0,0.0,0.0,0.0,0.0,0.0,0.0,0.0,0.0,0.0,0.0,0.0,0.0,0.0,0.0,0.0,0.0,0.0
359,Gomez,LIV,DEF,4.9,a,100,,0.0,0,0,0,out,0.0,0.0,0.0,BRE(A) BHA(H) ARS(H) CRY(A) MUN(H),0.0,0.0,0.0,0.0,0.0,0.0,0.0,0.0,0.0,0.0,0.0,0.0,0.0,0.0,0.0,0.0,0.0,0.0
360,Bradley,LIV,DEF,5.0,i,0,Knee injury - Unknown return date,0.0,0,0,0,out,0.0,0.0,0.0,BRE(A) BHA(H) ARS(H) CRY(A) MUN(H),0.0,0.0,0.0,0.0,0.0,0.0,0.0,0.0,0.0,0.0,0.0,0.0,0.0,0.0,0.0,0.0,0.0,0.0
361,Lucky,LIV,DEF,4.0,a,,,0.1,0,0,0,out,0.0,0.0,0.0,BRE(A) BHA(H) ARS(H) CRY(A) MUN(H),0.0,0.0,0.0,0.0,0.0,0.0,0.0,0.0,0.0,0.0,0.0,0.0,0.0,0.0,0.0,0.0,0.0,0.0
363,Leoni,LIV,DEF,4.0,i,0,Knee injury - Unknown return date,0.0,0,0,0,out,0.0,0.0,0.0,BRE(A) BHA(H) ARS(H) CRY(A) MUN(H),0.0,0.0,0.0,0.0,0.0,0.0,0.0,0.0,0.0,0.0,0.0,0.0,0.0,0.0,0.0,0.0,0.0,0.0
365,Ramsay,LIV,DEF,4.0,u,0,Has joined St Mirren on loan for the rest of the season,0.1,0,0,0,out,0.0,0.0,0.0,BRE(A) BHA(H) ARS(H) CRY(A) MUN(H),0.0,0.0,0.0,0.0,0.0,0.0,0.0,0.0,0.0,0.0,0.0,0.0,0.0,0.0,0.0,0.0,0.0,0.0
367,Gakpo,LIV,MID,7.2,i,0,Ankle injury - Unknown return date,9.3,32,4,370,out,0.0,0.0,0.0,BRE(A) BHA(H) ARS(H) CRY(A) MUN(H),0.0,0.0,0.0,0.0,0.0,0.0,0.0,0.0,0.0,0.0,0.0,0.0,0.0,0.0,0.0,0.0,0.0,0.0
370,Chiesa,LIV,MID,5.3,d,25,Back injury - 25% chance of playing,0.0,0,0,0,out,0.0,0.0,0.0,BRE(A) BHA(H) ARS(H) CRY(A) MUN(H),0.0,0.0,0.0,0.0,0.0,0.0,0.0,0.0,0.0,0.0,0.0,0.0,0.0,0.0,0.0,0.0,0.0,0.0
373,C.Jones,LIV,MID,5.5,u,0,Has joined Internazionale permanently,0.0,0,0,0,out,0.0,0.0,0.0,BRE(A) BHA(H) ARS(H) CRY(A) MUN(H),0.0,0.0,0.0,0.0,0.0,0.0,0.0,0.0,0.0,0.0,0.0,0.0,0.0,0.0,0.0,0.0,0.0,0.0
374,Endo,LIV,MID,4.9,a,100,,0.1,0,0,0,out,0.0,0.0,0.0,BRE(A) BHA(H) ARS(H) CRY(A) MUN(H),0.0,0.0,0.0,0.0,0.0,0.0,0.0,0.0,0.0,0.0,0.0,0.0,0.0,0.0,0.0,0.0,0.0,0.0
376,Bajcetic,LIV,MID,5.0,u,0,Has joined Celta Vigo permanently,0.0,0,0,0,out,0.0,0.0,0.0,BRE(A) BHA(H) ARS(H) CRY(A) MUN(H),0.0,0.0,0.0,0.0,0.0,0.0,0.0,0.0,0.0,0.0,0.0,0.0,0.0,0.0,0.0,0.0,0.0,0.0
378,McConnell,LIV,MID,4.4,a,,,0.2,0,0,0,out,0.0,0.0,0.0,BRE(A) BHA(H) ARS(H) CRY(A) MUN(H),0.0,0.0,0.0,0.0,0.0,0.0,0.0,0.0,0.0,0.0,0.0,0.0,0.0,0.0,0.0,0.0,0.0,0.0
379,Isak,LIV,FWD,9.1,i,0,Thigh injury - Unknown return date,16.6,33,5,413,out,0.0,0.0,0.0,BRE(A) BHA(H) ARS(H) CRY(A) MUN(H),0.0,0.0,0.0,0.0,0.0,0.0,0.0,0.0,0.0,0.0,0.0,0.0,0.0,0.0,0.0,0.0,0.0,0.0
380,Ekitiké,LIV,FWD,7.4,i,0,Achilles injury - Unknown return date,0.1,0,0,0,out,0.0,0.0,0.0,BRE(A) BHA(H) ARS(H) CRY(A) MUN(H),0.0,0.0,0.0,0.0,0.0,0.0,0.0,0.0,0.0,0.0,0.0,0.0,0.0,0.0,0.0,0.0,0.0,0.0
382,Danns,LIV,FWD,4.5,a,100,,0.2,0,0,0,out,0.0,0.0,0.0,BRE(A) BHA(H) ARS(H) CRY(A) MUN(H),0.0,0.0,0.0,0.0,0.0,0.0,0.0,0.0,0.0,0.0,0.0,0.0,0.0,0.0,0.0,0.0,0.0,0.0
383,Elliott,LIV,MID,5.4,u,0,Has joined Valencia on loan for the rest of the season,0.0,0,0,0,out,0.0,0.0,0.0,BRE(A) BHA(H) ARS(H) CRY(A) MUN(H),0.0,0.0,0.0,0.0,0.0,0.0,0.0,0.0,0.0,0.0,0.0,0.0,0.0,0.0,0.0,0.0,0.0,0.0
386,Bettinelli,MCI,GK,4.5,a,,,0.0,0,0,0,out,0.0,0.0,0.0,IPS(H) AVL(A) BHA(H) NFO(A) FUL(H),0.0,0.0,0.0,0.0,0.0,0.0,0.0,0.0,0.0,0.0,0.0,0.0,0.0,0.0,0.0,0.0,0.0,0.0
392,Aït-Nouri,MCI,DEF,5.2,a,,,0.4,0,0,0,out,0.0,0.0,0.0,IPS(H) AVL(A) BHA(H) NFO(A) FUL(H),0.0,0.0,0.0,0.0,0.0,0.0,0.0,0.0,0.0,0.0,0.0,0.0,0.0,0.0,0.0,0.0,0.0,0.0
394,Alleyne,MCI,DEF,5.0,u,0,Has joined Burnley on loan for the rest of the season,0.0,0,0,0,out,0.0,0.0,0.0,IPS(H) AVL(A) BHA(H) NFO(A) FUL(H),0.0,0.0,0.0,0.0,0.0,0.0,0.0,0.0,0.0,0.0,0.0,0.0,0.0,0.0,0.0,0.0,0.0,0.0
398,Foden,MCI,MID,6.9,s,0,Suspended until 17 Oct,1.5,9,3,217,out,0.0,0.0,0.0,IPS(H) AVL(A) BHA(H) NFO(A) FUL(H),0.0,0.0,0.0,0.0,0.0,0.0,0.0,0.0,0.0,0.0,0.0,0.0,0.0,0.0,0.0,0.0,0.0,0.0
402,Rodrigo,MCI,MID,6.5,u,0,Has joined Barcelona permanently,0.0,0,0,0,out,0.0,0.0,0.0,IPS(H) AVL(A) BHA(H) NFO(A) FUL(H),0.0,0.0,0.0,0.0,0.0,0.0,0.0,0.0,0.0,0.0,0.0,0.0,0.0,0.0,0.0,0.0,0.0,0.0
404,Reijnders,MCI,MID,6.0,u,0,Has joined Al Qadsiah permanently,0.0,0,0,0,out,0.0,0.0,0.0,IPS(H) AVL(A) BHA(H) NFO(A) FUL(H),0.0,0.0,0.0,0.0,0.0,0.0,0.0,0.0,0.0,0.0,0.0,0.0,0.0,0.0,0.0,0.0,0.0,0.0
407,Echeverri,MCI,MID,4.9,u,0,Has joined Benfica on loan for the rest of the season,0.0,0,0,0,out,0.0,0.0,0.0,IPS(H) AVL(A) BHA(H) NFO(A) FUL(H),0.0,0.0,0.0,0.0,0.0,0.0,0.0,0.0,0.0,0.0,0.0,0.0,0.0,0.0,0.0,0.0,0.0,0.0
408,Phillips,MCI,MID,5.0,u,0,Has joined Sheffield United on loan for the rest of the seas,0.0,0,0,0,out,0.0,0.0,0.0,IPS(H) AVL(A) BHA(H) NFO(A) FUL(H),0.0,0.0,0.0,0.0,0.0,0.0,0.0,0.0,0.0,0.0,0.0,0.0,0.0,0.0,0.0,0.0,0.0,0.0
409,Mukasa,MCI,MID,4.5,u,0,has joined West Ham on loan for the rest of the seaon.,0.1,0,0,0,out,0.0,0.0,0.0,IPS(H) AVL(A) BHA(H) NFO(A) FUL(H),0.0,0.0,0.0,0.0,0.0,0.0,0.0,0.0,0.0,0.0,0.0,0.0,0.0,0.0,0.0,0.0,0.0,0.0
410,Monga,MCI,MID,4.9,u,0,Has joined Swansea City on loan for the rest of the season,0.0,0,0,0,out,0.0,0.0,0.0,IPS(H) AVL(A) BHA(H) NFO(A) FUL(H),0.0,0.0,0.0,0.0,0.0,0.0,0.0,0.0,0.0,0.0,0.0,0.0,0.0,0.0,0.0,0.0,0.0,0.0
587,Rulli,MCI,GK,5.0,a,,,0.0,0,0,0,out,0.0,0.0,0.0,IPS(H) AVL(A) BHA(H) NFO(A) FUL(H),0.0,0.0,0.0,0.0,0.0,0.0,0.0,0.0,0.0,0.0,0.0,0.0,0.0,0.0,0.0,0.0,0.0,0.0
628,Allan,MCI,MID,6.0,a,,,0.0,0,0,0,out,0.0,0.0,0.0,IPS(H) AVL(A) BHA(H) NFO(A) FUL(H),0.0,0.0,0.0,0.0,0.0,0.0,0.0,0.0,0.0,0.0,0.0,0.0,0.0,0.0,0.0,0.0,0.0,0.0
653,Samba,MCI,MID,4.5,a,,,0.0,0,0,0,out,0.0,0.0,0.0,IPS(H) AVL(A) BHA(H) NFO(A) FUL(H),0.0,0.0,0.0,0.0,0.0,0.0,0.0,0.0,0.0,0.0,0.0,0.0,0.0,0.0,0.0,0.0,0.0,0.0
131,Baleba,MUN,MID,4.9,a,100,,0.1,0,0,0,out,0.0,0.0,0.0,LEE(A) BOU(H) CHE(A) AVL(H) LIV(A),0.0,0.0,0.0,0.0,0.0,0.0,0.0,0.0,0.0,0.0,0.0,0.0,0.0,0.0,0.0,0.0,0.0,0.0
325,Darlow,MUN,GK,4.5,d,75,Unspecified injury - 75% chance of playing,0.0,0,0,0,out,0.0,0.0,0.0,LEE(A) BOU(H) CHE(A) AVL(H) LIV(A),0.0,0.0,0.0,0.0,0.0,0.0,0.0,0.0,0.0,0.0,0.0,0.0,0.0,0.0,0.0,0.0,0.0,0.0
413,Bayindir,MUN,GK,4.5,u,0,Has joined Celta Vigo on loan for the rest of the season,0.0,0,0,0,out,0.0,0.0,0.0,LEE(A) BOU(H) CHE(A) AVL(H) LIV(A),0.0,0.0,0.0,0.0,0.0,0.0,0.0,0.0,0.0,0.0,0.0,0.0,0.0,0.0,0.0,0.0,0.0,0.0
414,Heaton,MUN,GK,4.0,i,0,Hamstring injury - Unknown return date,0.1,0,0,0,out,0.0,0.0,0.0,LEE(A) BOU(H) CHE(A) AVL(H) LIV(A),0.0,0.0,0.0,0.0,0.0,0.0,0.0,0.0,0.0,0.0,0.0,0.0,0.0,0.0,0.0,0.0,0.0,0.0
415,Dorgu,MUN,MID,5.8,i,0,Hamstring injury - Expected back 25 Oct,0.5,10,2,171,out,0.0,0.0,0.0,LEE(A) BOU(H) CHE(A) AVL(H) LIV(A),0.0,0.0,0.0,0.0,0.0,0.0,0.0,0.0,0.0,0.0,0.0,0.0,0.0,0.0,0.0,0.0,0.0,0.0
416,De Ligt,MUN,DEF,4.9,i,0,Back injury - Unknown return date,0.0,0,0,0,out,0.0,0.0,0.0,LEE(A) BOU(H) CHE(A) AVL(H) LIV(A),0.0,0.0,0.0,0.0,0.0,0.0,0.0,0.0,0.0,0.0,0.0,0.0,0.0,0.0,0.0,0.0,0.0,0.0
424,Amass,MUN,DEF,4.0,a,,,0.2,0,0,0,out,0.0,0.0,0.0,LEE(A) BOU(H) CHE(A) AVL(H) LIV(A),0.0,0.0,0.0,0.0,0.0,0.0,0.0,0.0,0.0,0.0,0.0,0.0,0.0,0.0,0.0,0.0,0.0,0.0
425,Fredricson,MUN,DEF,4.0,u,0,Has joined Lausanne-Sport permanently,0.0,0,0,0,out,0.0,0.0,0.0,LEE(A) BOU(H) CHE(A) AVL(H) LIV(A),0.0,0.0,0.0,0.0,0.0,0.0,0.0,0.0,0.0,0.0,0.0,0.0,0.0,0.0,0.0,0.0,0.0,0.0
431,Amad,MUN,MID,5.7,i,0,Unspecified injury - Unknown return date,0.3,0,0,0,out,0.0,0.0,0.0,LEE(A) BOU(H) CHE(A) AVL(H) LIV(A),0.0,0.0,0.0,0.0,0.0,0.0,0.0,0.0,0.0,0.0,0.0,0.0,0.0,0.0,0.0,0.0,0.0,0.0
433,Ugarte,MUN,MID,5.0,i,0,Knee injury - Unknown return date,0.0,0,0,0,out,0.0,0.0,0.0,LEE(A) BOU(H) CHE(A) AVL(H) LIV(A),0.0,0.0,0.0,0.0,0.0,0.0,0.0,0.0,0.0,0.0,0.0,0.0,0.0,0.0,0.0,0.0,0.0,0.0
434,J.Fletcher,MUN,MID,4.9,a,,,0.0,0,0,0,out,0.0,0.0,0.0,LEE(A) BOU(H) CHE(A) AVL(H) LIV(A),0.0,0.0,0.0,0.0,0.0,0.0,0.0,0.0,0.0,0.0,0.0,0.0,0.0,0.0,0.0,0.0,0.0,0.0
436,Collyer,MUN,MID,5.0,u,0,Has joined West Brom permanently,0.0,0,0,0,out,0.0,0.0,0.0,LEE(A) BOU(H) CHE(A) AVL(H) LIV(A),0.0,0.0,0.0,0.0,0.0,0.0,0.0,0.0,0.0,0.0,0.0,0.0,0.0,0.0,0.0,0.0,0.0,0.0
437,Bendito Mantato,MUN,MID,4.4,a,,,0.2,0,0,0,out,0.0,0.0,0.0,LEE(A) BOU(H) CHE(A) AVL(H) LIV(A),0.0,0.0,0.0,0.0,0.0,0.0,0.0,0.0,0.0,0.0,0.0,0.0,0.0,0.0,0.0,0.0,0.0,0.0
438,Fletcher,MUN,MID,4.4,a,,,0.3,0,0,0,out,0.0,0.0,0.0,LEE(A) BOU(H) CHE(A) AVL(H) LIV(A),0.0,0.0,0.0,0.0,0.0,0.0,0.0,0.0,0.0,0.0,0.0,0.0,0.0,0.0,0.0,0.0,0.0,0.0
439,Šeško,MUN,FWD,7.0,i,0,Shin injury - Expected back 18 Oct,1.4,8,0,76,out,0.0,0.0,0.0,LEE(A) BOU(H) CHE(A) AVL(H) LIV(A),0.0,0.0,0.0,0.0,0.0,0.0,0.0,0.0,0.0,0.0,0.0,0.0,0.0,0.0,0.0,0.0,0.0,0.0
441,Obi,MUN,FWD,4.5,u,0,Has joined Willem II on loan for the rest of the season,0.9,0,0,0,out,0.0,0.0,0.0,LEE(A) BOU(H) CHE(A) AVL(H) LIV(A),0.0,0.0,0.0,0.0,0.0,0.0,0.0,0.0,0.0,0.0,0.0,0.0,0.0,0.0,0.0,0.0,0.0,0.0
442,Pope,NEW,GK,4.9,a,,,0.9,0,0,0,out,0.0,0.0,0.0,AVL(H) CRY(A) EVE(H) FUL(A) ARS(H),0.0,0.0,0.0,0.0,0.0,0.0,0.0,0.0,0.0,0.0,0.0,0.0,0.0,0.0,0.0,0.0,0.0,0.0
443,Gillespie,NEW,GK,4.5,a,,,0.0,0,0,0,out,0.0,0.0,0.0,AVL(H) CRY(A) EVE(H) FUL(A) ARS(H),0.0,0.0,0.0,0.0,0.0,0.0,0.0,0.0,0.0,0.0,0.0,0.0,0.0,0.0,0.0,0.0,0.0,0.0
444,Jaouen,NEW,GK,4.4,i,0,Hamstring injury - Unknown return date,0.0,0,0,0,out,0.0,0.0,0.0,AVL(H) CRY(A) EVE(H) FUL(A) ARS(H),0.0,0.0,0.0,0.0,0.0,0.0,0.0,0.0,0.0,0.0,0.0,0.0,0.0,0.0,0.0,0.0,0.0,0.0
448,Burn,NEW,DEF,4.8,i,0,Ankle injury - Expected back 12 Oct,0.7,0,0,0,out,0.0,0.0,0.0,AVL(H) CRY(A) EVE(H) FUL(A) ARS(H),0.0,0.0,0.0,0.0,0.0,0.0,0.0,0.0,0.0,0.0,0.0,0.0,0.0,0.0,0.0,0.0,0.0,0.0
451,A.Murphy,NEW,DEF,4.0,u,0,Has joined FC Kaiserslautern on loan for the rest of the sea,0.1,0,0,0,out,0.0,0.0,0.0,AVL(H) CRY(A) EVE(H) FUL(A) ARS(H),0.0,0.0,0.0,0.0,0.0,0.0,0.0,0.0,0.0,0.0,0.0,0.0,0.0,0.0,0.0,0.0,0.0,0.0
454,Elanga,NEW,MID,6.1,i,0,Unspecified injury - Unknown return date,3.4,18,3,232,out,0.0,0.0,0.0,AVL(H) CRY(A) EVE(H) FUL(A) ARS(H),0.0,0.0,0.0,0.0,0.0,0.0,0.0,0.0,0.0,0.0,0.0,0.0,0.0,0.0,0.0,0.0,0.0,0.0
456,J.Ramsey,NEW,MID,4.8,i,0,Thigh injury - Unknown return date,0.2,7,0,69,out,0.0,0.0,0.0,AVL(H) CRY(A) EVE(H) FUL(A) ARS(H),0.0,0.0,0.0,0.0,0.0,0.0,0.0,0.0,0.0,0.0,0.0,0.0,0.0,0.0,0.0,0.0,0.0,0.0
458,Joelinton,NEW,MID,5.4,d,75,Unspecified injury - 75% chance of playing,0.0,0,0,0,out,0.0,0.0,0.0,AVL(H) CRY(A) EVE(H) FUL(A) ARS(H),0.0,0.0,0.0,0.0,0.0,0.0,0.0,0.0,0.0,0.0,0.0,0.0,0.0,0.0,0.0,0.0,0.0,0.0
463,Woltemade,NEW,FWD,5.9,u,0,Has joined Juventus on loan for the rest of the season,0.5,4,0,19,out,0.0,0.0,0.0,AVL(H) CRY(A) EVE(H) FUL(A) ARS(H),0.0,0.0,0.0,0.0,0.0,0.0,0.0,0.0,0.0,0.0,0.0,0.0,0.0,0.0,0.0,0.0,0.0,0.0
466,Neave,NEW,FWD,4.5,u,0,Has joined Wolves on loan for the rest of the season,0.5,0,0,0,out,0.0,0.0,0.0,AVL(H) CRY(A) EVE(H) FUL(A) ARS(H),0.0,0.0,0.0,0.0,0.0,0.0,0.0,0.0,0.0,0.0,0.0,0.0,0.0,0.0,0.0,0.0,0.0,0.0
609,Shahar,NEW,DEF,4.0,u,0,has joined Arouca on loan for the rest of the seaon.,0.2,0,0,0,out,0.0,0.0,0.0,AVL(H) CRY(A) EVE(H) FUL(A) ARS(H),0.0,0.0,0.0,0.0,0.0,0.0,0.0,0.0,0.0,0.0,0.0,0.0,0.0,0.0,0.0,0.0,0.0,0.0
659,Miley,NEW,MID,4.5,a,,,0.0,0,0,0,out,0.0,0.0,0.0,AVL(H) CRY(A) EVE(H) FUL(A) ARS(H),0.0,0.0,0.0,0.0,0.0,0.0,0.0,0.0,0.0,0.0,0.0,0.0,0.0,0.0,0.0,0.0,0.0,0.0
663,Pivas,NEW,DEF,4.0,a,,,0.0,0,0,0,out,0.0,0.0,0.0,AVL(H) CRY(A) EVE(H) FUL(A) ARS(H),0.0,0.0,0.0,0.0,0.0,0.0,0.0,0.0,0.0,0.0,0.0,0.0,0.0,0.0,0.0,0.0,0.0,0.0
664,Salia,NEW,FWD,4.5,a,,,0.2,0,0,0,out,0.0,0.0,0.0,AVL(H) CRY(A) EVE(H) FUL(A) ARS(H),0.0,0.0,0.0,0.0,0.0,0.0,0.0,0.0,0.0,0.0,0.0,0.0,0.0,0.0,0.0,0.0,0.0,0.0
665,Mills,NEW,MID,4.5,a,,,0.0,0,0,0,out,0.0,0.0,0.0,AVL(H) CRY(A) EVE(H) FUL(A) ARS(H),0.0,0.0,0.0,0.0,0.0,0.0,0.0,0.0,0.0,0.0,0.0,0.0,0.0,0.0,0.0,0.0,0.0,0.0
666,Thompson,NEW,MID,4.5,a,,,0.0,0,0,0,out,0.0,0.0,0.0,AVL(H) CRY(A) EVE(H) FUL(A) ARS(H),0.0,0.0,0.0,0.0,0.0,0.0,0.0,0.0,0.0,0.0,0.0,0.0,0.0,0.0,0.0,0.0,0.0,0.0
468,John,NFO,GK,4.5,a,,,0.1,0,0,0,out,0.0,0.0,0.0,ARS(H) IPS(A) BRE(A) MCI(H) BOU(A),0.0,0.0,0.0,0.0,0.0,0.0,0.0,0.0,0.0,0.0,0.0,0.0,0.0,0.0,0.0,0.0,0.0,0.0
470,Morato,NFO,DEF,5.0,u,0,Has joined West Ham on loan for the rest of the season,0.0,0,0,0,out,0.0,0.0,0.0,ARS(H) IPS(A) BRE(A) MCI(H) BOU(A),0.0,0.0,0.0,0.0,0.0,0.0,0.0,0.0,0.0,0.0,0.0,0.0,0.0,0.0,0.0,0.0,0.0,0.0
471,Milenković,NFO,DEF,5.4,i,0,Knee injury - Unknown return date,0.9,12,3,270,out,0.0,0.0,0.0,ARS(H) IPS(A) BRE(A) MCI(H) BOU(A),0.0,0.0,0.0,0.0,0.0,0.0,0.0,0.0,0.0,0.0,0.0,0.0,0.0,0.0,0.0,0.0,0.0,0.0
475,Savona,NFO,DEF,4.5,i,0,Knee injury - Unknown return date,0.0,0,0,0,out,0.0,0.0,0.0,ARS(H) IPS(A) BRE(A) MCI(H) BOU(A),0.0,0.0,0.0,0.0,0.0,0.0,0.0,0.0,0.0,0.0,0.0,0.0,0.0,0.0,0.0,0.0,0.0,0.0
476,O.Richards,NFO,DEF,4.0,a,,,0.2,0,0,0,out,0.0,0.0,0.0,ARS(H) IPS(A) BRE(A) MCI(H) BOU(A),0.0,0.0,0.0,0.0,0.0,0.0,0.0,0.0,0.0,0.0,0.0,0.0,0.0,0.0,0.0,0.0,0.0,0.0
477,Abbott,NFO,DEF,4.0,u,0,Has joined Southampton on loan for the rest of the season,0.1,0,0,0,out,0.0,0.0,0.0,ARS(H) IPS(A) BRE(A) MCI(H) BOU(A),0.0,0.0,0.0,0.0,0.0,0.0,0.0,0.0,0.0,0.0,0.0,0.0,0.0,0.0,0.0,0.0,0.0,0.0
479,Bindon,NFO,DEF,4.0,u,0,Has joined Charlton Athletic on loan for the rest of the sea,0.1,0,0,0,out,0.0,0.0,0.0,ARS(H) IPS(A) BRE(A) MCI(H) BOU(A),0.0,0.0,0.0,0.0,0.0,0.0,0.0,0.0,0.0,0.0,0.0,0.0,0.0,0.0,0.0,0.0,0.0,0.0
484,Hutchinson,NFO,MID,5.4,u,0,Has joined AC Milan on loan for the rest of the season,0.1,0,0,0,out,0.0,0.0,0.0,ARS(H) IPS(A) BRE(A) MCI(H) BOU(A),0.0,0.0,0.0,0.0,0.0,0.0,0.0,0.0,0.0,0.0,0.0,0.0,0.0,0.0,0.0,0.0,0.0,0.0
485,Bakwa,NFO,MID,5.5,u,0,Has joined Lille on loan for the rest of the season,0.0,0,0,0,out,0.0,0.0,0.0,ARS(H) IPS(A) BRE(A) MCI(H) BOU(A),0.0,0.0,0.0,0.0,0.0,0.0,0.0,0.0,0.0,0.0,0.0,0.0,0.0,0.0,0.0,0.0,0.0,0.0
489,Yates,NFO,MID,4.4,a,100,,1.1,0,0,0,out,0.0,0.0,0.0,ARS(H) IPS(A) BRE(A) MCI(H) BOU(A),0.0,0.0,0.0,0.0,0.0,0.0,0.0,0.0,0.0,0.0,0.0,0.0,0.0,0.0,0.0,0.0,0.0,0.0
491,Igor Jesus,NFO,FWD,5.8,i,0,Calf injury - Unknown return date,2.1,12,2,257,out,0.0,0.0,0.0,ARS(H) IPS(A) BRE(A) MCI(H) BOU(A),0.0,0.0,0.0,0.0,0.0,0.0,0.0,0.0,0.0,0.0,0.0,0.0,0.0,0.0,0.0,0.0,0.0,0.0
590,Benda,NFO,GK,4.5,a,,,0.1,0,0,0,out,0.0,0.0,0.0,ARS(H) IPS(A) BRE(A) MCI(H) BOU(A),0.0,0.0,0.0,0.0,0.0,0.0,0.0,0.0,0.0,0.0,0.0,0.0,0.0,0.0,0.0,0.0,0.0,0.0
494,Vicario,TOT,GK,4.5,u,0,Has joined Juventus on loan for the rest of the season,0.1,0,0,0,out,0.0,0.0,0.0,COV(H) CHE(A) CRY(H) LEE(A) IPS(H),0.0,0.0,0.0,0.0,0.0,0.0,0.0,0.0,0.0,0.0,0.0,0.0,0.0,0.0,0.0,0.0,0.0,0.0
495,Austin,TOT,GK,4.0,a,,,1.0,0,0,0,out,0.0,0.0,0.0,COV(H) CHE(A) CRY(H) LEE(A) IPS(H),0.0,0.0,0.0,0.0,0.0,0.0,0.0,0.0,0.0,0.0,0.0,0.0,0.0,0.0,0.0,0.0,0.0,0.0
497,Dubravka,TOT,GK,4.0,a,,,17.0,0,0,0,out,0.0,0.0,0.0,COV(H) CHE(A) CRY(H) LEE(A) IPS(H),0.0,0.0,0.0,0.0,0.0,0.0,0.0,0.0,0.0,0.0,0.0,0.0,0.0,0.0,0.0,0.0,0.0,0.0
499,Pedro Porro,TOT,DEF,5.4,i,0,Hamstring injury - Unknown return date,6.3,9,3,198,out,0.0,0.0,0.0,COV(H) CHE(A) CRY(H) LEE(A) IPS(H),0.0,0.0,0.0,0.0,0.0,0.0,0.0,0.0,0.0,0.0,0.0,0.0,0.0,0.0,0.0,0.0,0.0,0.0
500,Romero,TOT,DEF,5.0,u,0,Has joined Atletico Madrid permanently,0.1,0,0,0,out,0.0,0.0,0.0,COV(H) CHE(A) CRY(H) LEE(A) IPS(H),0.0,0.0,0.0,0.0,0.0,0.0,0.0,0.0,0.0,0.0,0.0,0.0,0.0,0.0,0.0,0.0,0.0,0.0
505,Spence,TOT,DEF,4.5,u,0,Has joined Internazionale permanently,0.2,0,0,0,out,0.0,0.0,0.0,COV(H) CHE(A) CRY(H) LEE(A) IPS(H),0.0,0.0,0.0,0.0,0.0,0.0,0.0,0.0,0.0,0.0,0.0,0.0,0.0,0.0,0.0,0.0,0.0,0.0
507,Phillips,TOT,DEF,4.5,u,0,Has joined Middlesbrough permanently,0.0,0,0,0,out,0.0,0.0,0.0,COV(H) CHE(A) CRY(H) LEE(A) IPS(H),0.0,0.0,0.0,0.0,0.0,0.0,0.0,0.0,0.0,0.0,0.0,0.0,0.0,0.0,0.0,0.0,0.0,0.0
508,Davies,TOT,DEF,3.9,a,,,0.9,0,0,0,out,0.0,0.0,0.0,COV(H) CHE(A) CRY(H) LEE(A) IPS(H),0.0,0.0,0.0,0.0,0.0,0.0,0.0,0.0,0.0,0.0,0.0,0.0,0.0,0.0,0.0,0.0,0.0,0.0
509,Byfield,TOT,DEF,4.0,a,,,0.1,0,0,0,out,0.0,0.0,0.0,COV(H) CHE(A) CRY(H) LEE(A) IPS(H),0.0,0.0,0.0,0.0,0.0,0.0,0.0,0.0,0.0,0.0,0.0,0.0,0.0,0.0,0.0,0.0,0.0,0.0
510,Rowswell,TOT,DEF,4.0,a,,,0.1,0,0,0,out,0.0,0.0,0.0,COV(H) CHE(A) CRY(H) LEE(A) IPS(H),0.0,0.0,0.0,0.0,0.0,0.0,0.0,0.0,0.0,0.0,0.0,0.0,0.0,0.0,0.0,0.0,0.0,0.0
511,Souza,TOT,DEF,4.0,u,0,Has joined FC Porto on loan for the rest of the season,0.2,0,0,0,out,0.0,0.0,0.0,COV(H) CHE(A) CRY(H) LEE(A) IPS(H),0.0,0.0,0.0,0.0,0.0,0.0,0.0,0.0,0.0,0.0,0.0,0.0,0.0,0.0,0.0,0.0,0.0,0.0
513,Xavi,TOT,MID,5.9,i,0,Knee injury - Unknown return date,0.0,0,0,0,out,0.0,0.0,0.0,COV(H) CHE(A) CRY(H) LEE(A) IPS(H),0.0,0.0,0.0,0.0,0.0,0.0,0.0,0.0,0.0,0.0,0.0,0.0,0.0,0.0,0.0,0.0,0.0,0.0
517,Odobert,TOT,MID,5.5,i,0,Knee injury - Unknown return date,0.0,0,0,0,out,0.0,0.0,0.0,COV(H) CHE(A) CRY(H) LEE(A) IPS(H),0.0,0.0,0.0,0.0,0.0,0.0,0.0,0.0,0.0,0.0,0.0,0.0,0.0,0.0,0.0,0.0,0.0,0.0
518,P.M.Sarr,TOT,MID,4.9,u,0,Has joined Juventus on loan for the rest of the season,0.1,0,0,0,out,0.0,0.0,0.0,COV(H) CHE(A) CRY(H) LEE(A) IPS(H),0.0,0.0,0.0,0.0,0.0,0.0,0.0,0.0,0.0,0.0,0.0,0.0,0.0,0.0,0.0,0.0,0.0,0.0
521,Kulusevski,TOT,MID,6.5,i,0,Knee injury - Unknown return date,0.0,0,0,0,out,0.0,0.0,0.0,COV(H) CHE(A) CRY(H) LEE(A) IPS(H),0.0,0.0,0.0,0.0,0.0,0.0,0.0,0.0,0.0,0.0,0.0,0.0,0.0,0.0,0.0,0.0,0.0,0.0
523,Moore,TOT,MID,5.0,u,0,Has joined FC Köln on loan for the rest of the season,0.0,3,1,89,out,0.0,0.0,0.0,COV(H) CHE(A) CRY(H) LEE(A) IPS(H),0.0,0.0,0.0,0.0,0.0,0.0,0.0,0.0,0.0,0.0,0.0,0.0,0.0,0.0,0.0,0.0,0.0,0.0
524,Olusesi,TOT,MID,4.4,a,,,0.9,0,0,0,out,0.0,0.0,0.0,COV(H) CHE(A) CRY(H) LEE(A) IPS(H),0.0,0.0,0.0,0.0,0.0,0.0,0.0,0.0,0.0,0.0,0.0,0.0,0.0,0.0,0.0,0.0,0.0,0.0
527,Richarlison,TOT,FWD,5.9,u,0,not included in squad.,0.6,2,1,67,out,0.0,0.0,0.0,COV(H) CHE(A) CRY(H) LEE(A) IPS(H),0.0,0.0,0.0,0.0,0.0,0.0,0.0,0.0,0.0,0.0,0.0,0.0,0.0,0.0,0.0,0.0,0.0,0.0
528,Scarlett,TOT,FWD,4.5,u,0,Has joined Leyton Orient permanently,1.0,0,0,0,out,0.0,0.0,0.0,COV(H) CHE(A) CRY(H) LEE(A) IPS(H),0.0,0.0,0.0,0.0,0.0,0.0,0.0,0.0,0.0,0.0,0.0,0.0,0.0,0.0,0.0,0.0,0.0,0.0
578,Mudryk,TOT,MID,5.3,i,0,Ankle injury - Unknown return date,0.0,1,0,16,out,0.0,0.0,0.0,COV(H) CHE(A) CRY(H) LEE(A) IPS(H),0.0,0.0,0.0,0.0,0.0,0.0,0.0,0.0,0.0,0.0,0.0,0.0,0.0,0.0,0.0,0.0,0.0,0.0
601,Williams-Barnett,TOT,MID,4.5,a,,,0.1,0,0,0,out,0.0,0.0,0.0,COV(H) CHE(A) CRY(H) LEE(A) IPS(H),0.0,0.0,0.0,0.0,0.0,0.0,0.0,0.0,0.0,0.0,0.0,0.0,0.0,0.0,0.0,0.0,0.0,0.0
530,Patterson,SUN,GK,4.0,u,0,Has joined Wrexham permanently,0.1,0,0,0,out,0.0,0.0,0.0,BOU(A) LEE(H) COV(A) CHE(H) AVL(A),0.0,0.0,0.0,0.0,0.0,0.0,0.0,0.0,0.0,0.0,0.0,0.0,0.0,0.0,0.0,0.0,0.0,0.0
531,Ellborg,SUN,GK,4.4,a,,,0.1,0,0,0,out,0.0,0.0,0.0,BOU(A) LEE(H) COV(A) CHE(H) AVL(A),0.0,0.0,0.0,0.0,0.0,0.0,0.0,0.0,0.0,0.0,0.0,0.0,0.0,0.0,0.0,0.0,0.0,0.0
532,Ballard,SUN,DEF,4.9,i,0,Hamstring injury - Unknown return date,1.9,14,5,450,out,0.0,0.0,0.0,BOU(A) LEE(H) COV(A) CHE(H) AVL(A),0.0,0.0,0.0,0.0,0.0,0.0,0.0,0.0,0.0,0.0,0.0,0.0,0.0,0.0,0.0,0.0,0.0,0.0
537,Seelt,SUN,DEF,4.5,u,0,Has joined Swansea City on loan for the rest of the season,0.0,0,0,0,out,0.0,0.0,0.0,BOU(A) LEE(H) COV(A) CHE(H) AVL(A),0.0,0.0,0.0,0.0,0.0,0.0,0.0,0.0,0.0,0.0,0.0,0.0,0.0,0.0,0.0,0.0,0.0,0.0
538,Hjelde,SUN,DEF,4.0,u,0,Has joined KV Mechelen on loan for the rest of the season,0.0,0,0,0,out,0.0,0.0,0.0,BOU(A) LEE(H) COV(A) CHE(H) AVL(A),0.0,0.0,0.0,0.0,0.0,0.0,0.0,0.0,0.0,0.0,0.0,0.0,0.0,0.0,0.0,0.0,0.0,0.0
540,Masuaku,SUN,DEF,4.0,u,0,Has joined Konyaspor permanently,0.1,0,0,0,out,0.0,0.0,0.0,BOU(A) LEE(H) COV(A) CHE(H) AVL(A),0.0,0.0,0.0,0.0,0.0,0.0,0.0,0.0,0.0,0.0,0.0,0.0,0.0,0.0,0.0,0.0,0.0,0.0
543,Diarra,SUN,MID,5.3,i,0,Hamstring injury - Expected back 18 Oct,0.0,5,0,28,out,0.0,0.0,0.0,BOU(A) LEE(H) COV(A) CHE(H) AVL(A),0.0,0.0,0.0,0.0,0.0,0.0,0.0,0.0,0.0,0.0,0.0,0.0,0.0,0.0,0.0,0.0,0.0,0.0
546,Adingra,SUN,MID,4.9,u,0,Has joined Ajax on loan for the rest of the season,0.0,0,0,0,out,0.0,0.0,0.0,BOU(A) LEE(H) COV(A) CHE(H) AVL(A),0.0,0.0,0.0,0.0,0.0,0.0,0.0,0.0,0.0,0.0,0.0,0.0,0.0,0.0,0.0,0.0,0.0,0.0
547,Mundle,SUN,MID,4.8,i,0,Knee injury - Unknown return date,0.0,1,0,1,out,0.0,0.0,0.0,BOU(A) LEE(H) COV(A) CHE(H) AVL(A),0.0,0.0,0.0,0.0,0.0,0.0,0.0,0.0,0.0,0.0,0.0,0.0,0.0,0.0,0.0,0.0,0.0,0.0
552,Brobbey,SUN,FWD,5.7,i,0,Hamstring injury - Expected back 25 Oct,5.7,24,5,399,out,0.0,0.0,0.0,BOU(A) LEE(H) COV(A) CHE(H) AVL(A),0.0,0.0,0.0,0.0,0.0,0.0,0.0,0.0,0.0,0.0,0.0,0.0,0.0,0.0,0.0,0.0,0.0,0.0
613,Ahoka,SUN,MID,4.5,a,,,0.2,0,0,0,out,0.0,0.0,0.0,BOU(A) LEE(H) COV(A) CHE(H) AVL(A),0.0,0.0,0.0,0.0,0.0,0.0,0.0,0.0,0.0,0.0,0.0,0.0,0.0,0.0,0.0,0.0,0.0,0.0
