id,name,team,pos,price,status,chance,news,own_pct,pts_so_far,starts,minutes,tag,p_start,xmins,ep_next,fixtures,xp_gw6,xp_gw7,xp_gw8,xp_gw9,xp_gw10,xp_total,xp_decayed,xp_per_m,c_xp,c_app,c_goals,c_assists,c_cs,c_conceded,c_saves,c_defcon,c_bonus,c_cards
411,Haaland,MCI,FWD,15.6,a,,,73.9,39,5,450,nailed,1.0,90.0,7.5,LIV(A) IPS(H) AVL(A) BHA(H) NFO(A),6.43,9.04,7.24,8.08,6.36,37.15,27.09,1.74,37.16,10.0,16.73,1.57,0.0,0.0,0.0,0.01,8.85,0.0
426,B.Fernandes,MUN,MID,11.9,a,,,38.4,31,5,450,nailed,1.0,90.0,2.0,TOT(H) LEE(A) BOU(H) CHE(A) AVL(H),7.12,5.08,6.84,6.54,6.83,32.41,23.49,1.97,32.41,10.0,13.59,4.16,1.43,0.0,0.0,0.16,3.07,0.0
427,Mbeumo,MUN,MID,7.9,a,,,20.5,25,5,450,nailed,1.0,90.0,2.0,TOT(H) LEE(A) BOU(H) CHE(A) AVL(H),7.15,5.0,6.86,6.55,6.84,32.4,23.48,2.97,32.39,10.0,16.26,2.56,1.43,0.0,0.0,0.07,3.07,-1.0
12,Saka,ARS,MID,9.6,a,,,14.3,32,5,416,nailed,1.0,83.0,5.0,LEE(H) NFO(A) EVE(H) LIV(A) HUL(H),6.55,5.86,6.68,5.85,7.03,31.97,23.15,2.41,31.97,10.0,13.54,2.44,1.95,0.0,0.0,0.25,3.78,0.0
68,Tavernier,BOU,MID,6.1,a,,,6.9,31,5,424,nailed,1.0,85.0,5.0,CHE(A) SUN(H) MUN(A) LEE(H) IPS(A),6.23,7.0,5.67,5.65,6.06,30.61,22.48,3.68,30.62,10.0,9.03,3.01,0.97,0.0,0.0,1.43,8.17,-2.0
124,Groß,BHA,MID,5.9,a,,,30.0,47,5,450,nailed,1.0,90.0,15.5,SUN(A) CRY(H) LIV(A) MCI(A) BRE(H),6.11,6.86,5.08,5.25,5.65,28.95,21.38,3.62,28.94,10.0,8.48,2.47,1.02,0.0,0.0,0.07,8.91,-2.0
229,Tarkowski,EVE,DEF,6.2,a,,,16.9,43,5,450,nailed,1.0,90.0,11.0,HUL(A) CHE(H) ARS(A) NEW(A) COV(H),5.64,5.98,5.04,5.55,7.09,29.3,21.04,3.39,29.3,10.0,1.26,0.16,6.8,-1.7,0.0,5.67,7.11,0.0
480,Gibbs-White,NFO,MID,8.0,a,100,,15.7,28,5,450,nailed,1.0,90.0,5.0,CRY(A) ARS(H) IPS(A) BRE(A) MCI(H),6.01,5.36,6.0,5.05,5.89,28.31,20.67,2.58,28.3,10.0,7.19,3.89,1.35,0.0,0.0,0.01,5.85,0.0
449,Hall,NEW,DEF,5.3,a,,,17.7,31,5,449,nailed,1.0,90.0,6.5,COV(A) AVL(H) CRY(A) EVE(H) FUL(A),5.86,6.01,5.02,5.22,4.92,27.03,19.99,3.77,27.03,10.0,1.55,2.48,4.96,-2.41,0.0,4.39,6.07,0.0
542,E.Le Fée,SUN,MID,5.7,a,,,3.3,18,5,438,nailed,1.0,88.0,2.5,BHA(H) BOU(A) LEE(H) COV(A) CHE(H),5.43,5.02,4.9,5.62,6.42,27.39,19.63,3.44,27.39,10.0,11.02,4.41,0.93,0.0,0.0,0.01,1.03,0.0
249,Barry,EVE,FWD,5.7,a,,,8.4,20,5,417,nailed,1.0,83.0,4.0,HUL(A) CHE(H) ARS(A) NEW(A) COV(H),4.63,6.53,4.2,5.49,6.39,27.24,19.51,3.42,27.25,10.0,14.77,0.44,0.0,0.0,0.0,0.0,2.03,0.0
330,Bogle,LEE,DEF,4.6,a,,,7.5,42,5,365,nailed,1.0,73.0,10.0,ARS(A) MUN(H) SUN(A) BOU(A) TOT(H),4.3,5.71,5.31,5.26,6.88,27.46,19.39,4.21,27.46,10.0,8.3,0.24,6.64,-1.75,0.0,0.02,6.01,-2.0
385,Trafford,LEE,GK,5.0,a,,,5.5,28,5,450,nailed,1.0,90.0,6.5,ARS(A) MUN(H) SUN(A) BOU(A) TOT(H),4.77,5.26,4.98,5.22,6.34,26.57,18.95,3.79,26.57,10.0,0.0,0.0,6.64,-1.75,6.67,0.0,5.01,0.0
335,Stach,LEE,MID,6.0,a,,,2.5,27,5,447,nailed,1.0,89.0,4.0,ARS(A) MUN(H) SUN(A) BOU(A) TOT(H),4.65,5.42,5.27,5.11,5.7,26.15,18.79,3.13,26.15,10.0,4.98,0.9,1.66,0.0,0.0,5.61,3.0,0.0
115,De Cuyper,BHA,DEF,5.0,a,,,28.2,38,5,423,nailed,1.0,85.0,8.5,SUN(A) CRY(H) LIV(A) MCI(A) BRE(H),5.24,6.61,4.34,3.92,4.91,25.02,18.62,3.72,25.02,10.0,9.01,1.91,4.07,-2.94,0.0,0.02,4.95,-2.0
15,Ødegaard,ARS,MID,6.8,a,,,19.9,29,5,377,nailed,1.0,75.0,2.5,LEE(H) NFO(A) EVE(H) LIV(A) HUL(H),5.2,4.81,5.29,4.77,5.5,25.57,18.54,2.73,25.58,10.0,4.56,3.37,1.95,0.0,0.0,0.03,5.67,0.0
94,Schade,BRE,MID,6.2,a,,,12.2,39,5,447,nailed,1.0,89.0,12.0,AVL(A) LIV(H) HUL(A) NFO(H) BHA(A),5.2,5.15,4.86,5.18,4.86,25.25,18.45,2.98,25.25,10.0,6.71,0.78,1.56,0.0,0.0,0.45,5.74,0.0
173,Thomas,COV,DEF,4.0,a,,,8.6,24,5,437,nailed,1.0,87.0,4.5,NEW(H) TOT(A) FUL(H) SUN(H) EVE(A),5.18,5.21,5.28,5.07,4.24,24.98,18.4,4.6,24.98,10.0,3.3,0.99,4.33,-2.68,0.0,5.91,3.13,0.0
40,Rogers,CHE,MID,7.8,a,,,40.9,29,5,437,nailed,1.0,87.0,5.0,BOU(H) EVE(A) TOT(H) MUN(H) SUN(A),5.33,4.1,5.56,5.23,5.01,25.23,18.29,2.35,25.24,10.0,9.06,3.88,1.0,0.0,0.0,0.25,2.04,-1.0
334,Muharemović,LEE,DEF,5.0,a,,,4.3,27,5,450,nailed,1.0,90.0,6.5,ARS(A) MUN(H) SUN(A) BOU(A) TOT(H),4.4,5.04,4.75,4.93,6.14,25.26,17.96,3.59,25.26,10.0,3.01,0.15,6.64,-1.75,0.0,7.21,0.0,0.0
332,Justin,LEE,DEF,4.5,a,,,1.4,26,5,450,nailed,1.0,90.0,5.0,ARS(A) MUN(H) SUN(A) BOU(A) TOT(H),4.34,5.04,4.74,4.9,6.14,25.16,17.88,3.97,25.17,10.0,1.2,1.2,6.64,-1.75,0.0,3.86,4.0,0.0
572,Tzolakis,HUL,GK,4.7,a,,,12.9,34,5,450,nailed,1.0,90.0,4.0,EVE(H) FUL(A) BRE(H) IPS(H) ARS(A),5.19,4.82,4.6,5.21,4.32,24.14,17.72,3.77,24.14,10.0,0.0,0.0,5.63,-2.06,5.67,0.0,5.92,-1.0
388,Guéhi,MCI,DEF,6.0,a,,,18.1,30,5,450,nailed,1.0,90.0,5.0,LIV(A) IPS(H) AVL(A) BHA(H) NFO(A),4.21,5.7,5.24,4.4,4.57,24.12,17.58,2.93,24.11,10.0,5.42,1.14,5.21,-2.3,0.0,0.71,3.93,0.0
305,Davis,IPS,DEF,4.0,a,,,7.0,25,5,450,nailed,1.0,90.0,8.0,FUL(H) MCI(A) NFO(H) HUL(A) BOU(H),5.61,3.19,4.87,4.18,5.36,23.21,16.87,4.22,23.21,10.0,9.46,1.33,4.17,-3.0,0.0,0.25,1.0,0.0
268,King,FUL,MID,5.6,a,,,3.0,24,5,425,nailed,1.0,85.0,2.5,IPS(A) HUL(H) COV(A) AVL(A) NEW(H),4.52,4.51,4.77,4.34,5.18,23.32,16.83,3.0,23.32,10.0,8.34,1.52,1.27,0.0,0.0,0.12,3.07,-1.0
8,Calafiori,ARS,DEF,5.9,a,,,50.6,29,5,416,nailed,1.0,83.0,3.5,LEE(H) NFO(A) EVE(H) LIV(A) HUL(H),4.7,4.39,4.89,4.04,5.15,23.17,16.8,2.85,23.18,10.0,3.25,1.51,7.81,-1.32,0.0,0.04,1.89,0.0
86,Lewis-Potter,BRE,MID,5.5,a,,,1.7,22,5,406,nailed,1.0,81.0,2.0,AVL(A) LIV(H) HUL(A) NFO(H) BHA(A),4.68,4.64,4.38,4.67,4.36,22.73,16.61,3.02,22.72,10.0,5.31,2.12,1.56,0.0,0.0,0.85,2.87,0.0
236,Dewsbury-Hall,EVE,MID,6.6,a,,,5.9,20,5,450,nailed,1.0,90.0,2.5,HUL(A) CHE(H) ARS(A) NEW(A) COV(H),4.15,5.2,3.82,4.58,5.35,23.1,16.59,2.51,23.1,10.0,5.24,2.67,1.7,0.0,0.0,1.43,3.05,-1.0
346,Calvert-Lewin,LEE,FWD,6.0,a,,,24.7,22,5,419,nailed,1.0,84.0,6.0,ARS(A) MUN(H) SUN(A) BOU(A) TOT(H),3.66,5.07,4.87,4.45,5.21,23.26,16.59,2.76,23.26,10.0,11.96,0.28,0.0,0.0,0.0,0.02,4.0,-3.0
316,Emersonn,IPS,FWD,5.5,a,100,,3.7,26,5,317,nailed,1.0,63.0,7.0,FUL(H) MCI(A) NFO(H) HUL(A) BOU(H),5.05,4.23,4.37,4.17,4.85,22.67,16.57,3.01,22.67,10.0,6.39,0.31,0.0,0.0,0.0,0.0,5.97,0.0
379,Isak,LIV,FWD,9.1,d,75,Thigh injury - 75% chance of playing,22.0,33,5,413,likely,0.75,62.0,3.8,MCI(H) BRE(A) BHA(H) ARS(H) CRY(A),4.77,4.03,4.96,4.2,4.8,22.76,16.53,1.82,22.75,7.5,9.94,0.19,0.0,0.0,0.0,0.0,5.87,-0.75
4,Gabriel,ARS,DEF,8.0,a,,,22.7,25,5,450,nailed,1.0,90.0,5.0,LEE(H) NFO(A) EVE(H) LIV(A) HUL(H),4.55,4.3,4.73,3.94,4.96,22.48,16.3,2.04,22.48,10.0,2.51,0.5,7.81,-1.32,0.0,3.08,1.89,-2.0
544,Xhaka,SUN,MID,5.5,a,,,3.6,21,5,450,nailed,1.0,90.0,1.5,BHA(H) BOU(A) LEE(H) COV(A) CHE(H),4.42,4.31,4.28,4.63,4.87,22.51,16.23,2.95,22.5,10.0,0.27,4.2,0.93,0.0,0.0,3.97,5.13,-2.0
1,Raya,ARS,GK,6.1,a,,,42.4,30,5,450,nailed,1.0,90.0,7.5,LEE(H) NFO(A) EVE(H) LIV(A) HUL(H),4.49,4.35,4.66,3.99,4.83,22.32,16.2,2.66,22.32,10.0,0.0,0.0,7.81,-1.32,3.0,0.0,2.84,0.0
391,Gvardiol,MCI,DEF,5.7,a,,,26.9,37,5,434,nailed,1.0,87.0,7.5,LIV(A) IPS(H) AVL(A) BHA(H) NFO(A),3.95,5.13,4.89,3.94,4.32,22.23,16.2,2.84,22.24,10.0,1.38,2.06,5.21,-2.3,0.0,0.98,5.9,-1.0
566,Silva,BOU,DEF,5.0,a,,,0.4,13,5,450,nailed,1.0,90.0,3.0,CHE(A) SUN(H) MUN(A) LEE(H) IPS(A),4.2,5.09,3.89,4.59,4.35,22.12,16.11,3.22,22.12,10.0,5.43,0.96,3.89,-2.97,0.0,6.81,0.0,-2.0
230,Branthwaite,EVE,DEF,5.5,a,,,2.5,27,5,450,nailed,1.0,90.0,7.0,HUL(A) CHE(H) ARS(A) NEW(A) COV(H),4.41,4.41,3.89,4.17,5.54,22.42,16.09,2.93,22.42,10.0,0.94,0.0,6.8,-1.7,0.0,6.37,0.0,0.0
472,Murillo,NFO,DEF,5.5,a,100,,2.1,23,5,449,nailed,1.0,90.0,5.0,CRY(A) ARS(H) IPS(A) BRE(A) MCI(H),4.68,4.55,4.43,3.76,4.17,21.59,15.93,2.9,21.59,10.0,2.22,0.97,5.42,-2.16,0.0,6.14,0.0,-1.0
569,Gonzalo,FUL,FWD,6.0,a,,,4.2,14,5,425,nailed,1.0,85.0,2.0,IPS(A) HUL(H) COV(A) AVL(A) NEW(H),4.29,4.14,4.38,3.99,4.92,21.72,15.67,2.61,21.72,10.0,9.9,1.82,0.0,0.0,0.0,0.0,0.0,0.0
428,Cunha,MUN,MID,7.9,a,,,5.8,26,5,407,nailed,1.0,81.0,6.0,TOT(H) LEE(A) BOU(H) CHE(A) AVL(H),4.63,3.68,4.45,4.24,4.5,21.5,15.61,1.98,21.5,10.0,3.37,2.6,1.43,0.0,0.0,0.0,4.09,0.0
277,Egan,HUL,DEF,4.1,a,,,7.0,26,5,437,nailed,1.0,87.0,1.5,EVE(H) FUL(A) BRE(H) IPS(H) ARS(A),4.62,4.22,4.03,4.52,3.83,21.22,15.59,3.8,21.22,10.0,0.28,0.0,5.63,-2.06,0.0,7.4,0.99,-1.0
368,Szoboszlai,LIV,MID,6.9,a,,,32.4,20,5,440,nailed,1.0,88.0,2.5,MCI(H) BRE(A) BHA(H) ARS(H) CRY(A),4.44,3.83,4.55,4.09,4.55,21.46,15.56,2.25,21.47,10.0,6.64,2.34,1.24,0.0,0.0,1.27,0.98,-1.0
98,Janelt,BRE,MID,5.0,a,,,2.5,28,5,450,nailed,1.0,90.0,3.5,AVL(A) LIV(H) HUL(A) NFO(H) BHA(A),4.36,4.31,4.17,4.36,4.06,21.26,15.53,3.11,21.28,10.0,2.4,1.18,1.56,0.0,0.0,6.26,2.87,-3.0
87,Ajer,BRE,DEF,4.5,a,,,3.9,21,5,450,nailed,1.0,90.0,4.0,AVL(A) LIV(H) HUL(A) NFO(H) BHA(A),4.57,4.31,4.21,4.66,2.95,20.7,15.39,3.42,20.69,10.0,0.79,0.26,6.26,-1.99,0.0,5.42,0.96,-1.0
399,Cherki,MCI,MID,7.8,a,,,28.5,34,4,302,nailed,0.8,60.0,4.5,LIV(A) IPS(H) AVL(A) BHA(H) NFO(A),3.7,4.93,4.17,4.38,3.73,20.91,15.24,1.95,20.91,8.0,3.35,4.4,1.04,0.0,0.0,0.0,4.92,-0.8
226,Pickford,EVE,GK,5.5,a,,,9.2,25,5,450,nailed,1.0,90.0,7.0,HUL(A) CHE(H) ARS(A) NEW(A) COV(H),4.18,4.11,3.68,3.91,5.24,21.12,15.16,2.76,21.12,10.0,0.0,0.0,6.8,-1.7,5.0,0.0,1.02,0.0
350,A.Becker,LIV,GK,5.5,a,,,4.2,27,5,450,nailed,1.0,90.0,8.5,MCI(H) BRE(A) BHA(H) ARS(H) CRY(A),4.14,3.83,3.92,4.6,4.65,21.14,15.16,2.76,21.13,10.0,0.0,0.0,4.96,-2.39,4.67,0.0,4.9,-1.0
483,Ndoye,NFO,MID,5.5,a,,,0.7,15,5,316,nailed,1.0,63.0,1.0,CRY(A) ARS(H) IPS(A) BRE(A) MCI(H),4.4,3.95,4.38,3.69,4.29,20.71,15.13,2.75,20.71,10.0,5.86,2.54,1.35,0.0,0.0,0.01,1.95,-1.0
176,Dasilva,COV,DEF,4.0,a,,,0.7,20,5,444,nailed,1.0,89.0,7.5,NEW(H) TOT(A) FUL(H) SUN(H) EVE(A),4.25,4.23,4.34,4.14,3.21,20.17,14.92,3.73,20.17,10.0,3.35,1.84,4.33,-2.68,0.0,0.19,3.13,0.0
82,Kelleher,BRE,GK,5.0,a,,,6.1,20,5,450,nailed,1.0,90.0,4.5,AVL(A) LIV(H) HUL(A) NFO(H) BHA(A),4.4,4.14,4.09,4.5,2.8,19.93,14.82,2.96,19.94,10.0,0.0,0.0,6.26,-1.99,5.67,0.0,0.0,0.0
464,Wissa,NEW,FWD,6.2,a,,,18.7,15,5,441,nailed,1.0,88.0,1.0,COV(A) AVL(H) CRY(A) EVE(H) FUL(A),4.1,4.21,4.0,3.73,3.97,20.01,14.65,2.36,20.01,10.0,9.74,0.15,0.0,0.0,0.0,0.1,2.02,-2.0
447,Botman,NEW,DEF,5.0,a,,,0.7,15,5,450,nailed,1.0,90.0,3.0,COV(A) AVL(H) CRY(A) EVE(H) FUL(A),4.35,4.44,3.56,3.89,3.48,19.72,14.63,2.93,19.72,10.0,0.31,0.47,4.96,-2.41,0.0,7.4,0.0,-1.0
41,Buendía,AVL,MID,5.9,a,,,1.0,21,5,401,nailed,1.0,80.0,7.0,BRE(H) NEW(A) MCI(H) FUL(H) MUN(A),3.85,4.04,3.94,4.41,3.81,20.05,14.53,2.46,20.05,10.0,4.87,0.7,0.99,0.0,0.0,0.45,3.04,0.0
250,Leno,FUL,GK,4.5,a,,,3.5,18,5,450,nailed,1.0,90.0,6.0,IPS(A) HUL(H) COV(A) AVL(A) NEW(H),3.41,4.21,4.47,4.08,3.96,20.13,14.49,3.22,20.13,10.0,0.0,0.0,5.08,-2.34,5.33,0.0,2.05,0.0
204,Mitchell,CRY,DEF,4.5,a,,,6.1,24,5,419,nailed,1.0,84.0,4.0,NFO(H) BHA(A) NEW(H) TOT(A) LIV(H),4.34,2.57,4.64,4.54,3.98,20.07,14.45,3.21,20.06,10.0,4.72,0.83,4.26,-3.07,0.0,0.32,2.99,0.0
504,Vuskovic,BHA,DEF,5.0,a,,,3.8,32,5,437,nailed,1.0,87.0,7.0,SUN(A) CRY(H) LIV(A) MCI(A) BRE(H),3.89,4.86,3.68,3.09,3.88,19.4,14.33,2.87,19.39,10.0,2.54,0.14,4.07,-2.94,0.0,3.61,1.98,0.0
261,Iwobi,FUL,MID,5.4,a,,,0.7,14,5,408,nailed,1.0,82.0,4.0,IPS(A) HUL(H) COV(A) AVL(A) NEW(H),3.79,3.83,4.01,3.72,4.23,19.58,14.15,2.62,19.59,10.0,2.18,3.93,1.27,0.0,0.0,0.16,2.05,0.0
453,Barnes,NEW,MID,6.1,a,,,6.0,28,5,450,nailed,1.0,90.0,5.5,COV(A) AVL(H) CRY(A) EVE(H) FUL(A),3.98,4.06,3.8,3.7,3.77,19.31,14.14,2.32,19.31,10.0,3.11,1.55,1.24,0.0,0.0,0.37,3.04,0.0
106,Thiago,BRE,FWD,7.8,a,,,9.2,10,5,442,nailed,1.0,88.0,3.0,AVL(A) LIV(H) HUL(A) NFO(H) BHA(A),3.96,3.97,3.63,3.92,3.88,19.36,14.11,1.81,19.36,10.0,10.97,0.39,0.0,0.0,0.0,0.01,0.0,-2.0
469,N.Williams,NFO,DEF,5.0,a,,,8.6,19,5,450,nailed,1.0,90.0,2.0,CRY(A) ARS(H) IPS(A) BRE(A) MCI(H),4.15,3.98,3.9,3.16,3.64,18.83,13.93,2.79,18.84,10.0,2.23,1.67,5.42,-2.16,0.0,0.71,0.98,0.0
591,Enciso,IPS,MID,5.5,a,100,,0.8,15,5,413,nailed,1.0,83.0,2.0,FUL(H) MCI(A) NFO(H) HUL(A) BOU(H),4.36,3.35,3.69,3.42,4.15,18.97,13.87,2.52,18.98,10.0,6.11,2.58,1.04,0.0,0.0,0.25,0.0,-1.0
412,Lammens,MUN,GK,4.9,a,,,9.8,11,5,450,nailed,1.0,90.0,3.0,TOT(H) LEE(A) BOU(H) CHE(A) AVL(H),4.52,3.19,3.87,2.97,4.33,18.88,13.85,2.83,18.89,10.0,0.0,0.0,5.74,-2.18,5.33,0.0,0.0,0.0
279,Ajayi,HUL,DEF,4.2,a,100,,13.9,27,5,423,nailed,1.0,85.0,1.0,EVE(H) FUL(A) BRE(H) IPS(H) ARS(A),4.09,3.79,3.51,4.32,3.08,18.79,13.84,3.3,18.8,10.0,3.78,0.0,5.63,-2.06,0.0,0.49,1.97,-1.0
286,Belloumi,HUL,MID,5.1,a,,,5.3,31,5,394,nailed,1.0,79.0,8.5,EVE(H) FUL(A) BRE(H) IPS(H) ARS(A),3.76,3.82,3.67,4.18,3.34,18.77,13.7,2.69,18.77,10.0,3.35,1.26,1.41,0.0,0.0,1.78,1.97,-1.0
552,Brobbey,SUN,FWD,5.7,d,75,Hamstring injury - 75% chance of playing,6.8,24,5,399,likely,0.75,60.0,6.8,BHA(H) BOU(A) LEE(H) COV(A) CHE(H),3.78,3.46,3.35,3.76,4.38,18.73,13.46,2.36,18.74,7.5,9.46,0.22,0.0,0.0,0.0,0.0,2.31,-0.75
183,Rudoni,COV,MID,4.9,a,100,,0.1,13,4,297,nailed,0.8,59.0,3.5,NEW(H) TOT(A) FUL(H) SUN(H) EVE(A),3.97,3.43,3.91,4.0,2.95,18.26,13.45,2.74,18.26,8.0,5.23,3.81,0.87,0.0,0.0,0.36,0.0,0.0
43,Tielemans,MUN,MID,5.8,a,100,,1.5,14,5,402,nailed,1.0,80.0,3.0,TOT(H) LEE(A) BOU(H) CHE(A) AVL(H),3.94,3.19,3.77,3.58,3.83,18.31,13.31,2.29,18.32,10.0,3.57,1.71,1.43,0.0,0.0,1.6,0.0,0.0
567,Horníček,NEW,GK,5.0,a,,,1.5,14,5,450,nailed,1.0,90.0,2.0,COV(A) AVL(H) CRY(A) EVE(H) FUL(A),3.98,4.06,3.19,3.55,3.11,17.89,13.29,2.66,17.88,10.0,0.0,0.0,4.96,-2.41,6.33,0.0,0.0,-1.0
338,Ampadu,LEE,MID,5.4,a,,,0.9,21,5,450,nailed,1.0,90.0,6.0,ARS(A) MUN(H) SUN(A) BOU(A) TOT(H),3.49,3.67,3.61,3.62,3.9,18.29,13.21,2.45,18.3,10.0,0.5,0.75,1.66,0.0,0.0,5.38,0.0,0.0
165,João Pedro,CHE,FWD,7.7,d,75,Knee injury - 75% chance of playing,64.6,33,4,360,likely,0.6,54.0,4.5,BOU(H) EVE(A) TOT(H) MUN(H) SUN(A),3.8,3.03,3.88,3.79,3.66,18.16,13.15,1.71,18.16,6.0,6.91,0.48,0.0,0.0,0.0,0.0,5.37,-0.6
533,Mukiele,SUN,DEF,5.4,a,100,,1.9,13,4,360,nailed,0.8,72.0,0.0,BHA(H) BOU(A) LEE(H) COV(A) CHE(H),3.08,3.43,3.57,4.3,4.0,18.38,13.02,2.41,18.37,8.0,4.92,0.91,2.97,-2.58,0.0,3.93,1.03,-0.8
356,Virgil,LIV,DEF,6.5,a,,,16.2,25,5,450,nailed,1.0,90.0,8.0,MCI(H) BRE(A) BHA(H) ARS(H) CRY(A),3.55,3.23,3.33,4.01,4.06,18.18,13.01,2.0,18.17,10.0,1.41,0.28,4.96,-2.39,0.0,4.91,0.0,-1.0
60,Hill,BOU,DEF,5.5,a,,,0.8,12,5,450,nailed,1.0,90.0,3.0,CHE(A) SUN(H) MUN(A) LEE(H) IPS(A),3.31,4.03,3.15,3.88,3.52,17.89,12.97,2.36,17.9,10.0,0.0,2.56,3.89,-2.97,0.0,5.42,0.0,-1.0
127,Gomez,BHA,MID,5.0,a,,,3.9,24,5,433,nailed,1.0,87.0,5.5,SUN(A) CRY(H) LIV(A) MCI(A) BRE(H),3.65,4.05,3.21,3.23,3.46,17.6,12.95,2.59,17.61,10.0,3.73,2.24,1.02,0.0,0.0,0.63,0.0,0.0
264,Bobb,FUL,MID,5.5,a,,,0.3,13,5,343,nailed,1.0,69.0,3.0,IPS(A) HUL(H) COV(A) AVL(A) NEW(H),3.46,3.5,3.68,3.4,3.89,17.93,12.95,2.35,17.92,10.0,2.85,3.67,1.27,0.0,0.0,0.13,0.0,0.0
61,Truffert,BOU,DEF,5.4,a,,,3.0,10,5,450,nailed,1.0,90.0,2.5,CHE(A) SUN(H) MUN(A) LEE(H) IPS(A),3.27,3.98,3.11,3.85,3.48,17.69,12.82,2.37,17.69,10.0,0.64,0.96,3.89,-2.97,0.0,4.13,2.04,-1.0
384,Donnarumma,MCI,GK,5.5,a,,,7.6,19,5,450,nailed,1.0,90.0,4.5,LIV(A) IPS(H) AVL(A) BHA(H) NFO(A),3.28,3.79,4.0,2.85,3.66,17.58,12.8,2.33,17.58,10.0,0.0,0.0,5.21,-2.3,4.67,0.0,0.0,0.0
445,Thiaw,NEW,DEF,5.0,a,,,2.2,14,5,450,nailed,1.0,90.0,3.0,COV(A) AVL(H) CRY(A) EVE(H) FUL(A),3.8,3.89,3.01,3.36,2.93,16.99,12.64,2.53,16.98,10.0,0.0,0.31,4.96,-2.41,0.0,4.13,0.0,0.0
467,Sels,NFO,GK,5.0,a,,,1.6,14,5,450,nailed,1.0,90.0,2.5,CRY(A) ARS(H) IPS(A) BRE(A) MCI(H),3.67,3.71,3.41,2.96,3.17,16.92,12.53,2.51,16.93,10.0,0.0,0.0,5.42,-2.16,3.67,0.0,0.0,0.0
390,Rúben,MCI,DEF,5.5,a,,,1.9,17,5,450,nailed,1.0,90.0,3.5,LIV(A) IPS(H) AVL(A) BHA(H) NFO(A),3.01,4.0,3.88,2.88,3.38,17.15,12.5,2.27,17.16,10.0,1.71,2.14,5.21,-2.3,0.0,0.4,0.0,0.0
202,Richards,CRY,DEF,4.9,a,,,0.6,14,5,450,nailed,1.0,90.0,5.0,NFO(H) BHA(A) NEW(H) TOT(A) LIV(H),3.91,2.16,3.69,4.02,3.53,17.31,12.47,2.54,17.31,10.0,0.6,0.15,4.26,-3.07,0.0,6.37,0.0,-1.0
67,Rayan,BOU,MID,6.3,a,,,1.6,10,5,434,nailed,1.0,87.0,2.0,CHE(A) SUN(H) MUN(A) LEE(H) IPS(A),3.41,3.78,3.18,3.24,3.36,16.97,12.42,1.97,16.98,10.0,4.62,1.39,0.97,0.0,0.0,0.0,0.0,0.0
154,Palmer,CHE,MID,9.7,d,75,Muscular injury - 75% chance of playing,25.2,28,5,442,likely,0.75,66.0,2.6,BOU(H) EVE(A) TOT(H) MUN(H) SUN(A),3.57,2.84,3.73,3.5,3.37,17.01,12.34,1.27,17.0,7.5,5.3,1.89,0.75,0.0,0.0,0.01,2.3,-0.75
304,O'Shea,IPS,DEF,4.0,a,,,2.6,10,5,450,nailed,1.0,90.0,1.5,FUL(H) MCI(A) NFO(H) HUL(A) BOU(H),3.79,2.32,3.85,3.38,3.77,17.11,12.34,3.08,17.12,10.0,0.3,0.74,4.17,-3.0,0.0,4.91,0.0,0.0
110,Rushworth,COV,GK,4.5,a,,,0.8,16,5,450,nailed,1.0,90.0,5.5,NEW(H) TOT(A) FUL(H) SUN(H) EVE(A),3.37,3.7,3.51,3.23,2.94,16.75,12.33,2.74,16.74,10.0,0.0,0.0,4.33,-2.68,3.0,0.0,2.09,0.0
258,Castagne,FUL,DEF,4.5,a,,,1.0,20,5,408,nailed,1.0,82.0,3.5,IPS(A) HUL(H) COV(A) AVL(A) NEW(H),2.79,3.53,3.88,3.33,3.6,17.13,12.26,2.72,17.13,10.0,4.36,1.31,5.08,-2.34,0.0,0.71,0.0,-2.0
88,Kayode,BRE,DEF,4.6,a,,,7.6,23,4,294,nailed,0.8,59.0,3.5,AVL(A) LIV(H) HUL(A) NFO(H) BHA(A),3.65,3.44,3.27,3.71,2.33,16.4,12.21,2.65,16.4,8.0,2.91,1.11,5.01,-1.59,0.0,0.01,0.96,0.0
481,Anderson,MCI,MID,6.3,a,100,,4.0,15,5,413,nailed,1.0,83.0,3.5,LIV(A) IPS(H) AVL(A) BHA(H) NFO(A),3.18,3.56,3.4,3.3,3.24,16.68,12.14,1.93,16.67,10.0,0.44,1.96,1.3,0.0,0.0,3.97,0.0,-1.0
366,Wirtz,LIV,MID,7.3,a,,,5.7,18,5,402,nailed,1.0,80.0,4.5,MCI(H) BRE(A) BHA(H) ARS(H) CRY(A),3.4,3.01,3.46,3.22,3.51,16.6,12.03,1.65,16.6,10.0,4.61,1.13,1.24,0.0,0.0,0.63,0.0,-1.0
503,Van de Ven,TOT,DEF,5.0,a,100,,3.8,16,4,360,nailed,0.8,72.0,3.5,MUN(A) COV(H) CHE(A) CRY(H) LEE(A),2.62,4.46,2.86,3.81,2.64,16.39,11.96,2.39,16.39,8.0,3.89,0.13,3.73,-2.21,0.0,0.57,3.08,-0.8
367,Gakpo,LIV,MID,7.2,d,75,Ankle injury - 75% chance of playing,12.0,32,4,370,likely,0.6,56.0,1.5,MCI(H) BRE(A) BHA(H) ARS(H) CRY(A),3.39,2.93,3.49,3.11,3.47,16.39,11.88,1.65,16.39,6.0,2.31,3.64,0.74,0.0,0.0,0.02,3.67,0.0
282,Giles,HUL,DEF,4.0,a,,,2.9,24,5,444,nailed,1.0,89.0,2.0,EVE(H) FUL(A) BRE(H) IPS(H) ARS(A),3.58,3.21,2.98,3.59,2.7,16.06,11.85,2.96,16.06,10.0,0.0,1.28,5.63,-2.06,0.0,0.25,1.97,-1.0
565,M.Sangaré,BRE,MID,5.6,a,,,9.7,22,4,321,nailed,0.8,64.0,2.0,AVL(A) LIV(H) HUL(A) NFO(H) BHA(A),3.29,3.25,3.11,3.29,3.05,15.99,11.68,2.09,15.99,8.0,1.71,1.68,1.25,0.0,0.0,2.07,2.87,-1.6
254,Robinson,FUL,DEF,4.5,a,,,1.5,12,5,429,nailed,1.0,86.0,4.0,IPS(A) HUL(H) COV(A) AVL(A) NEW(H),2.61,3.39,3.68,3.23,3.25,16.16,11.59,2.57,16.18,10.0,1.53,0.92,5.08,-2.34,0.0,0.98,0.0,0.0
455,Tonali,TOT,MID,5.3,a,100,,1.8,14,5,427,nailed,1.0,85.0,2.5,MUN(A) COV(H) CHE(A) CRY(H) LEE(A),2.98,3.55,3.11,3.37,2.88,15.89,11.59,2.19,15.87,10.0,1.28,2.0,1.17,0.0,0.0,1.43,0.0,0.0
109,Verbruggen,BHA,GK,4.5,a,,,21.6,23,5,450,nailed,1.0,90.0,7.0,SUN(A) CRY(H) LIV(A) MCI(A) BRE(H),3.08,3.93,3.08,2.44,3.17,15.7,11.58,2.57,15.71,10.0,0.0,0.58,4.07,-2.94,4.0,0.0,0.0,0.0
259,Diop,IPS,DEF,4.0,a,,,12.6,12,5,450,nailed,1.0,90.0,2.5,FUL(H) MCI(A) NFO(H) HUL(A) BOU(H),3.56,2.12,3.64,3.18,3.54,16.04,11.56,2.89,16.04,10.0,0.3,0.44,4.17,-3.0,0.0,4.13,0.0,0.0
496,Kinsky,TOT,GK,4.5,a,,,17.1,18,5,450,nailed,1.0,90.0,4.5,MUN(A) COV(H) CHE(A) CRY(H) LEE(A),2.55,4.32,2.62,3.58,2.84,15.91,11.56,2.57,15.9,10.0,0.0,0.0,4.66,-2.76,4.0,0.0,0.0,0.0
597,Suzuki,AVL,GK,5.0,a,,,1.9,16,4,360,nailed,0.8,72.0,2.0,BRE(H) NEW(A) MCI(H) FUL(H) MUN(A),3.13,3.19,2.95,3.72,2.88,15.87,11.53,2.31,15.87,8.0,0.0,0.0,3.17,-2.35,4.0,0.0,3.04,0.0
138,Kostoulas,BHA,FWD,5.6,a,,,4.8,28,4,353,nailed,0.8,71.0,10.0,SUN(A) CRY(H) LIV(A) MCI(A) BRE(H),3.28,3.56,2.81,2.93,3.06,15.64,11.51,2.06,15.64,8.0,5.17,0.23,0.0,0.0,0.0,0.08,2.97,-0.8
586,Mendy,HUL,DEF,4.1,a,100,,6.2,25,4,249,nailed,0.8,50.0,0.5,EVE(H) FUL(A) BRE(H) IPS(H) ARS(A),3.39,3.11,2.91,3.45,2.65,15.51,11.42,2.79,15.52,8.0,1.84,0.04,4.5,-1.65,0.0,1.81,0.98,0.0
605,Yalcouyé,BHA,MID,4.5,a,,,3.9,20,3,236,likely,0.6,47.0,4.5,SUN(A) CRY(H) LIV(A) MCI(A) BRE(H),3.25,3.69,2.65,2.75,2.98,15.32,11.33,2.52,15.33,6.0,6.48,1.26,0.61,0.0,0.0,0.0,0.98,0.0
418,Maguire,MUN,DEF,4.8,a,,,8.5,10,5,450,nailed,1.0,90.0,1.5,TOT(H) LEE(A) BOU(H) CHE(A) AVL(H),3.87,2.28,3.19,2.27,3.64,15.25,11.19,2.33,15.26,10.0,1.28,1.44,5.74,-2.18,0.0,0.98,0.0,-2.0
460,Willock,NEW,MID,5.0,a,,,0.6,22,3,284,likely,0.6,57.0,5.5,COV(A) AVL(H) CRY(A) EVE(H) FUL(A),3.1,3.18,2.96,2.83,2.94,15.01,11.0,2.2,15.01,6.0,4.25,0.98,0.74,0.0,0.0,0.0,3.04,0.0
112,Van Hecke,TOT,DEF,4.9,d,75,Foot injury - 75% chance of playing,6.4,24,5,450,likely,0.75,68.0,5.2,MUN(A) COV(H) CHE(A) CRY(H) LEE(A),2.38,4.11,2.61,3.5,2.39,14.99,10.94,2.23,14.98,7.5,3.4,0.97,3.5,-2.07,0.0,0.89,1.54,-0.75
242,George,EVE,MID,5.5,a,,,0.9,19,4,309,nailed,0.8,62.0,2.0,HUL(A) CHE(H) ARS(A) NEW(A) COV(H),2.83,3.27,2.66,3.0,3.42,15.18,10.93,1.99,15.19,8.0,1.8,0.97,1.36,0.0,0.0,0.0,3.05,0.0
237,Ndiaye,MCI,MID,5.8,a,,,6.6,22,4,385,nailed,0.8,77.0,3.0,LIV(A) IPS(H) AVL(A) BHA(H) NFO(A),2.78,3.33,3.03,3.03,2.82,14.99,10.92,1.88,14.99,8.0,1.83,1.71,1.04,0.0,0.0,1.43,0.98,0.0
45,McGinn,AVL,MID,5.4,a,,,2.2,17,5,434,nailed,1.0,87.0,6.0,BRE(H) NEW(A) MCI(H) FUL(H) MUN(A),2.87,3.02,2.93,3.33,2.83,14.98,10.86,2.01,14.98,10.0,4.02,0.75,0.99,0.0,0.0,0.2,1.01,-2.0
486,McAtee,NFO,MID,5.5,a,,,0.1,12,5,416,nailed,1.0,83.0,2.5,CRY(A) ARS(H) IPS(A) BRE(A) MCI(H),3.1,2.88,3.07,2.69,3.0,14.74,10.77,1.96,14.75,10.0,1.71,2.7,1.35,0.0,0.0,0.98,0.0,-2.0
105,Anthony,BRE,MID,5.9,a,,,0.2,15,3,267,likely,0.6,53.0,5.5,AVL(A) LIV(H) HUL(A) NFO(H) BHA(A),3.04,3.01,2.8,3.02,2.83,14.7,10.74,1.82,14.69,6.0,5.01,1.39,0.94,0.0,0.0,0.04,1.9,-0.6
257,Bassey,FUL,DEF,4.5,a,,,0.7,15,5,450,nailed,1.0,90.0,6.0,IPS(A) HUL(H) COV(A) AVL(A) NEW(H),2.33,3.12,3.4,2.98,2.93,14.76,10.57,2.35,14.76,10.0,0.96,0.32,5.08,-2.34,0.0,0.71,1.02,-1.0
214,Kamada,CRY,MID,5.0,a,,,0.5,21,5,441,nailed,1.0,88.0,5.5,NFO(H) BHA(A) NEW(H) TOT(A) LIV(H),2.89,2.66,3.17,2.97,2.84,14.53,10.54,2.11,14.53,10.0,2.44,1.17,1.07,0.0,0.0,0.86,0.0,-1.0
57,Petrović,BOU,GK,4.5,a,,,2.9,9,5,450,nailed,1.0,90.0,1.5,CHE(A) SUN(H) MUN(A) LEE(H) IPS(A),2.63,3.23,2.55,3.31,2.86,14.58,10.53,2.34,14.59,10.0,0.0,0.0,3.89,-2.97,3.67,0.0,0.0,0.0
79,Evanilson,BOU,FWD,6.0,a,,,3.2,18,5,424,nailed,1.0,85.0,3.5,CHE(A) SUN(H) MUN(A) LEE(H) IPS(A),2.93,3.17,2.73,2.68,2.85,14.36,10.53,1.75,14.36,10.0,3.61,1.66,0.0,0.0,0.0,0.1,0.0,-1.0
37,Lindelöf,AVL,DEF,4.5,a,,,0.3,8,5,450,nailed,1.0,90.0,1.0,BRE(H) NEW(A) MCI(H) FUL(H) MUN(A),2.79,2.92,2.61,3.67,2.48,14.47,10.49,2.33,14.47,10.0,2.81,0.47,3.97,-2.93,0.0,0.15,0.0,0.0
156,Neto,CHE,MID,6.5,a,,,1.4,14,4,332,nailed,0.8,66.0,2.0,BOU(H) EVE(A) TOT(H) MUN(H) SUN(A),2.99,2.47,3.13,2.92,2.82,14.33,10.41,1.6,14.33,8.0,3.54,1.89,0.8,0.0,0.0,0.1,0.0,0.0
541,Meunier,SUN,DEF,4.5,a,100,,0.3,14,5,396,nailed,1.0,79.0,2.5,BHA(H) BOU(A) LEE(H) COV(A) CHE(H),2.18,2.73,2.94,3.72,3.13,14.7,10.31,2.29,14.7,10.0,2.28,1.85,3.71,-3.22,0.0,0.08,0.0,0.0
210,Wharton,CRY,MID,5.4,a,100,,0.7,12,5,436,nailed,1.0,87.0,2.0,NFO(H) BHA(A) NEW(H) TOT(A) LIV(H),2.77,2.54,2.94,2.83,2.72,13.8,10.01,1.85,13.79,10.0,0.72,1.73,1.07,0.0,0.0,1.27,0.0,-1.0
233,Mykolenko,EVE,DEF,4.6,d,75,Leg injury - 75% chance of playing,4.1,27,5,450,likely,0.75,68.0,6.0,HUL(A) CHE(H) ARS(A) NEW(A) COV(H),2.71,2.79,2.3,2.57,3.63,14.0,10.01,2.18,14.01,7.5,0.24,0.35,5.1,-1.28,0.0,0.55,2.29,-0.75
28,Martinez,CHE,GK,5.0,a,,,4.7,9,4,360,nailed,0.8,72.0,2.0,BOU(H) EVE(A) TOT(H) MUN(H) SUN(A),2.88,2.48,3.43,2.48,2.27,13.54,9.98,2.0,13.56,8.0,0.0,0.0,3.19,-2.43,4.8,0.0,0.0,0.0
280,Coyle,HUL,DEF,4.0,a,100,,0.7,14,5,348,nailed,1.0,70.0,1.0,EVE(H) FUL(A) BRE(H) IPS(H) ARS(A),3.07,2.67,2.47,2.99,2.25,13.45,9.95,2.49,13.45,10.0,0.67,0.22,5.63,-2.06,0.0,0.0,0.0,-1.0
397,Semenyo,MCI,MID,8.4,d,75,Ankle injury - 75% chance of playing,15.0,33,5,450,likely,0.75,68.0,7.5,LIV(A) IPS(H) AVL(A) BHA(H) NFO(A),2.5,3.08,2.76,2.78,2.54,13.66,9.95,1.18,13.66,7.5,1.25,2.46,0.98,0.0,0.0,0.0,1.48,0.0
516,Bentancur,TOT,MID,5.5,a,,,0.2,15,4,370,nailed,0.8,74.0,3.5,MUN(A) COV(H) CHE(A) CRY(H) LEE(A),2.63,2.91,2.65,2.79,2.65,13.63,9.92,1.8,13.64,8.0,0.0,0.4,0.93,0.0,0.0,4.3,0.0,0.0
200,Lacroix,CHE,DEF,5.9,a,,,6.8,13,4,364,nailed,0.8,73.0,2.0,BOU(H) EVE(A) TOT(H) MUN(H) SUN(A),2.88,2.33,3.44,2.47,2.24,13.36,9.84,1.67,13.36,8.0,1.04,0.65,3.19,-2.43,0.0,3.72,0.0,-0.8
551,N.Angulo,SUN,MID,5.0,a,,,0.1,16,5,313,nailed,1.0,63.0,3.0,BHA(H) BOU(A) LEE(H) COV(A) CHE(H),2.63,2.6,2.6,2.85,2.93,13.61,9.8,1.96,13.61,10.0,3.19,0.45,0.93,0.0,0.0,0.04,0.0,-1.0
290,Slater,HUL,MID,4.5,a,,,5.2,15,5,437,nailed,1.0,87.0,2.0,EVE(H) FUL(A) BRE(H) IPS(H) ARS(A),2.72,2.7,2.62,2.91,2.44,13.39,9.78,2.17,13.38,10.0,0.93,1.67,1.41,0.0,0.0,0.37,0.0,-1.0
244,Armstrong,EVE,MID,5.0,a,100,,0.4,16,5,446,nailed,1.0,89.0,2.5,HUL(A) CHE(H) ARS(A) NEW(A) COV(H),2.54,2.83,2.38,2.63,3.04,13.42,9.67,1.93,13.42,10.0,1.04,1.56,1.7,0.0,0.0,1.12,0.0,-2.0
10,White,ARS,DEF,5.5,d,75,Groin injury - 75% chance of playing,4.8,21,4,315,likely,0.6,47.0,0.4,LEE(H) NFO(A) EVE(H) LIV(A) HUL(H),2.67,2.53,2.78,2.32,2.91,13.21,9.58,1.74,13.21,6.0,0.66,0.53,4.68,-0.79,0.0,0.0,2.13,0.0
545,Sadiki,SUN,MID,4.9,a,,,0.2,10,5,410,nailed,1.0,82.0,2.0,BHA(H) BOU(A) LEE(H) COV(A) CHE(H),2.56,2.55,2.55,2.78,2.83,13.27,9.56,1.95,13.28,10.0,2.46,0.74,0.93,0.0,0.0,0.16,0.0,-1.0
184,Grimes,COV,MID,4.9,a,,,0.1,11,5,443,nailed,1.0,89.0,2.5,NEW(H) TOT(A) FUL(H) SUN(H) EVE(A),2.63,2.63,2.65,2.62,2.47,13.0,9.49,1.94,12.99,10.0,0.56,0.5,1.08,0.0,0.0,0.85,0.0,0.0
26,Havertz,ARS,FWD,7.6,d,75,Hamstring injury - 75% chance of playing,8.0,19,5,437,likely,0.75,66.0,1.1,LEE(H) NFO(A) EVE(H) LIV(A) HUL(H),2.66,2.45,2.69,2.47,2.79,13.06,9.47,1.25,13.05,7.5,4.15,0.73,0.0,0.0,0.0,0.0,1.42,-0.75
114,Boscagli,BHA,DEF,4.5,a,,,0.3,19,5,437,nailed,1.0,87.0,6.0,SUN(A) CRY(H) LIV(A) MCI(A) BRE(H),2.51,3.41,2.41,1.79,2.55,12.67,9.41,2.09,12.67,10.0,0.28,1.55,4.07,-2.94,0.0,0.71,0.0,-1.0
502,Robertson,TOT,DEF,4.4,a,,,2.5,17,4,366,nailed,0.8,73.0,5.5,MUN(A) COV(H) CHE(A) CRY(H) LEE(A),1.99,3.62,2.14,3.0,2.11,12.86,9.37,2.13,12.85,8.0,0.79,1.45,3.73,-2.21,0.0,0.07,1.03,0.0
564,Scherpen,IPS,GK,4.5,a,,,0.6,7,4,360,nailed,0.8,72.0,0.5,FUL(H) MCI(A) NFO(H) HUL(A) BOU(H),2.83,1.74,2.94,2.59,2.84,12.94,9.32,2.07,12.94,8.0,0.0,0.0,3.33,-2.4,4.0,0.0,0.0,0.0
419,Martinez,MUN,DEF,4.9,a,100,,1.3,6,4,360,nailed,0.8,72.0,1.0,TOT(H) LEE(A) BOU(H) CHE(A) AVL(H),3.18,1.95,2.64,1.91,3.01,12.69,9.31,1.9,12.7,8.0,1.28,0.51,4.59,-1.75,0.0,0.07,0.0,0.0
47,Kamara,AVL,MID,5.0,a,100,,0.3,15,5,443,nailed,1.0,89.0,4.0,BRE(H) NEW(A) MCI(H) FUL(H) MUN(A),2.49,2.52,2.47,2.67,2.44,12.59,9.15,1.83,12.59,10.0,0.51,0.46,0.99,0.0,0.0,0.63,0.0,0.0
161,Lavia,CHE,MID,5.0,a,,,0.2,11,4,258,nailed,0.8,52.0,1.0,BOU(H) EVE(A) TOT(H) MUN(H) SUN(A),2.61,2.19,2.75,2.54,2.46,12.55,9.12,1.82,12.55,8.0,3.91,0.4,0.8,0.0,0.0,0.18,0.06,-0.8
423,Shaw,MUN,DEF,4.3,a,100,,7.6,9,4,335,nailed,0.8,67.0,1.0,TOT(H) LEE(A) BOU(H) CHE(A) AVL(H),3.12,1.85,2.58,1.85,2.94,12.34,9.05,2.11,12.34,8.0,0.24,1.9,4.59,-1.75,0.0,0.16,0.0,-0.8
417,Dalot,MUN,DEF,4.9,a,,,1.6,8,4,346,nailed,0.8,69.0,2.0,TOT(H) LEE(A) BOU(H) CHE(A) AVL(H),3.11,1.83,2.57,1.83,2.93,12.27,9.0,1.84,12.27,8.0,1.48,0.74,4.59,-1.75,0.0,0.01,0.0,-0.8
211,Yeremy,CRY,MID,5.5,a,,,0.3,14,4,307,nailed,0.8,61.0,1.5,NFO(H) BHA(A) NEW(H) TOT(A) LIV(H),2.42,2.23,2.75,2.5,2.38,12.28,8.9,1.62,12.28,8.0,2.54,1.63,0.85,0.0,0.0,0.06,0.0,-0.8
295,McBurnie,HUL,FWD,5.5,a,,,1.9,13,5,441,nailed,1.0,88.0,2.5,EVE(H) FUL(A) BRE(H) IPS(H) ARS(A),2.36,2.49,2.39,2.81,2.08,12.13,8.84,1.61,12.13,10.0,4.69,0.42,0.0,0.0,0.0,0.01,0.0,-3.0
209,Johnson,EVE,MID,5.9,a,,,0.1,9,3,238,likely,0.6,48.0,3.0,HUL(A) CHE(H) ARS(A) NEW(A) COV(H),2.16,2.84,1.95,2.44,2.93,12.32,8.83,1.5,12.32,6.0,5.03,0.72,1.02,0.0,0.0,0.04,0.11,-0.6
129,Ayari,BHA,MID,5.4,a,100,,0.4,15,4,333,nailed,0.8,67.0,5.5,SUN(A) CRY(H) LIV(A) MCI(A) BRE(H),2.48,2.76,2.19,2.19,2.35,11.97,8.81,1.63,11.97,8.0,3.4,0.54,0.81,0.0,0.0,0.01,0.0,-0.8
145,Fofana,CHE,DEF,5.0,a,100,,0.2,8,4,312,nailed,0.8,62.0,2.5,BOU(H) EVE(A) TOT(H) MUN(H) SUN(A),2.56,2.14,3.11,2.15,1.94,11.9,8.79,1.76,11.9,8.0,0.0,0.22,3.19,-2.43,0.0,3.72,0.0,-0.8
570,Palacios,FUL,MID,5.4,a,,,0.2,12,3,226,likely,0.6,45.0,0.5,IPS(A) HUL(H) COV(A) AVL(A) NEW(H),2.35,2.36,2.49,2.28,2.68,12.16,8.78,1.63,12.15,6.0,4.74,0.24,0.76,0.0,0.0,0.0,1.01,-0.6
529,Roefs,SUN,GK,4.9,a,,,2.4,11,5,450,nailed,1.0,90.0,1.0,BHA(H) BOU(A) LEE(H) COV(A) CHE(H),1.72,2.4,2.66,3.27,2.44,12.49,8.77,1.79,12.49,10.0,0.0,0.0,3.71,-3.22,2.0,0.0,0.0,0.0
166,N.Jackson,AVL,FWD,6.5,a,,,1.6,10,4,286,nailed,0.8,57.0,3.0,BRE(H) NEW(A) MCI(H) FUL(H) MUN(A),2.3,2.44,2.4,2.65,2.3,12.09,8.76,1.35,12.08,8.0,2.78,1.89,0.0,0.0,0.0,0.0,1.01,-1.6
558,Schlager,NFO,MID,5.0,a,,,0.1,13,4,376,nailed,0.8,75.0,2.5,CRY(A) ARS(H) IPS(A) BRE(A) MCI(H),2.47,2.4,2.43,2.27,2.39,11.96,8.74,1.75,11.96,8.0,0.97,0.46,1.08,0.0,0.0,2.25,0.0,-0.8
201,Muñoz,NFO,DEF,5.4,a,,,5.7,5,3,257,likely,0.6,51.0,2.0,CRY(A) ARS(H) IPS(A) BRE(A) MCI(H),2.62,2.44,2.47,1.94,2.3,11.77,8.71,1.61,11.77,6.0,3.23,0.55,3.25,-1.29,0.0,0.01,0.03,0.0
588,Khalaili,CRY,DEF,5.0,d,75,Hamstring injury - 75% chance of playing,0.3,19,4,379,likely,0.6,57.0,4.9,NFO(H) BHA(A) NEW(H) TOT(A) LIV(H),2.57,1.5,2.85,2.71,2.36,11.99,8.62,1.72,11.99,6.0,4.33,0.75,2.56,-1.84,0.0,0.79,0.0,-0.6
336,Okafor,LEE,MID,5.8,a,,,0.4,18,4,299,nailed,0.8,60.0,6.0,ARS(A) MUN(H) SUN(A) BOU(A) TOT(H),2.19,2.43,2.37,2.35,2.62,11.96,8.6,1.48,11.97,8.0,0.83,0.8,1.33,0.0,0.0,0.0,1.0,0.0
432,Mainoo,MUN,MID,5.5,d,75,Unspecified injury - 75% chance of playing,1.5,22,4,354,likely,0.6,53.0,3.0,TOT(H) LEE(A) BOU(H) CHE(A) AVL(H),2.51,2.08,2.41,2.3,2.45,11.75,8.54,1.55,11.74,6.0,1.26,1.23,0.86,0.0,0.0,0.86,1.53,0.0
598,Elvedi,LEE,DEF,4.5,a,,,0.1,13,3,326,likely,0.6,65.0,4.0,ARS(A) MUN(H) SUN(A) BOU(A) TOT(H),1.93,2.36,2.18,2.27,3.02,11.76,8.3,1.84,11.76,6.0,0.65,1.74,3.98,-1.05,0.0,0.43,0.0,0.0
93,Schuster,BRE,DEF,4.5,a,,,0.4,21,2,253,50-50,0.4,51.0,8.5,AVL(A) LIV(H) HUL(A) NFO(H) BHA(A),2.43,2.33,2.22,2.46,1.77,11.21,8.29,1.84,11.22,4.0,0.61,1.34,2.5,-0.8,0.0,0.84,2.72,0.0
362,Jacquet,LIV,DEF,5.0,d,75,Hamstring injury - 75% chance of playing,3.5,24,5,415,likely,0.75,62.0,5.6,MCI(H) BRE(A) BHA(H) ARS(H) CRY(A),2.24,2.01,2.07,2.6,2.62,11.54,8.23,1.65,11.54,7.5,0.0,0.29,3.72,-1.79,0.0,0.37,2.2,-0.75
46,Barkley,AVL,MID,5.0,a,,,0.3,10,4,308,nailed,0.8,62.0,1.5,BRE(H) NEW(A) MCI(H) FUL(H) MUN(A),2.2,2.27,2.21,2.45,2.16,11.29,8.19,1.64,11.28,8.0,1.96,0.43,0.79,0.0,0.0,0.1,0.0,0.0
403,Sávio,TOT,MID,6.5,a,100,,0.6,8,3,240,likely,0.6,48.0,2.5,MUN(A) COV(H) CHE(A) CRY(H) LEE(A),2.03,2.57,2.2,2.43,1.88,11.11,8.12,1.25,11.11,6.0,2.18,2.12,0.7,0.0,0.0,0.0,0.11,0.0
473,Aina,NFO,DEF,4.4,a,,,2.3,8,4,306,nailed,0.8,61.0,1.0,CRY(A) ARS(H) IPS(A) BRE(A) MCI(H),2.44,2.38,2.23,1.75,2.03,10.83,8.06,1.83,10.83,8.0,0.19,1.51,4.33,-1.72,0.0,0.12,0.0,-1.6
474,Jair Cunha,NFO,DEF,4.5,a,100,,0.2,11,4,360,nailed,0.8,72.0,0.5,CRY(A) ARS(H) IPS(A) BRE(A) MCI(H),2.39,2.4,2.18,1.8,1.98,10.75,8.0,1.78,10.75,8.0,0.22,0.0,4.33,-1.72,0.0,1.52,0.0,-1.6
429,Rashford,MUN,MID,7.0,d,75,Unspecified injury - 75% chance of playing,1.4,10,4,351,likely,0.6,53.0,1.5,TOT(H) LEE(A) BOU(H) CHE(A) AVL(H),2.39,1.85,2.28,2.16,2.32,11.0,7.99,1.14,11.01,6.0,3.12,1.03,0.86,0.0,0.0,0.0,0.0,0.0
267,Lukić,IPS,MID,4.9,a,,,0.1,11,5,400,nailed,1.0,80.0,1.5,FUL(H) MCI(A) NFO(H) HUL(A) BOU(H),2.3,2.01,2.23,2.13,2.28,10.95,7.96,1.62,10.96,10.0,0.0,1.18,1.04,0.0,0.0,0.73,0.0,-2.0
7,Lewis-Skelly,ARS,MID,5.4,a,,,0.6,9,4,271,nailed,0.8,54.0,0.5,LEE(H) NFO(A) EVE(H) LIV(A) HUL(H),2.17,2.11,2.21,2.06,2.25,10.8,7.84,1.45,10.8,8.0,0.63,0.61,1.56,0.0,0.0,0.0,0.0,0.0
239,Garner,EVE,MID,6.0,a,100,,0.2,11,4,328,nailed,0.8,66.0,3.5,HUL(A) CHE(H) ARS(A) NEW(A) COV(H),2.09,2.25,1.98,2.13,2.42,10.87,7.84,1.31,10.87,8.0,0.96,0.57,1.36,0.0,0.0,1.58,0.0,-1.6
224,Nketiah,CRY,FWD,5.5,a,100,,0.5,8,3,175,likely,0.6,35.0,0.5,NFO(H) BHA(A) NEW(H) TOT(A) LIV(H),2.04,2.02,2.54,2.12,2.06,10.78,7.81,1.42,10.79,4.8,4.11,1.28,0.0,0.0,0.0,0.0,0.6,0.0
203,Canvot,CRY,DEF,4.8,a,,,0.2,10,4,360,nailed,0.8,72.0,4.0,NFO(H) BHA(A) NEW(H) TOT(A) LIV(H),2.51,1.11,2.33,2.6,2.2,10.75,7.72,1.61,10.75,8.0,0.24,0.36,3.41,-2.46,0.0,1.2,0.0,0.0
186,Mason-Clark,COV,MID,5.3,a,100,,0.1,5,4,231,nailed,0.8,46.0,1.0,NEW(H) TOT(A) FUL(H) SUN(H) EVE(A),2.22,2.02,2.19,2.22,1.82,10.47,7.68,1.45,10.47,6.4,2.82,0.54,0.52,0.0,0.0,0.0,0.19,0.0
265,Berge,FUL,MID,4.9,a,,,0.3,11,4,349,nailed,0.8,70.0,3.0,IPS(A) HUL(H) COV(A) AVL(A) NEW(H),2.03,2.11,2.18,2.07,2.17,10.56,7.65,1.56,10.56,8.0,0.41,1.12,1.02,0.0,0.0,0.0,0.0,0.0
491,Igor Jesus,NFO,FWD,5.8,a,,,2.6,12,2,257,50-50,0.4,51.0,4.0,CRY(A) ARS(H) IPS(A) BRE(A) MCI(H),2.21,1.93,2.23,1.85,2.2,10.42,7.6,1.31,10.43,4.0,4.67,0.25,0.0,0.0,0.0,0.0,1.91,-0.4
562,Maeda,IPS,MID,5.3,a,,,0.2,8,3,259,likely,0.6,52.0,1.0,FUL(H) MCI(A) NFO(H) HUL(A) BOU(H),2.3,1.85,2.03,1.9,2.22,10.3,7.52,1.42,10.29,6.0,3.5,0.13,0.63,0.0,0.0,0.01,0.04,0.0
222,Strand Larsen,CRY,FWD,6.0,a,,,0.7,14,3,298,likely,0.6,60.0,5.0,NFO(H) BHA(A) NEW(H) TOT(A) LIV(H),2.0,1.99,2.26,2.04,2.01,10.3,7.48,1.25,10.3,6.0,1.71,0.59,0.0,0.0,0.0,0.0,2.0,0.0
345,Tanaka,LEE,MID,4.9,a,,,0.3,14,3,255,likely,0.6,51.0,4.0,ARS(A) MUN(H) SUN(A) BOU(A) TOT(H),1.75,2.18,2.1,2.01,2.35,10.39,7.42,1.52,10.38,6.0,3.62,0.22,1.0,0.0,0.0,0.09,0.05,-0.6
13,Rice,ARS,MID,7.4,d,75,Unspecified injury - 75% chance of playing,11.4,20,5,411,likely,0.75,62.0,2.6,LEE(H) NFO(A) EVE(H) LIV(A) HUL(H),2.05,1.96,2.08,1.92,2.14,10.15,7.37,1.0,10.14,7.5,0.43,1.29,1.46,0.0,0.0,0.21,0.0,-0.75
401,Marmoush,TOT,FWD,7.0,a,,,2.1,8,4,339,nailed,0.8,68.0,2.0,MUN(A) COV(H) CHE(A) CRY(H) LEE(A),1.96,2.13,2.04,2.11,1.87,10.11,7.37,1.05,10.11,8.0,1.63,0.49,0.0,0.0,0.0,0.0,0.0,0.0
69,Scott,BOU,MID,6.1,d,50,Thigh injury - 50% chance of playing,5.6,30,5,446,doubt,0.5,45.0,1.5,CHE(A) SUN(H) MUN(A) LEE(H) IPS(A),2.01,2.2,1.88,1.91,1.98,9.98,7.3,1.2,9.99,5.0,1.72,0.63,0.49,0.0,0.0,0.1,2.55,-0.5
557,Tzolis,ARS,MID,6.3,d,75,Hamstring injury - 75% chance of playing,11.7,16,5,362,likely,0.75,54.0,1.9,LEE(H) NFO(A) EVE(H) LIV(A) HUL(H),1.99,1.9,2.03,1.86,2.09,9.87,7.16,1.14,9.87,7.5,0.63,1.06,1.46,0.0,0.0,0.0,0.71,-1.5
148,Hato,CHE,DEF,4.5,a,,,0.8,8,4,258,nailed,0.8,52.0,0.0,BOU(H) EVE(A) TOT(H) MUN(H) SUN(A),2.09,1.63,2.65,1.69,1.47,9.53,7.06,1.57,9.53,8.0,0.05,0.64,3.19,-2.43,0.0,0.03,0.04,0.0
91,Pinnock,COV,DEF,4.5,a,,,0.1,14,3,282,likely,0.6,56.0,5.0,NEW(H) TOT(A) FUL(H) SUN(H) EVE(A),1.94,2.11,2.02,1.86,1.63,9.56,7.05,1.57,9.56,6.0,0.85,0.0,2.6,-1.61,0.0,2.32,0.0,-0.6
51,George Hemmings,AVL,MID,4.5,a,,,1.2,9,4,297,nailed,0.8,59.0,1.0,BRE(H) NEW(A) MCI(H) FUL(H) MUN(A),1.91,1.93,1.89,2.05,1.87,9.65,7.01,1.56,9.66,8.0,0.34,0.52,0.79,0.0,0.0,0.0,0.0,0.0
358,Kerkez,LIV,DEF,5.3,a,,,2.2,13,4,385,nailed,0.8,77.0,3.5,MCI(H) BRE(A) BHA(H) ARS(H) CRY(A),1.89,1.67,1.71,2.29,2.29,9.85,7.0,1.32,9.85,8.0,0.48,0.24,3.97,-1.91,0.0,0.67,0.0,-1.6
536,Reinildo,SUN,DEF,4.4,a,100,,0.3,7,4,360,nailed,0.8,72.0,-1.0,BHA(H) BOU(A) LEE(H) COV(A) CHE(H),1.38,1.89,2.09,2.62,2.01,9.99,7.0,1.59,10.0,8.0,0.0,1.03,2.97,-2.58,0.0,0.57,0.0,0.0
155,Enzo,MCI,MID,6.9,a,,,3.7,13,3,271,likely,0.6,54.0,4.5,LIV(A) IPS(H) AVL(A) BHA(H) NFO(A),1.71,2.17,1.91,1.93,1.74,9.46,6.89,1.0,9.45,6.0,1.72,1.55,0.78,0.0,0.0,0.01,0.0,-0.6
377,Munoz,LIV,MID,6.5,a,,,0.9,15,3,257,likely,0.6,51.0,1.0,MCI(H) BRE(A) BHA(H) ARS(H) CRY(A),1.94,1.72,1.97,1.84,2.0,9.47,6.86,1.06,9.48,6.0,2.4,0.89,0.74,0.0,0.0,0.0,0.04,-0.6
331,Gudmundsson,LEE,DEF,4.5,a,100,,0.1,14,3,252,likely,0.6,50.0,6.0,ARS(A) MUN(H) SUN(A) BOU(A) TOT(H),1.64,1.9,1.74,1.89,2.55,9.72,6.85,1.52,9.72,6.0,0.07,0.66,3.98,-1.05,0.0,0.01,0.05,0.0
532,Ballard,SUN,DEF,4.9,d,75,Hamstring injury - 75% chance of playing,2.4,14,5,450,likely,0.75,68.0,0.8,BHA(H) BOU(A) LEE(H) COV(A) CHE(H),1.37,1.83,2.0,2.53,2.01,9.74,6.82,1.39,9.74,7.5,1.46,0.36,2.79,-2.42,0.0,1.55,0.0,-1.5
113,F.Kadıoğlu,BHA,DEF,4.4,a,100,,1.6,13,4,332,nailed,0.8,66.0,5.5,SUN(A) CRY(H) LIV(A) MCI(A) BRE(H),1.8,2.51,1.76,1.25,1.85,9.17,6.81,1.55,9.18,8.0,0.64,0.43,3.26,-2.36,0.0,0.0,0.0,-0.8
96,Damsgaard,BRE,MID,5.4,d,75,Unspecified injury - 75% chance of playing,0.4,16,3,283,50-50,0.45,42.0,1.5,AVL(A) LIV(H) HUL(A) NFO(H) BHA(A),1.91,1.89,1.81,1.91,1.78,9.3,6.79,1.26,9.31,4.5,0.51,1.42,0.7,0.0,0.0,0.01,2.15,0.0
104,Onyeka,COV,MID,4.9,a,100,,0.1,9,4,314,nailed,0.8,63.0,2.5,NEW(H) TOT(A) FUL(H) SUN(H) EVE(A),1.87,1.9,1.88,1.85,1.79,9.29,6.78,1.38,9.28,8.0,0.2,0.12,0.87,0.0,0.0,0.1,0.0,0.0
576,Stroud,HUL,MID,5.0,a,,,0.1,7,4,249,nailed,0.8,50.0,0.5,EVE(H) FUL(A) BRE(H) IPS(H) ARS(A),1.86,1.82,1.78,1.9,1.72,9.08,6.63,1.33,9.07,8.0,0.41,0.23,1.13,0.0,0.0,0.01,0.09,-0.8
580,Charles,FUL,MID,5.0,a,,,0.1,13,3,303,likely,0.6,61.0,4.5,IPS(A) HUL(H) COV(A) AVL(A) NEW(H),1.76,1.83,1.88,1.8,1.87,9.14,6.62,1.32,9.14,6.0,0.54,0.54,0.76,0.0,0.0,1.3,0.0,0.0
167,Delap,NFO,FWD,5.6,a,,,2.7,9,3,277,likely,0.6,55.0,3.0,CRY(A) ARS(H) IPS(A) BRE(A) MCI(H),1.91,1.69,1.92,1.63,1.9,9.05,6.6,1.18,9.05,6.0,3.31,0.94,0.0,0.0,0.0,0.0,0.0,-1.2
459,L.Miley,NEW,MID,5.5,d,75,Unspecified injury - 75% chance of playing,0.1,12,5,396,likely,0.75,59.0,1.5,COV(A) AVL(H) CRY(A) EVE(H) FUL(A),1.83,1.85,1.73,1.76,1.72,8.89,6.5,1.18,8.89,7.5,0.17,0.31,0.93,0.0,0.0,0.74,0.0,-0.75
306,Greaves,IPS,DEF,4.0,a,,,1.1,3,4,357,nailed,0.8,71.0,0.5,FUL(H) MCI(A) NFO(H) HUL(A) BOU(H),2.07,0.95,2.16,1.8,2.06,9.04,6.48,1.62,9.04,8.0,0.0,0.23,3.33,-2.4,0.0,0.67,0.0,-0.8
372,Mac Allister,LIV,MID,5.4,a,,,1.3,11,3,306,likely,0.6,61.0,3.0,MCI(H) BRE(A) BHA(H) ARS(H) CRY(A),1.76,1.63,1.77,1.73,1.82,8.71,6.31,1.17,8.72,6.0,0.48,1.34,0.74,0.0,0.0,0.76,0.0,-0.6
514,Tel,TOT,MID,5.7,a,,,0.2,8,3,257,likely,0.6,51.0,0.5,MUN(A) COV(H) CHE(A) CRY(H) LEE(A),1.61,1.95,1.69,1.84,1.56,8.65,6.31,1.11,8.66,6.0,1.15,0.76,0.7,0.0,0.0,0.0,0.05,0.0
149,Colwill,CHE,DEF,4.8,a,,,0.9,3,4,341,nailed,0.8,68.0,1.0,BOU(H) EVE(A) TOT(H) MUN(H) SUN(A),1.85,1.44,2.4,1.45,1.24,8.38,6.23,1.3,8.4,8.0,0.0,0.12,3.19,-2.43,0.0,0.32,0.0,-0.8
649,Maitland-Niles,EVE,DEF,4.5,a,,,1.4,21,2,177,50-50,0.4,35.0,7.0,HUL(A) CHE(H) ARS(A) NEW(A) COV(H),1.65,1.8,1.4,1.62,2.24,8.71,6.23,1.38,8.71,4.0,0.52,0.65,2.72,-0.68,0.0,0.0,1.5,0.0
31,Konsa,ARS,DEF,4.6,d,75,Unspecified injury - 75% chance of playing,19.1,12,3,281,50-50,0.45,42.0,2.6,LEE(H) NFO(A) EVE(H) LIV(A) HUL(H),1.68,1.6,1.76,1.43,1.85,8.32,6.03,1.31,8.31,4.5,0.82,0.06,3.51,-0.59,0.0,0.01,0.0,0.0
644,Timber,CRY,MID,5.0,a,,,0.0,9,3,253,likely,0.6,51.0,3.5,NFO(H) BHA(A) NEW(H) TOT(A) LIV(H),1.67,1.52,1.78,1.7,1.63,8.3,6.02,1.2,8.3,6.0,1.32,0.23,0.64,0.0,0.0,0.05,0.06,0.0
525,Fernandes,TOT,MID,5.7,a,,,0.8,7,3,249,likely,0.6,50.0,2.0,MUN(A) COV(H) CHE(A) CRY(H) LEE(A),1.53,1.88,1.61,1.77,1.46,8.25,6.02,1.06,8.25,6.0,1.15,0.92,0.7,0.0,0.0,0.01,0.07,-0.6
64,Smith,BOU,DEF,4.5,a,,,0.1,4,5,434,nailed,1.0,87.0,1.0,CHE(A) SUN(H) MUN(A) LEE(H) IPS(A),1.38,2.0,1.3,2.05,1.61,8.34,5.99,1.33,8.34,10.0,0.0,0.31,3.89,-2.97,0.0,0.11,0.0,-3.0
522,Gray,TOT,MID,4.9,a,,,0.2,9,3,307,likely,0.6,61.0,2.5,MUN(A) COV(H) CHE(A) CRY(H) LEE(A),1.53,1.82,1.59,1.72,1.49,8.15,5.94,1.21,8.16,6.0,1.29,0.11,0.7,0.0,0.0,0.06,0.0,0.0
579,Araujo,LIV,DEF,5.4,a,,,3.1,22,3,284,likely,0.6,57.0,6.5,MCI(H) BRE(A) BHA(H) ARS(H) CRY(A),1.59,1.43,1.45,1.89,1.89,8.25,5.88,1.09,8.25,6.0,0.0,0.18,2.97,-1.43,0.0,0.15,0.98,-0.6
619,Palacios,IPS,MID,5.0,a,,,0.1,11,3,275,likely,0.6,55.0,3.0,FUL(H) MCI(A) NFO(H) HUL(A) BOU(H),1.63,1.5,1.63,1.58,1.63,7.97,5.79,1.16,7.96,6.0,0.0,0.27,0.63,0.0,0.0,1.07,0.0,0.0
327,Bijol,LEE,DEF,5.0,a,,,0.7,12,2,164,50-50,0.4,33.0,0.0,ARS(A) MUN(H) SUN(A) BOU(A) TOT(H),1.38,1.63,1.51,1.59,2.07,8.18,5.79,1.16,8.18,4.0,0.68,0.13,2.66,-0.7,0.0,0.02,1.4,0.0
499,Pedro Porro,TOT,DEF,5.4,d,75,Hamstring injury - 75% chance of playing,7.5,9,3,198,50-50,0.45,30.0,0.4,MUN(A) COV(H) CHE(A) CRY(H) LEE(A),1.24,2.21,1.35,1.86,1.28,7.94,5.79,1.07,7.94,4.5,1.52,0.36,2.1,-1.24,0.0,0.0,0.71,0.0
73,Adams,BOU,MID,5.0,a,100,,0.3,12,3,279,likely,0.6,56.0,3.0,CHE(A) SUN(H) MUN(A) LEE(H) IPS(A),1.52,1.59,1.5,1.57,1.53,7.71,5.61,1.12,7.71,6.0,0.17,0.2,0.58,0.0,0.0,0.76,0.0,0.0
144,Gusto,CHE,DEF,4.9,a,,,0.9,4,3,272,likely,0.6,54.0,0.5,BOU(H) EVE(A) TOT(H) MUN(H) SUN(A),1.66,1.27,2.08,1.35,1.18,7.54,5.58,1.14,7.54,6.0,0.58,0.39,2.39,-1.82,0.0,0.01,0.0,0.0
526,Solanke,TOT,FWD,5.8,a,,,0.8,7,2,170,50-50,0.4,34.0,2.0,MUN(A) COV(H) CHE(A) CRY(H) LEE(A),1.41,1.67,1.53,1.64,1.28,7.53,5.5,0.95,7.53,4.0,2.94,0.16,0.0,0.0,0.0,0.0,0.43,0.0
175,van Ewijk,COV,DEF,4.0,d,75,Hamstring injury - 75% chance of playing,8.6,6,4,360,likely,0.6,54.0,0.0,NEW(H) TOT(A) FUL(H) SUN(H) EVE(A),1.48,1.66,1.56,1.39,1.18,7.27,5.39,1.35,7.26,6.0,0.0,0.81,2.6,-1.61,0.0,0.05,0.0,-0.6
313,Clarke,IPS,MID,5.4,a,,,0.2,11,2,170,50-50,0.4,34.0,1.5,FUL(H) MCI(A) NFO(H) HUL(A) BOU(H),1.65,1.32,1.44,1.35,1.59,7.35,5.37,0.99,7.34,4.0,1.5,0.97,0.42,0.0,0.0,0.0,0.85,-0.4
393,Khusanov,MCI,DEF,5.4,a,,,1.4,9,3,268,likely,0.6,54.0,0.0,LIV(A) IPS(H) AVL(A) BHA(H) NFO(A),1.32,1.65,1.76,1.08,1.55,7.36,5.36,0.99,7.35,6.0,0.01,0.17,3.13,-1.38,0.0,0.02,0.01,-0.6
116,Dunk,BHA,DEF,4.5,d,75,Neck injury - 75% chance of playing,1.5,22,4,360,likely,0.6,54.0,4.5,SUN(A) CRY(H) LIV(A) MCI(A) BRE(H),1.41,1.93,1.39,1.01,1.45,7.19,5.33,1.19,7.19,6.0,0.17,0.17,2.44,-1.77,0.0,0.02,0.74,-0.6
387,O'Reilly,MCI,DEF,6.3,d,75,Unspecified injury - 75% chance of playing,10.7,6,2,163,doubt,0.3,24.0,0.8,LIV(A) IPS(H) AVL(A) BHA(H) NFO(A),1.2,1.74,1.54,1.32,1.31,7.11,5.18,0.82,7.11,3.0,2.45,0.65,1.56,-0.69,0.0,0.0,0.14,0.0
11,Mosquera,ARS,DEF,5.3,a,100,,1.6,12,2,168,50-50,0.4,34.0,0.0,LEE(H) NFO(A) EVE(H) LIV(A) HUL(H),1.44,1.38,1.5,1.23,1.58,7.13,5.17,0.98,7.13,4.0,0.23,0.13,3.12,-0.53,0.0,0.0,0.17,0.0
501,Danso,SUN,DEF,5.0,a,,,0.2,3,3,270,likely,0.6,54.0,0.5,BHA(H) BOU(A) LEE(H) COV(A) CHE(H),1.0,1.38,1.52,1.93,1.49,7.32,5.12,1.02,7.32,6.0,0.39,0.58,2.23,-1.93,0.0,0.05,0.0,0.0
190,Tchaouna,COV,MID,5.4,a,,,0.1,5,2,211,50-50,0.4,42.0,0.5,NEW(H) TOT(A) FUL(H) SUN(H) EVE(A),1.44,1.32,1.43,1.44,1.17,6.8,4.99,0.92,6.81,4.0,1.51,0.73,0.43,0.0,0.0,0.0,0.14,0.0
575,Yirenkyi,COV,MID,4.8,a,,,0.1,9,3,265,likely,0.6,53.0,2.0,NEW(H) TOT(A) FUL(H) SUN(H) EVE(A),1.39,1.38,1.39,1.38,1.27,6.81,4.98,1.04,6.8,6.0,0.21,0.51,0.65,0.0,0.0,0.01,0.02,-0.6
142,James,CHE,DEF,5.3,d,75,Hamstring injury - 75% chance of playing,5.7,3,3,292,50-50,0.45,44.0,0.4,BOU(H) EVE(A) TOT(H) MUN(H) SUN(A),1.47,1.06,1.8,1.24,1.09,6.66,4.91,0.93,6.66,4.5,1.56,0.62,1.79,-1.37,0.0,0.0,0.0,-0.45
581,Diomande,NFO,DEF,5.4,a,,,0.5,7,2,163,50-50,0.4,33.0,3.0,CRY(A) ARS(H) IPS(A) BRE(A) MCI(H),1.43,1.39,1.33,1.08,1.23,6.46,4.79,0.89,6.45,4.0,0.81,0.15,2.17,-0.86,0.0,0.01,0.18,0.0
95,O.Dango,BRE,MID,6.3,a,,,0.5,7,2,179,50-50,0.4,36.0,1.0,AVL(A) LIV(H) HUL(A) NFO(H) BHA(A),1.35,1.33,1.27,1.35,1.23,6.53,4.78,0.76,6.52,4.0,0.76,0.92,0.63,0.0,0.0,0.02,0.2,0.0
194,Thomas-Asante,COV,FWD,5.0,a,,,0.8,9,2,227,50-50,0.4,45.0,2.5,NEW(H) TOT(A) FUL(H) SUN(H) EVE(A),1.39,1.23,1.36,1.4,1.13,6.51,4.78,0.96,6.51,4.0,2.09,0.22,0.0,0.0,0.0,0.02,0.19,0.0
519,Gallagher,TOT,MID,5.3,a,,,0.2,9,2,134,50-50,0.4,27.0,3.0,MUN(A) COV(H) CHE(A) CRY(H) LEE(A),1.2,1.51,1.29,1.43,1.12,6.55,4.78,0.9,6.55,4.0,1.65,0.51,0.47,0.0,0.0,0.0,0.32,-0.4
32,Cash,AVL,DEF,4.4,a,100,,4.8,6,3,296,likely,0.6,59.0,-0.5,BRE(H) NEW(A) MCI(H) FUL(H) MUN(A),1.27,1.33,1.14,1.74,1.08,6.56,4.76,1.08,6.57,6.0,1.03,0.1,2.38,-1.76,0.0,0.02,0.0,-1.2
389,Matheus N.,MCI,DEF,5.9,a,100,,1.0,11,2,213,50-50,0.4,43.0,5.0,LIV(A) IPS(H) AVL(A) BHA(H) NFO(A),1.17,1.47,1.49,1.06,1.32,6.51,4.74,0.8,6.5,4.0,0.19,0.24,2.09,-0.92,0.0,0.04,0.87,0.0
627,Barcola,LIV,MID,8.0,a,,,1.9,7,2,168,50-50,0.4,34.0,3.0,MCI(H) BRE(A) BHA(H) ARS(H) CRY(A),1.33,1.2,1.34,1.28,1.37,6.52,4.72,0.59,6.51,4.0,1.3,0.49,0.5,0.0,0.0,0.0,0.23,0.0
405,N.Gonzalez,NEW,MID,5.5,a,100,,0.2,5,3,164,likely,0.6,33.0,0.5,COV(A) AVL(H) CRY(A) EVE(H) FUL(A),1.3,1.32,1.24,1.22,1.23,6.31,4.62,0.84,6.32,4.8,0.6,0.7,0.45,0.0,0.0,0.0,0.37,-0.6
289,Crooks,HUL,MID,4.4,a,100,,0.5,3,3,203,likely,0.6,41.0,0.5,EVE(H) FUL(A) BRE(H) IPS(H) ARS(A),1.26,1.24,1.2,1.33,1.13,6.16,4.5,1.02,6.17,6.0,0.43,0.45,0.84,0.0,0.0,0.01,0.23,-1.8
634,Fernandez-Pardo,NEW,FWD,6.0,a,,,0.1,4,2,157,50-50,0.4,31.0,1.5,COV(A) AVL(H) CRY(A) EVE(H) FUL(A),1.25,1.27,1.23,1.18,1.23,6.16,4.5,0.75,6.16,4.0,1.52,0.16,0.0,0.0,0.0,0.0,0.48,0.0
415,Dorgu,MUN,MID,5.8,d,75,Hamstring injury - 75% chance of playing,0.5,10,2,171,doubt,0.3,26.0,3.0,TOT(H) LEE(A) BOU(H) CHE(A) AVL(H),1.33,0.99,1.27,1.21,1.29,6.09,4.42,0.76,6.09,3.0,2.42,0.36,0.43,0.0,0.0,0.0,0.17,-0.3
371,Gravenberch,LIV,MID,5.8,a,,,1.1,9,2,190,50-50,0.4,38.0,1.0,MCI(H) BRE(A) BHA(H) ARS(H) CRY(A),1.2,1.1,1.2,1.17,1.23,5.9,4.28,0.74,5.91,4.0,0.82,0.4,0.5,0.0,0.0,0.01,0.18,0.0
534,Hume,SUN,DEF,4.3,a,,,2.7,10,2,206,50-50,0.4,41.0,0.5,BHA(H) BOU(A) LEE(H) COV(A) CHE(H),0.91,1.12,1.21,1.52,1.3,6.06,4.25,0.99,6.06,4.0,0.91,0.84,1.49,-1.29,0.0,0.0,0.11,0.0
102,Yarmoliuk,BRE,MID,4.8,a,,,0.6,9,2,216,50-50,0.4,43.0,3.5,AVL(A) LIV(H) HUL(A) NFO(H) BHA(A),1.2,1.18,1.13,1.2,1.08,5.79,4.24,0.88,5.81,4.0,0.67,0.77,0.63,0.0,0.0,0.02,0.12,-0.4
309,Núñez,IPS,MID,4.9,a,,,0.1,6,2,140,50-50,0.4,28.0,0.0,FUL(H) MCI(A) NFO(H) HUL(A) BOU(H),1.24,1.05,1.16,1.1,1.21,5.76,4.19,0.86,5.75,4.0,0.68,0.36,0.42,0.0,0.0,0.0,0.3,0.0
54,Gomes,AVL,MID,5.5,a,100,,0.0,2,2,129,50-50,0.4,26.0,2.0,BRE(H) NEW(A) MCI(H) FUL(H) MUN(A),1.11,1.15,1.12,1.23,1.1,5.71,4.14,0.75,5.71,4.0,0.63,0.35,0.4,0.0,0.0,0.0,0.33,0.0
650,Affengruber,FUL,DEF,4.5,a,,,0.1,12,2,180,50-50,0.4,36.0,6.0,IPS(A) HUL(H) COV(A) AVL(A) NEW(H),0.9,1.22,1.33,1.16,1.13,5.74,4.11,0.91,5.74,4.0,0.28,0.17,2.03,-0.93,0.0,0.04,0.16,0.0
337,Aaronson,LEE,MID,5.3,a,,,0.5,7,2,194,50-50,0.4,39.0,1.0,ARS(A) MUN(H) SUN(A) BOU(A) TOT(H),1.03,1.14,1.11,1.1,1.23,5.61,4.04,0.76,5.62,4.0,0.49,0.29,0.66,0.0,0.0,0.0,0.17,0.0
357,Frimpong,LIV,DEF,5.3,a,,,1.7,2,2,178,50-50,0.4,36.0,0.5,MCI(H) BRE(A) BHA(H) ARS(H) CRY(A),1.1,0.96,1.02,1.27,1.31,5.66,4.03,0.76,5.66,4.0,0.32,0.55,1.98,-0.95,0.0,0.0,0.16,-0.4
33,Mings,AVL,DEF,4.5,a,,,0.4,10,2,261,50-50,0.4,52.0,1.5,BRE(H) NEW(A) MCI(H) FUL(H) MUN(A),1.06,1.11,0.99,1.41,0.93,5.5,3.99,0.89,5.5,4.0,1.27,0.11,1.59,-1.17,0.0,0.1,0.02,-0.4
253,Andersen,FUL,DEF,5.0,a,100,,0.2,3,2,190,50-50,0.4,38.0,0.5,IPS(A) HUL(H) COV(A) AVL(A) NEW(H),0.85,1.16,1.27,1.11,1.09,5.48,3.92,0.78,5.48,4.0,0.26,0.36,2.03,-0.93,0.0,0.02,0.14,-0.4
199,Benitez,CRY,GK,4.5,a,,,0.1,8,2,180,50-50,0.4,36.0,4.0,NFO(H) BHA(A) NEW(H) TOT(A) LIV(H),1.26,0.56,1.15,1.3,1.1,5.37,3.86,0.86,5.37,4.0,0.0,0.0,1.7,-1.23,0.7,0.0,0.19,0.0
462,Steur,NEW,MID,4.9,a,,,0.1,8,2,223,50-50,0.4,45.0,2.5,COV(A) AVL(H) CRY(A) EVE(H) FUL(A),1.09,1.1,1.03,1.03,1.02,5.27,3.86,0.79,5.27,4.0,0.36,0.3,0.5,0.0,0.0,0.01,0.11,0.0
457,J.Murphy,NEW,MID,5.9,a,,,0.1,3,2,181,50-50,0.4,36.0,0.5,COV(A) AVL(H) CRY(A) EVE(H) FUL(A),1.09,1.12,1.02,1.0,1.01,5.24,3.85,0.65,5.24,4.0,0.63,1.11,0.5,0.0,0.0,0.0,0.21,-1.2
611,Wan-Bissaka,AVL,DEF,4.5,a,,,0.2,6,2,152,50-50,0.4,30.0,2.0,BRE(H) NEW(A) MCI(H) FUL(H) MUN(A),1.01,1.05,0.93,1.32,0.89,5.2,3.77,0.84,5.19,4.0,0.3,0.25,1.59,-1.17,0.0,0.01,0.21,0.0
53,Manzambi,AVL,MID,5.9,a,100,,0.4,14,1,98,doubt,0.2,20.0,7.0,BRE(H) NEW(A) MCI(H) FUL(H) MUN(A),0.97,1.03,1.0,1.14,0.96,5.1,3.69,0.63,5.1,2.0,1.41,0.56,0.2,0.0,0.0,0.0,0.94,0.0
71,Cook,BOU,MID,5.0,a,,,0.2,8,2,180,50-50,0.4,36.0,0.5,CHE(A) SUN(H) MUN(A) LEE(H) IPS(A),1.0,1.08,0.96,1.0,1.0,5.04,3.68,0.74,5.05,4.0,0.58,0.28,0.39,0.0,0.0,0.0,0.21,-0.4
151,Acheampong,CHE,DEF,4.5,a,,,0.3,5,2,221,50-50,0.4,44.0,0.0,BOU(H) EVE(A) TOT(H) MUN(H) SUN(A),1.06,0.83,1.34,0.86,0.75,4.84,3.59,0.8,4.83,4.0,0.19,0.15,1.59,-1.21,0.0,0.03,0.09,0.0
195,Simms,COV,FWD,4.9,a,,,0.6,4,1,104,doubt,0.2,21.0,0.5,NEW(H) TOT(A) FUL(H) SUN(H) EVE(A),0.99,0.84,0.96,1.0,0.74,4.53,3.33,0.68,4.52,2.0,2.01,0.15,0.0,0.0,0.0,0.0,0.37,0.0
125,Georginio,BHA,FWD,5.3,a,100,,0.5,6,1,104,doubt,0.2,21.0,0.5,SUN(A) CRY(H) LIV(A) MCI(A) BRE(H),0.95,1.05,0.78,0.83,0.88,4.49,3.31,0.62,4.49,2.0,1.53,0.62,0.0,0.0,0.0,0.0,0.35,0.0
75,Christie,BOU,MID,5.0,a,100,,0.0,5,1,102,doubt,0.2,20.0,1.5,CHE(A) SUN(H) MUN(A) LEE(H) IPS(A),0.9,1.02,0.82,0.83,0.88,4.45,3.27,0.65,4.45,2.0,1.61,0.45,0.19,0.0,0.0,0.0,0.2,0.0
639,Andrés,BHA,MID,5.5,a,,,0.0,12,1,109,doubt,0.2,22.0,6.0,SUN(A) CRY(H) LIV(A) MCI(A) BRE(H),0.92,1.04,0.77,0.79,0.86,4.38,3.23,0.59,4.39,2.0,1.59,0.42,0.2,0.0,0.0,0.0,0.18,0.0
553,Isidor,SUN,FWD,5.5,a,,,1.3,15,0,117,doubt,0.0,10.0,1.0,BHA(H) BOU(A) LEE(H) COV(A) CHE(H),0.88,0.82,0.81,0.88,0.99,4.38,3.15,0.57,4.38,2.5,1.82,0.06,0.0,0.0,0.0,0.0,0.0,0.0
320,Akpom,IPS,FWD,5.0,a,,,1.2,7,0,78,doubt,0.0,10.0,0.5,FUL(H) MCI(A) NFO(H) HUL(A) BOU(H),0.92,0.77,0.79,0.76,0.88,4.12,3.01,0.6,4.12,2.5,1.55,0.06,0.0,0.0,0.0,0.0,0.0,0.0
238,Grealish,EVE,MID,6.5,a,100,,0.5,6,1,135,doubt,0.2,27.0,2.0,HUL(A) CHE(H) ARS(A) NEW(A) COV(H),0.74,0.94,0.68,0.83,0.98,4.17,2.99,0.46,4.17,2.0,0.68,0.99,0.34,0.0,0.0,0.0,0.16,0.0
452,Bruno G.,ARS,MID,6.7,a,100,,1.8,9,1,123,doubt,0.2,25.0,4.0,LEE(H) NFO(A) EVE(H) LIV(A) HUL(H),0.83,0.78,0.85,0.77,0.88,4.11,2.98,0.44,4.1,2.0,0.69,0.43,0.39,0.0,0.0,0.0,0.59,0.0
136,Welbeck,CHE,FWD,5.9,a,100,,1.0,4,1,85,doubt,0.2,17.0,1.5,BOU(H) EVE(A) TOT(H) MUN(H) SUN(A),0.82,0.68,0.83,0.81,0.79,3.93,2.85,0.48,3.93,2.0,1.27,0.26,0.0,0.0,0.0,0.0,0.4,0.0
642,Thomas,HUL,MID,5.5,a,,,0.0,4,1,119,doubt,0.2,24.0,1.5,EVE(H) FUL(A) BRE(H) IPS(H) ARS(A),0.77,0.79,0.76,0.9,0.66,3.88,2.83,0.51,3.88,2.0,1.02,0.41,0.28,0.0,0.0,0.0,0.17,0.0
617,Cho,HUL,MID,5.0,a,,,0.0,9,0,72,doubt,0.0,10.0,3.5,EVE(H) FUL(A) BRE(H) IPS(H) ARS(A),0.76,0.79,0.76,0.87,0.68,3.86,2.81,0.56,3.86,2.5,1.02,0.34,0.0,0.0,0.0,0.0,0.0,0.0
5,J.Timber,ARS,DEF,6.5,a,100,,0.5,1,1,104,doubt,0.2,21.0,0.5,LEE(H) NFO(A) EVE(H) LIV(A) HUL(H),0.77,0.73,0.8,0.66,0.84,3.8,2.76,0.42,3.81,2.0,0.23,0.14,1.56,-0.26,0.0,0.0,0.14,0.0
247,Hackney,EVE,MID,5.4,a,100,,0.2,10,1,137,doubt,0.2,27.0,1.0,HUL(A) CHE(H) ARS(A) NEW(A) COV(H),0.69,0.84,0.63,0.75,0.88,3.79,2.72,0.5,3.78,2.0,0.76,0.53,0.34,0.0,0.0,0.0,0.15,0.0
577,Tomiyasu,CRY,DEF,4.4,d,75,Calf injury - 75% chance of playing,0.3,3,2,189,doubt,0.3,28.0,0.4,NFO(H) BHA(A) NEW(H) TOT(A) LIV(H),0.88,0.36,0.83,0.92,0.77,3.76,2.7,0.61,3.76,3.0,0.18,0.12,1.28,-0.92,0.0,0.0,0.1,0.0
90,Hickey,BRE,DEF,4.5,a,,,0.1,5,1,152,doubt,0.2,30.0,1.0,AVL(A) LIV(H) HUL(A) NFO(H) BHA(A),0.79,0.74,0.71,0.81,0.47,3.52,2.63,0.58,3.52,2.0,0.35,0.21,1.25,-0.4,0.0,0.0,0.1,0.0
520,Bergvall,TOT,MID,5.3,a,,,0.1,3,1,78,doubt,0.2,16.0,1.0,MUN(A) COV(H) CHE(A) CRY(H) LEE(A),0.66,0.83,0.71,0.78,0.62,3.6,2.63,0.5,3.61,2.0,0.63,0.51,0.23,0.0,0.0,0.0,0.23,0.0
421,Heaven,MUN,DEF,4.3,a,,,0.3,1,1,90,doubt,0.2,18.0,0.0,TOT(H) LEE(A) BOU(H) CHE(A) AVL(H),0.88,0.55,0.75,0.56,0.84,3.58,2.62,0.61,3.57,2.0,0.54,0.17,1.15,-0.44,0.0,0.0,0.16,0.0
347,Nmecha,LEE,FWD,5.4,a,,,0.5,7,0,64,doubt,0.0,10.0,1.0,ARS(A) MUN(H) SUN(A) BOU(A) TOT(H),0.64,0.76,0.75,0.71,0.77,3.63,2.61,0.48,3.64,2.5,0.99,0.15,0.0,0.0,0.0,0.0,0.0,0.0
369,Ngumoha,LIV,MID,5.7,a,,,0.5,4,1,99,doubt,0.2,20.0,0.5,MCI(H) BRE(A) BHA(H) ARS(H) CRY(A),0.73,0.65,0.74,0.69,0.75,3.56,2.58,0.45,3.55,2.0,0.79,0.31,0.25,0.0,0.0,0.0,0.19,0.0
162,Andrey Santos,MUN,MID,4.8,a,,,0.6,4,1,82,doubt,0.2,16.0,0.0,TOT(H) LEE(A) BOU(H) CHE(A) AVL(H),0.77,0.61,0.73,0.69,0.74,3.54,2.57,0.54,3.55,2.0,0.55,0.5,0.29,0.0,0.0,0.0,0.22,0.0
488,I.Sangaré,NFO,MID,4.8,a,100,,0.4,4,1,105,doubt,0.2,21.0,1.0,CRY(A) ARS(H) IPS(A) BRE(A) MCI(H),0.72,0.67,0.72,0.63,0.7,3.44,2.51,0.52,3.44,2.0,0.7,0.28,0.27,0.0,0.0,0.0,0.18,0.0
646,Fofana,SUN,MID,5.5,a,,,0.0,3,0,60,doubt,0.0,10.0,1.0,BHA(H) BOU(A) LEE(H) COV(A) CHE(H),0.69,0.66,0.65,0.69,0.75,3.44,2.49,0.45,3.45,2.5,0.76,0.19,0.0,0.0,0.0,0.0,0.0,0.0
568,Barco,CHE,MID,5.4,a,,,0.1,3,1,115,doubt,0.2,23.0,1.0,BOU(H) EVE(A) TOT(H) MUN(H) SUN(A),0.71,0.59,0.75,0.7,0.67,3.42,2.48,0.46,3.42,2.0,0.78,0.46,0.2,0.0,0.0,0.0,0.18,-0.2
490,Wood,NFO,FWD,5.8,a,,,0.9,4,0,62,doubt,0.0,10.0,1.0,CRY(A) ARS(H) IPS(A) BRE(A) MCI(H),0.7,0.65,0.7,0.64,0.69,3.38,2.46,0.42,3.38,2.5,0.81,0.07,0.0,0.0,0.0,0.0,0.0,0.0
56,Abraham,AVL,FWD,5.5,a,100,,0.2,4,0,71,doubt,0.0,10.0,1.0,BRE(H) NEW(A) MCI(H) FUL(H) MUN(A),0.65,0.68,0.67,0.71,0.65,3.36,2.44,0.44,3.36,2.5,0.79,0.07,0.0,0.0,0.0,0.0,0.0,0.0
640,Flemming,IPS,FWD,5.5,a,,,0.1,6,0,60,doubt,0.0,10.0,2.5,FUL(H) MCI(A) NFO(H) HUL(A) BOU(H),0.75,0.62,0.64,0.61,0.71,3.33,2.44,0.44,3.33,2.5,1.25,0.08,0.0,0.0,0.0,0.0,0.0,-0.5
461,Touré,NEW,MID,5.8,a,,,0.1,8,0,50,doubt,0.0,10.0,3.5,COV(A) AVL(H) CRY(A) EVE(H) FUL(A),0.68,0.68,0.67,0.65,0.66,3.34,2.44,0.42,3.34,2.5,0.65,0.19,0.0,0.0,0.0,0.0,0.0,0.0
101,Henderson,CHE,MID,4.9,a,100,,0.0,2,1,90,doubt,0.2,18.0,1.0,BOU(H) EVE(A) TOT(H) MUN(H) SUN(A),0.69,0.59,0.73,0.68,0.66,3.35,2.43,0.5,3.35,2.0,0.58,0.36,0.2,0.0,0.0,0.0,0.21,0.0
585,Herrington,HUL,DEF,4.0,a,,,0.6,5,1,197,doubt,0.2,39.0,1.0,EVE(H) FUL(A) BRE(H) IPS(H) ARS(A),0.73,0.66,0.61,0.74,0.55,3.29,2.43,0.61,3.29,2.0,0.31,0.19,1.13,-0.41,0.0,0.0,0.06,0.0
343,James,LEE,MID,4.9,a,,,0.1,3,0,52,doubt,0.0,10.0,1.0,ARS(A) MUN(H) SUN(A) BOU(A) TOT(H),0.61,0.7,0.69,0.66,0.71,3.37,2.43,0.5,3.38,2.5,0.69,0.18,0.0,0.0,0.0,0.0,0.0,0.0
271,Muniz,FUL,FWD,5.4,a,,,0.4,3,0,38,doubt,0.0,10.0,0.5,IPS(A) HUL(H) COV(A) AVL(A) NEW(H),0.66,0.65,0.67,0.63,0.74,3.35,2.42,0.45,3.34,2.5,1.26,0.08,0.0,0.0,0.0,0.0,0.0,-0.5
635,Larsson,FUL,MID,5.0,a,,,0.0,3,0,37,doubt,0.0,10.0,1.0,IPS(A) HUL(H) COV(A) AVL(A) NEW(H),0.66,0.65,0.67,0.64,0.71,3.33,2.41,0.48,3.34,2.47,0.54,0.33,0.0,0.0,0.0,0.0,0.0,0.0
241,McNeil,CRY,MID,5.3,a,,,0.1,3,1,84,doubt,0.2,17.0,0.0,NFO(H) BHA(A) NEW(H) TOT(A) LIV(H),0.65,0.6,0.72,0.67,0.64,3.28,2.38,0.45,3.28,2.0,0.59,0.27,0.21,0.0,0.0,0.0,0.21,0.0
512,Kudus,TOT,MID,6.5,a,100,,0.2,7,0,123,doubt,0.0,10.0,2.5,MUN(A) COV(H) CHE(A) CRY(H) LEE(A),0.63,0.69,0.66,0.68,0.6,3.26,2.38,0.37,3.26,2.5,0.37,0.38,0.0,0.0,0.0,0.0,0.0,0.0
589,Gourna-Douath,HUL,MID,5.0,a,,,0.0,4,1,138,doubt,0.2,28.0,0.5,EVE(H) FUL(A) BRE(H) IPS(H) ARS(A),0.64,0.65,0.63,0.73,0.56,3.21,2.34,0.47,3.21,2.0,0.66,0.33,0.28,0.0,0.0,0.0,0.15,-0.2
188,Torp,COV,MID,5.3,a,,,0.1,3,0,53,doubt,0.0,10.0,0.5,NEW(H) TOT(A) FUL(H) SUN(H) EVE(A),0.66,0.62,0.65,0.66,0.59,3.18,2.32,0.44,3.18,2.5,0.41,0.27,0.0,0.0,0.0,0.0,0.0,0.0
263,Kevin,FUL,MID,5.3,a,,,0.0,4,0,61,doubt,0.0,10.0,1.0,IPS(A) HUL(H) COV(A) AVL(A) NEW(H),0.64,0.63,0.64,0.62,0.67,3.2,2.32,0.44,3.19,2.5,0.44,0.25,0.0,0.0,0.0,0.0,0.0,0.0
262,Smith Rowe,FUL,MID,5.3,a,,,0.2,3,0,38,doubt,0.0,10.0,0.5,IPS(A) HUL(H) COV(A) AVL(A) NEW(H),0.63,0.63,0.64,0.62,0.67,3.19,2.31,0.44,3.19,2.5,0.47,0.21,0.0,0.0,0.0,0.0,0.0,0.0
269,Sessegnon,FUL,DEF,4.3,a,100,,0.3,3,0,50,doubt,0.0,10.0,0.0,IPS(A) HUL(H) COV(A) AVL(A) NEW(H),0.63,0.63,0.64,0.62,0.67,3.19,2.31,0.54,3.19,2.5,0.34,0.35,0.0,0.0,0.0,0.0,0.0,0.0
600,Osman,BHA,MID,5.0,a,,,0.0,3,0,40,doubt,0.0,10.0,0.5,SUN(A) CRY(H) LIV(A) MCI(A) BRE(H),0.64,0.67,0.59,0.61,0.62,3.13,2.29,0.46,3.13,2.5,0.42,0.22,0.0,0.0,0.0,0.0,0.0,0.0
515,Maddison,TOT,MID,6.3,a,100,,0.4,3,0,59,doubt,0.0,10.0,1.0,MUN(A) COV(H) CHE(A) CRY(H) LEE(A),0.61,0.66,0.63,0.66,0.58,3.14,2.29,0.36,3.15,2.5,0.44,0.21,0.0,0.0,0.0,0.0,0.0,0.0
318,Philogene,IPS,MID,5.4,a,100,,0.1,2,0,52,doubt,0.0,10.0,1.0,FUL(H) MCI(A) NFO(H) HUL(A) BOU(H),0.66,0.6,0.61,0.6,0.64,3.11,2.27,0.42,3.11,2.5,0.43,0.18,0.0,0.0,0.0,0.0,0.0,0.0
323,McAteer,IPS,MID,4.4,a,,,1.0,3,0,42,doubt,0.0,10.0,0.0,FUL(H) MCI(A) NFO(H) HUL(A) BOU(H),0.66,0.6,0.61,0.6,0.64,3.11,2.27,0.52,3.1,2.5,0.42,0.18,0.0,0.0,0.0,0.0,0.0,0.0
255,J.Cuenca,FUL,DEF,4.5,a,,,0.0,3,1,90,doubt,0.2,18.0,0.0,IPS(A) HUL(H) COV(A) AVL(A) NEW(H),0.5,0.66,0.72,0.63,0.63,3.14,2.25,0.5,3.15,2.0,0.28,0.16,1.02,-0.47,0.0,0.0,0.16,0.0
42,Guessand,CRY,MID,5.4,a,,,0.0,2,0,54,doubt,0.0,10.0,0.0,NFO(H) BHA(A) NEW(H) TOT(A) LIV(H),0.6,0.6,0.65,0.61,0.61,3.07,2.23,0.41,3.08,2.5,0.39,0.19,0.0,0.0,0.0,0.0,0.0,0.0
19,Zubimendi,ARS,MID,5.3,a,,,0.6,5,0,89,doubt,0.0,10.0,1.0,LEE(H) NFO(A) EVE(H) LIV(A) HUL(H),0.62,0.59,0.62,0.6,0.63,3.06,2.22,0.42,3.05,2.5,0.41,0.14,0.0,0.0,0.0,0.0,0.0,0.0
375,Nyoni,LIV,MID,4.9,a,,,0.0,3,0,38,doubt,0.0,10.0,0.5,MCI(H) BRE(A) BHA(H) ARS(H) CRY(A),0.62,0.58,0.63,0.59,0.62,3.04,2.21,0.45,3.04,2.5,0.36,0.18,0.0,0.0,0.0,0.0,0.0,0.0
406,Kovačić,MCI,MID,5.3,a,,,0.1,2,0,42,doubt,0.0,10.0,0.0,LIV(A) IPS(H) AVL(A) BHA(H) NFO(A),0.58,0.65,0.6,0.63,0.58,3.04,2.21,0.42,3.05,2.5,0.36,0.19,0.0,0.0,0.0,0.0,0.0,0.0
608,Jebbison,BOU,FWD,5.0,a,,,0.1,3,0,31,doubt,0.0,8.0,0.5,CHE(A) SUN(H) MUN(A) LEE(H) IPS(A),0.61,0.65,0.58,0.57,0.6,3.01,2.2,0.44,3.0,2.07,0.86,0.07,0.0,0.0,0.0,0.0,0.0,0.0
583,Chavarria,CHE,DEF,4.9,a,,,0.2,5,1,208,doubt,0.2,42.0,1.0,BOU(H) EVE(A) TOT(H) MUN(H) SUN(A),0.65,0.49,0.79,0.55,0.49,2.97,2.19,0.45,2.97,2.0,0.45,0.27,0.8,-0.61,0.0,0.0,0.05,0.0
506,Udogie,TOT,DEF,4.4,a,100,,0.3,7,1,86,doubt,0.2,17.0,0.0,MUN(A) COV(H) CHE(A) CRY(H) LEE(A),0.45,0.86,0.49,0.71,0.48,2.99,2.18,0.49,2.98,2.0,0.28,0.36,0.93,-0.55,0.0,0.0,0.16,-0.2
656,Mfuni,COV,DEF,4.0,a,,,0.1,6,1,90,doubt,0.2,18.0,3.0,NEW(H) TOT(A) FUL(H) SUN(H) EVE(A),0.6,0.65,0.63,0.58,0.48,2.94,2.17,0.54,2.93,2.0,0.3,0.14,0.87,-0.54,0.0,0.0,0.16,0.0
364,Tsimikas,LIV,DEF,4.9,a,,,0.1,2,1,64,doubt,0.2,13.0,0.5,MCI(H) BRE(A) BHA(H) ARS(H) CRY(A),0.59,0.53,0.55,0.68,0.7,3.05,2.17,0.44,3.05,2.0,0.26,0.1,0.99,-0.48,0.0,0.0,0.17,0.0
14,Eze,ARS,MID,6.2,a,,,1.0,4,0,85,doubt,0.0,10.0,1.0,LEE(H) NFO(A) EVE(H) LIV(A) HUL(H),0.6,0.58,0.6,0.58,0.61,2.97,2.16,0.35,2.96,2.5,0.29,0.17,0.0,0.0,0.0,0.0,0.0,0.0
498,Senesi,TOT,DEF,5.8,a,,,3.5,3,1,90,doubt,0.2,18.0,0.0,MUN(A) COV(H) CHE(A) CRY(H) LEE(A),0.45,0.85,0.49,0.69,0.49,2.97,2.16,0.37,2.97,2.0,0.28,0.15,0.93,-0.55,0.0,0.0,0.16,0.0
599,Cherif,COV,FWD,5.0,a,,,0.1,1,0,30,doubt,0.0,8.0,0.5,NEW(H) TOT(A) FUL(H) SUN(H) EVE(A),0.61,0.55,0.6,0.62,0.51,2.89,2.12,0.42,2.9,2.0,0.82,0.07,0.0,0.0,0.0,0.0,0.0,0.0
422,Mazraoui,MUN,DEF,4.4,d,75,Back injury - 75% chance of playing,0.5,3,1,97,doubt,0.15,15.0,0.0,TOT(H) LEE(A) BOU(H) CHE(A) AVL(H),0.71,0.44,0.61,0.47,0.67,2.9,2.12,0.48,2.89,1.5,0.59,0.15,0.86,-0.33,0.0,0.0,0.11,0.0
596,Ruggeri,AVL,DEF,4.5,a,,,0.1,5,1,113,doubt,0.2,23.0,1.5,BRE(H) NEW(A) MCI(H) FUL(H) MUN(A),0.56,0.58,0.52,0.73,0.49,2.88,2.09,0.46,2.88,2.0,0.36,0.17,0.79,-0.59,0.0,0.0,0.14,0.0
592,Ouattara,IPS,DEF,4.0,a,,,0.8,6,1,131,doubt,0.2,26.0,1.5,FUL(H) MCI(A) NFO(H) HUL(A) BOU(H),0.67,0.34,0.65,0.55,0.65,2.86,2.06,0.52,2.86,2.0,0.33,0.17,0.83,-0.6,0.0,0.0,0.12,0.0
631,Mbaye,AVL,MID,6.0,a,,,0.1,2,0,33,doubt,0.0,9.0,1.0,BRE(H) NEW(A) MCI(H) FUL(H) MUN(A),0.55,0.57,0.56,0.59,0.55,2.82,2.05,0.34,2.82,2.2,0.38,0.24,0.0,0.0,0.0,0.0,0.0,0.0
213,Lerma,CRY,MID,4.8,a,,,0.1,1,0,51,doubt,0.0,10.0,0.5,NFO(H) BHA(A) NEW(H) TOT(A) LIV(H),0.54,0.54,0.61,0.55,0.54,2.78,2.02,0.42,2.78,2.5,0.6,0.18,0.0,0.0,0.0,0.0,0.0,-0.5
633,Ahanor,CRY,DEF,4.5,a,,,0.0,3,1,90,doubt,0.2,18.0,1.5,NFO(H) BHA(A) NEW(H) TOT(A) LIV(H),0.64,0.29,0.62,0.67,0.56,2.78,2.0,0.44,2.78,2.0,0.26,0.13,0.85,-0.61,0.0,0.0,0.15,0.0
620,Diouf,BRE,DEF,4.5,a,,,0.1,2,0,39,doubt,0.0,10.0,1.0,AVL(A) LIV(H) HUL(A) NFO(H) BHA(A),0.55,0.55,0.54,0.55,0.55,2.74,1.99,0.44,2.74,2.5,0.16,0.08,0.0,0.0,0.0,0.0,0.0,0.0
584,Hamer,COV,MID,5.4,a,,,0.1,3,0,32,doubt,0.0,9.0,0.0,NEW(H) TOT(A) FUL(H) SUN(H) EVE(A),0.56,0.53,0.56,0.57,0.5,2.72,1.99,0.37,2.71,2.13,0.38,0.2,0.0,0.0,0.0,0.0,0.0,0.0
439,Šeško,MUN,FWD,7.0,d,75,Shin injury - 75% chance of playing,1.6,8,0,76,doubt,0.0,8.0,0.4,TOT(H) LEE(A) BOU(H) CHE(A) AVL(H),0.57,0.49,0.57,0.56,0.56,2.75,1.99,0.28,2.75,1.88,0.82,0.06,0.0,0.0,0.0,0.0,0.0,0.0
185,Sakamoto,COV,MID,4.8,a,,,0.1,1,0,31,doubt,0.0,8.0,0.0,NEW(H) TOT(A) FUL(H) SUN(H) EVE(A),0.55,0.51,0.55,0.55,0.49,2.65,1.94,0.4,2.65,2.07,0.39,0.19,0.0,0.0,0.0,0.0,0.0,0.0
25,Gyökeres,ARS,FWD,7.1,a,,,3.3,2,0,29,doubt,0.0,8.0,0.5,LEE(H) NFO(A) EVE(H) LIV(A) HUL(H),0.54,0.51,0.54,0.51,0.56,2.66,1.93,0.27,2.66,1.93,0.59,0.13,0.0,0.0,0.0,0.0,0.0,0.0
74,Brooks,BOU,MID,5.0,a,100,,0.1,3,0,45,doubt,0.0,10.0,0.5,CHE(A) SUN(H) MUN(A) LEE(H) IPS(A),0.53,0.56,0.51,0.5,0.52,2.62,1.92,0.38,2.63,2.5,0.4,0.24,0.0,0.0,0.0,0.0,0.0,-0.5
395,Lewis,MCI,DEF,4.4,a,,,0.2,1,1,56,doubt,0.2,11.0,0.0,LIV(A) IPS(H) AVL(A) BHA(H) NFO(A),0.47,0.6,0.58,0.46,0.51,2.62,1.91,0.43,2.61,1.6,0.38,0.09,0.63,-0.28,0.0,0.0,0.18,0.0
240,Iroegbunam,HUL,MID,5.0,a,100,,0.0,2,0,70,doubt,0.0,10.0,0.5,EVE(H) FUL(A) BRE(H) IPS(H) ARS(A),0.51,0.52,0.51,0.56,0.48,2.58,1.88,0.38,2.58,2.5,0.42,0.16,0.0,0.0,0.0,0.0,0.0,-0.5
17,Merino,ARS,MID,5.7,a,,,0.4,4,0,81,doubt,0.0,10.0,1.0,LEE(H) NFO(A) EVE(H) LIV(A) HUL(H),0.52,0.5,0.52,0.5,0.53,2.57,1.87,0.33,2.57,2.5,0.38,0.2,0.0,0.0,0.0,0.0,0.0,-0.5
160,Garnacho,AVL,MID,5.8,a,,,0.3,3,0,31,doubt,0.0,8.0,0.0,BRE(H) NEW(A) MCI(H) FUL(H) MUN(A),0.5,0.52,0.51,0.54,0.5,2.57,1.87,0.32,2.58,2.07,0.34,0.17,0.0,0.0,0.0,0.0,0.0,0.0
549,Talbi,SUN,MID,5.3,a,,,0.1,1,0,31,doubt,0.0,8.0,0.0,BHA(H) BOU(A) LEE(H) COV(A) CHE(H),0.52,0.5,0.5,0.52,0.55,2.59,1.87,0.35,2.59,2.07,0.36,0.17,0.0,0.0,0.0,0.0,0.0,0.0
119,Costinha,BHA,DEF,4.5,a,,,0.0,4,0,68,doubt,0.0,10.0,1.0,SUN(A) CRY(H) LIV(A) MCI(A) BRE(H),0.52,0.54,0.48,0.49,0.5,2.53,1.85,0.41,2.52,2.5,0.29,0.23,0.0,0.0,0.0,0.0,0.0,-0.5
300,Walton,IPS,GK,4.4,a,,,0.4,2,1,90,doubt,0.2,18.0,1.0,FUL(H) MCI(A) NFO(H) HUL(A) BOU(H),0.58,0.3,0.6,0.51,0.58,2.57,1.85,0.42,2.59,2.0,0.0,0.01,0.83,-0.6,0.15,0.0,0.18,0.0
571,Florentino,IPS,MID,4.8,a,100,,0.1,2,0,30,doubt,0.0,8.0,1.0,FUL(H) MCI(A) NFO(H) HUL(A) BOU(H),0.52,0.48,0.49,0.47,0.51,2.47,1.8,0.38,2.47,2.0,0.32,0.16,0.0,0.0,0.0,0.0,0.0,0.0
612,Methalie,SUN,DEF,4.5,a,100,,0.0,-1,1,90,doubt,0.2,18.0,-0.5,BHA(H) BOU(A) LEE(H) COV(A) CHE(H),0.36,0.47,0.52,0.66,0.53,2.54,1.78,0.39,2.54,2.0,0.35,0.14,0.74,-0.64,0.0,0.0,0.16,-0.2
212,Hughes,CRY,MID,4.4,a,,,7.2,2,0,29,doubt,0.0,8.0,0.5,NFO(H) BHA(A) NEW(H) TOT(A) LIV(H),0.47,0.47,0.51,0.48,0.47,2.4,1.74,0.4,2.41,1.93,0.31,0.17,0.0,0.0,0.0,0.0,0.0,0.0
643,Chilwell,CRY,DEF,4.5,a,,,0.4,8,0,29,doubt,0.0,8.0,0.5,NFO(H) BHA(A) NEW(H) TOT(A) LIV(H),0.47,0.47,0.51,0.47,0.47,2.39,1.74,0.39,2.39,1.93,0.38,0.07,0.0,0.0,0.0,0.0,0.0,0.0
539,O'Nien,SUN,DEF,3.9,a,,,2.5,1,1,66,doubt,0.2,13.0,0.0,BHA(H) BOU(A) LEE(H) COV(A) CHE(H),0.33,0.46,0.5,0.64,0.5,2.43,1.7,0.44,2.44,2.0,0.25,0.11,0.74,-0.64,0.0,0.0,0.18,-0.2
9,Hincapie,ARS,DEF,5.2,a,,,0.9,2,0,32,doubt,0.0,9.0,0.0,LEE(H) NFO(A) EVE(H) LIV(A) HUL(H),0.47,0.46,0.47,0.46,0.47,2.33,1.69,0.33,2.33,2.13,0.14,0.06,0.0,0.0,0.0,0.0,0.0,0.0
164,Quenda,CHE,MID,5.3,a,100,,0.0,2,0,27,doubt,0.0,7.0,0.5,BOU(H) EVE(A) TOT(H) MUN(H) SUN(A),0.47,0.43,0.47,0.47,0.46,2.3,1.67,0.32,2.29,1.8,0.33,0.15,0.0,0.0,0.0,0.0,0.0,0.0
595,Gozo,CRY,MID,4.9,a,,,0.0,2,0,28,doubt,0.0,7.0,0.5,NFO(H) BHA(A) NEW(H) TOT(A) LIV(H),0.45,0.45,0.49,0.46,0.45,2.3,1.67,0.34,2.31,1.87,0.3,0.15,0.0,0.0,0.0,0.0,0.0,0.0
559,Bamba,NEW,MID,4.9,a,,,0.1,3,0,27,doubt,0.0,7.0,1.0,COV(A) AVL(H) CRY(A) EVE(H) FUL(A),0.45,0.46,0.45,0.44,0.45,2.25,1.64,0.33,2.25,1.8,0.3,0.15,0.0,0.0,0.0,0.0,0.0,0.0
328,Struijk,BHA,DEF,4.9,d,75,Hamstring injury - 75% chance of playing,0.2,7,1,98,doubt,0.15,15.0,2.2,SUN(A) CRY(H) LIV(A) MCI(A) BRE(H),0.44,0.59,0.4,0.32,0.44,2.19,1.63,0.33,2.18,1.5,0.46,0.1,0.61,-0.44,0.0,0.0,0.11,-0.15
245,Dibling,EVE,MID,5.4,a,,,0.0,1,0,24,doubt,0.0,6.0,0.5,HUL(A) CHE(H) ARS(A) NEW(A) COV(H),0.41,0.47,0.39,0.44,0.47,2.18,1.57,0.29,2.17,1.6,0.38,0.19,0.0,0.0,0.0,0.0,0.0,0.0
594,David,BHA,FWD,5.9,a,,,0.2,1,0,23,doubt,0.0,6.0,0.0,SUN(A) CRY(H) LIV(A) MCI(A) BRE(H),0.42,0.46,0.36,0.38,0.4,2.02,1.48,0.25,2.02,1.53,0.74,0.05,0.0,0.0,0.0,0.0,0.0,-0.31
157,Estêvão,CHE,MID,6.3,a,,,0.7,4,0,23,doubt,0.0,6.0,1.0,BOU(H) EVE(A) TOT(H) MUN(H) SUN(A),0.41,0.37,0.41,0.41,0.4,2.0,1.45,0.23,2.0,1.53,0.31,0.16,0.0,0.0,0.0,0.0,0.0,0.0
478,Netz,NFO,DEF,4.4,a,,,0.0,3,0,27,doubt,0.0,7.0,0.5,CRY(A) ARS(H) IPS(A) BRE(A) MCI(H),0.4,0.39,0.4,0.39,0.4,1.98,1.44,0.33,2.0,1.8,0.13,0.07,0.0,0.0,0.0,0.0,0.0,0.0
381,Koumas,LIV,MID,5.0,a,,,0.0,3,0,22,doubt,0.0,6.0,0.5,MCI(H) BRE(A) BHA(H) ARS(H) CRY(A),0.4,0.37,0.41,0.38,0.4,1.96,1.42,0.28,1.95,1.47,0.37,0.11,0.0,0.0,0.0,0.0,0.0,0.0
285,McNair,HUL,DEF,4.0,a,100,,0.1,1,0,26,doubt,0.0,7.0,0.0,EVE(H) FUL(A) BRE(H) IPS(H) ARS(A),0.38,0.39,0.38,0.4,0.37,1.92,1.4,0.35,1.92,1.73,0.13,0.06,0.0,0.0,0.0,0.0,0.0,0.0
440,Zirkzee,MUN,FWD,5.3,a,,,0.4,2,0,20,doubt,0.0,5.0,1.0,TOT(H) LEE(A) BOU(H) CHE(A) AVL(H),0.4,0.34,0.4,0.39,0.39,1.92,1.39,0.26,1.92,1.33,0.54,0.05,0.0,0.0,0.0,0.0,0.0,0.0
52,Alysson,AVL,MID,5.0,d,75,Unspecified injury - 75% chance of playing,0.0,8,0,87,doubt,0.0,8.0,2.2,BRE(H) NEW(A) MCI(H) FUL(H) MUN(A),0.37,0.38,0.38,0.4,0.37,1.9,1.38,0.28,1.9,1.88,0.28,0.12,0.0,0.0,0.0,0.0,0.0,-0.38
637,Vaz,HUL,FWD,5.0,a,,,0.1,2,0,20,doubt,0.0,5.0,1.0,EVE(H) FUL(A) BRE(H) IPS(H) ARS(A),0.37,0.38,0.37,0.41,0.34,1.87,1.36,0.27,1.86,1.33,0.49,0.05,0.0,0.0,0.0,0.0,0.0,0.0
446,Schär,NEW,DEF,4.9,a,100,,0.2,2,0,25,doubt,0.0,7.0,0.5,COV(A) AVL(H) CRY(A) EVE(H) FUL(A),0.38,0.38,0.37,0.37,0.37,1.87,1.36,0.28,1.87,1.67,0.14,0.07,0.0,0.0,0.0,0.0,0.0,0.0
16,Madueke,ARS,MID,6.2,a,,,0.2,2,0,23,doubt,0.0,6.0,0.0,LEE(H) NFO(A) EVE(H) LIV(A) HUL(H),0.38,0.36,0.38,0.36,0.38,1.86,1.35,0.22,1.86,1.53,0.21,0.12,0.0,0.0,0.0,0.0,0.0,0.0
616,Bouaddi,MCI,MID,5.5,a,,,0.2,2,0,22,doubt,0.0,6.0,0.0,LIV(A) IPS(H) AVL(A) BHA(H) NFO(A),0.35,0.4,0.37,0.38,0.35,1.85,1.35,0.24,1.85,1.47,0.23,0.15,0.0,0.0,0.0,0.0,0.0,0.0
535,Alderete,SUN,DEF,4.8,a,100,,0.2,1,0,23,doubt,0.0,6.0,0.0,BHA(H) BOU(A) LEE(H) COV(A) CHE(H),0.35,0.34,0.34,0.35,0.36,1.74,1.26,0.26,1.73,1.53,0.13,0.06,0.0,0.0,0.0,0.0,0.0,0.0
256,Tete,FUL,DEF,4.4,a,100,,0.2,0,0,27,doubt,0.0,7.0,0.0,IPS(A) HUL(H) COV(A) AVL(A) NEW(H),0.33,0.33,0.33,0.33,0.34,1.66,1.2,0.27,1.66,1.8,0.15,0.07,0.0,0.0,0.0,0.0,0.0,-0.36
420,Yoro,MUN,DEF,4.8,a,,,0.5,2,0,22,doubt,0.0,6.0,0.0,TOT(H) LEE(A) BOU(H) CHE(A) AVL(H),0.34,0.32,0.33,0.33,0.33,1.65,1.2,0.25,1.66,1.47,0.13,0.06,0.0,0.0,0.0,0.0,0.0,0.0
638,Norton-Cuffy,HUL,DEF,4.0,d,75,Hamstring injury - 75% chance of playing,0.2,1,0,34,doubt,0.0,7.0,0.0,EVE(H) FUL(A) BRE(H) IPS(H) ARS(A),0.31,0.32,0.31,0.33,0.3,1.57,1.14,0.29,1.58,1.7,0.16,0.06,0.0,0.0,0.0,0.0,0.0,-0.34
450,Livramento,NEW,DEF,4.9,d,75,Unspecified injury - 75% chance of playing,0.1,4,0,33,doubt,0.0,7.0,1.1,COV(A) AVL(H) CRY(A) EVE(H) FUL(A),0.3,0.31,0.3,0.3,0.3,1.51,1.1,0.22,1.51,1.65,0.13,0.06,0.0,0.0,0.0,0.0,0.0,-0.33
76,Tóth.A,BOU,MID,4.9,a,,,0.0,2,0,17,doubt,0.0,5.0,0.5,CHE(A) SUN(H) MUN(A) LEE(H) IPS(A),0.29,0.3,0.28,0.28,0.29,1.44,1.05,0.21,1.44,1.13,0.2,0.1,0.0,0.0,0.0,0.0,0.0,0.0
548,Rigg,SUN,MID,4.9,a,,,0.0,2,0,17,doubt,0.0,5.0,0.0,BHA(H) BOU(A) LEE(H) COV(A) CHE(H),0.29,0.28,0.28,0.29,0.31,1.45,1.05,0.21,1.44,1.13,0.21,0.1,0.0,0.0,0.0,0.0,0.0,0.0
400,Doku,MCI,MID,7.4,a,100,,0.7,1,0,15,doubt,0.0,4.0,0.5,LIV(A) IPS(H) AVL(A) BHA(H) NFO(A),0.26,0.31,0.27,0.29,0.26,1.39,1.01,0.14,1.39,1.0,0.24,0.15,0.0,0.0,0.0,0.0,0.0,0.0
35,Bogarde,AVL,MID,4.9,a,,,0.1,1,0,16,doubt,0.0,4.0,0.0,BRE(H) NEW(A) MCI(H) FUL(H) MUN(A),0.26,0.27,0.27,0.28,0.26,1.34,0.97,0.2,1.35,1.07,0.19,0.09,0.0,0.0,0.0,0.0,0.0,0.0
641,Bard,LEE,DEF,4.5,a,,,0.0,1,0,18,doubt,0.0,5.0,0.5,ARS(A) MUN(H) SUN(A) BOU(A) TOT(H),0.26,0.27,0.27,0.27,0.27,1.34,0.97,0.22,1.34,1.2,0.1,0.04,0.0,0.0,0.0,0.0,0.0,0.0
308,Furlong,IPS,DEF,3.9,a,,,0.6,1,0,17,doubt,0.0,5.0,0.0,FUL(H) MCI(A) NFO(H) HUL(A) BOU(H),0.26,0.25,0.25,0.25,0.26,1.27,0.92,0.24,1.27,1.13,0.09,0.04,0.0,0.0,0.0,0.0,0.0,0.0
207,Mingueza,CRY,DEF,4.4,a,,,0.1,2,0,16,doubt,0.0,4.0,0.0,NFO(H) BHA(A) NEW(H) TOT(A) LIV(H),0.24,0.24,0.25,0.24,0.24,1.21,0.88,0.2,1.19,1.07,0.09,0.04,0.0,0.0,0.0,0.0,0.0,0.0
108,Wilson,BRE,FWD,5.4,a,,,0.3,3,0,13,doubt,0.0,3.0,0.0,AVL(A) LIV(H) HUL(A) NFO(H) BHA(A),0.24,0.24,0.23,0.24,0.24,1.19,0.87,0.16,1.21,0.87,0.31,0.03,0.0,0.0,0.0,0.0,0.0,0.0
232,O'Brien,EVE,DEF,4.8,a,,,0.3,2,0,16,doubt,0.0,4.0,1.0,HUL(A) CHE(H) ARS(A) NEW(A) COV(H),0.23,0.25,0.23,0.24,0.25,1.2,0.87,0.18,1.2,1.07,0.09,0.04,0.0,0.0,0.0,0.0,0.0,0.0
72,Gannon-Doak,BOU,MID,4.9,a,,,0.1,4,0,12,doubt,0.0,3.0,1.0,CHE(A) SUN(H) MUN(A) LEE(H) IPS(A),0.22,0.23,0.21,0.2,0.21,1.07,0.78,0.16,1.07,0.8,0.18,0.08,0.0,0.0,0.0,0.0,0.0,0.0
81,Rodríguez,BOU,FWD,6.0,a,100,,0.1,2,0,10,doubt,0.0,3.0,0.5,CHE(A) SUN(H) MUN(A) LEE(H) IPS(A),0.2,0.21,0.19,0.18,0.19,0.97,0.71,0.12,0.97,0.67,0.28,0.02,0.0,0.0,0.0,0.0,0.0,0.0
321,Walle Egeli,IPS,FWD,4.5,a,,,3.5,1,0,10,doubt,0.0,3.0,0.0,FUL(H) MCI(A) NFO(H) HUL(A) BOU(H),0.21,0.18,0.18,0.18,0.2,0.95,0.69,0.15,0.95,0.67,0.26,0.02,0.0,0.0,0.0,0.0,0.0,0.0
621,McAidoo,MCI,MID,4.5,a,,,0.1,2,0,11,doubt,0.0,3.0,0.0,LIV(A) IPS(H) AVL(A) BHA(H) NFO(A),0.18,0.2,0.19,0.19,0.18,0.94,0.68,0.15,0.94,0.73,0.15,0.06,0.0,0.0,0.0,0.0,0.0,0.0
126,O'Riley,BHA,MID,5.4,a,,,0.1,2,0,10,doubt,0.0,3.0,1.0,SUN(A) CRY(H) LIV(A) MCI(A) BRE(H),0.19,0.2,0.17,0.17,0.18,0.91,0.67,0.12,0.9,0.67,0.18,0.06,0.0,0.0,0.0,0.0,0.0,0.0
430,Mount,MUN,MID,5.4,a,100,,0.0,1,0,10,doubt,0.0,3.0,0.5,TOT(H) LEE(A) BOU(H) CHE(A) AVL(H),0.18,0.16,0.18,0.18,0.18,0.88,0.64,0.12,0.87,0.67,0.15,0.06,0.0,0.0,0.0,0.0,0.0,0.0
339,Longstaff,LEE,MID,4.8,a,,,0.1,2,0,10,doubt,0.0,3.0,0.5,ARS(A) MUN(H) SUN(A) BOU(A) TOT(H),0.16,0.17,0.17,0.17,0.17,0.84,0.61,0.13,0.84,0.67,0.12,0.06,0.0,0.0,0.0,0.0,0.0,0.0
435,Lacey,MUN,MID,4.9,a,,,0.1,1,0,10,doubt,0.0,3.0,0.0,TOT(H) LEE(A) BOU(H) CHE(A) AVL(H),0.17,0.16,0.17,0.17,0.17,0.84,0.61,0.12,0.85,0.67,0.12,0.06,0.0,0.0,0.0,0.0,0.0,0.0
208,Sarr,CRY,MID,6.2,a,100,,0.6,1,0,8,doubt,0.0,2.0,0.5,NFO(H) BHA(A) NEW(H) TOT(A) LIV(H),0.13,0.13,0.14,0.13,0.13,0.66,0.48,0.08,0.67,0.53,0.09,0.05,0.0,0.0,0.0,0.0,0.0,0.0
574,Hjertø-Dahl,HUL,MID,4.9,a,,,0.1,1,0,8,doubt,0.0,2.0,0.0,EVE(H) FUL(A) BRE(H) IPS(H) ARS(A),0.13,0.13,0.13,0.14,0.12,0.65,0.47,0.1,0.67,0.53,0.09,0.04,0.0,0.0,0.0,0.0,0.0,0.0
340,Gelhardt,HUL,MID,5.0,a,100,,0.0,1,0,7,doubt,0.0,2.0,0.5,EVE(H) FUL(A) BRE(H) IPS(H) ARS(A),0.12,0.12,0.12,0.13,0.11,0.6,0.44,0.09,0.6,0.47,0.1,0.04,0.0,0.0,0.0,0.0,0.0,0.0
20,Dowman,ARS,MID,5.3,d,75,Unspecified injury - 75% chance of playing,0.1,1,0,9,doubt,0.0,2.0,0.4,LEE(H) NFO(A) EVE(H) LIV(A) HUL(H),0.11,0.11,0.11,0.11,0.11,0.55,0.4,0.08,0.55,0.45,0.07,0.04,0.0,0.0,0.0,0.0,0.0,0.0
159,Caicedo,CHE,MID,5.3,d,50,Calf injury - 50% chance of playing,1.0,1,0,13,doubt,0.0,2.0,0.0,BOU(H) EVE(A) TOT(H) MUN(H) SUN(A),0.11,0.1,0.11,0.11,0.11,0.54,0.39,0.07,0.55,0.43,0.08,0.04,0.0,0.0,0.0,0.0,0.0,0.0
147,Tosin,TOT,DEF,4.4,a,,,0.1,1,0,5,doubt,0.0,1.0,0.5,MUN(A) COV(H) CHE(A) CRY(H) LEE(A),0.07,0.08,0.08,0.08,0.07,0.38,0.28,0.06,0.38,0.33,0.03,0.01,0.0,0.0,0.0,0.0,0.0,0.0
243,Alcaraz,EVE,MID,4.9,a,,,0.1,1,0,5,doubt,0.0,1.0,0.0,HUL(A) CHE(H) ARS(A) NEW(A) COV(H),0.07,0.08,0.07,0.07,0.08,0.37,0.27,0.05,0.37,0.33,0.07,0.03,0.0,0.0,0.0,0.0,0.0,-0.07
120,Svoboda,BHA,DEF,5.0,a,,,0.1,1,0,4,doubt,0.0,1.0,0.5,SUN(A) CRY(H) LIV(A) MCI(A) BRE(H),0.06,0.06,0.06,0.06,0.06,0.3,0.22,0.04,0.3,0.27,0.02,0.01,0.0,0.0,0.0,0.0,0.0,0.0
100,Carvalho,BRE,MID,5.0,a,100,,0.0,6,0,3,doubt,0.0,1.0,3.0,AVL(A) LIV(H) HUL(A) NFO(H) BHA(A),0.06,0.06,0.05,0.06,0.05,0.28,0.21,0.04,0.27,0.2,0.06,0.02,0.0,0.0,0.0,0.0,0.0,0.0
556,Targett,HUL,DEF,4.0,d,75,Ankle injury - 75% chance of playing,1.6,1,0,5,doubt,0.0,1.0,0.0,EVE(H) FUL(A) BRE(H) IPS(H) ARS(A),0.06,0.06,0.06,0.06,0.05,0.29,0.21,0.05,0.28,0.25,0.02,0.01,0.0,0.0,0.0,0.0,0.0,0.0
662,Nicoll-Jazuli,CHE,MID,4.5,a,,,0.0,1,0,3,doubt,0.0,1.0,1.1,BOU(H) EVE(A) TOT(H) MUN(H) SUN(A),0.05,0.05,0.05,0.05,0.05,0.25,0.18,0.04,0.26,0.2,0.04,0.02,0.0,0.0,0.0,0.0,0.0,0.0
89,Henry,BRE,DEF,4.4,a,,,0.2,1,0,2,doubt,0.0,1.0,0.0,AVL(A) LIV(H) HUL(A) NFO(H) BHA(A),0.03,0.03,0.03,0.03,0.03,0.15,0.11,0.02,0.15,0.13,0.01,0.0,0.0,0.0,0.0,0.0,0.0,0.0
647,Osorio,CRY,MID,5.5,a,,,0.0,1,0,1,doubt,0.0,0.0,0.0,NFO(H) BHA(A) NEW(H) TOT(A) LIV(H),0.02,0.02,0.02,0.02,0.02,0.1,0.07,0.01,0.08,0.07,0.01,0.01,0.0,0.0,0.0,0.0,0.0,0.0
648,Bahoya,LEE,MID,5.0,a,,,0.0,1,0,1,doubt,0.0,0.0,0.5,ARS(A) MUN(H) SUN(A) BOU(A) TOT(H),0.02,0.02,0.02,0.02,0.02,0.1,0.07,0.01,0.08,0.07,0.01,0.01,0.0,0.0,0.0,0.0,0.0,0.0
482,Hudson-Odoi,NFO,MID,5.8,a,100,,0.1,1,0,1,doubt,0.0,0.0,0.0,CRY(A) ARS(H) IPS(A) BRE(A) MCI(H),0.02,0.02,0.02,0.02,0.02,0.1,0.07,0.01,0.08,0.07,0.01,0.01,0.0,0.0,0.0,0.0,0.0,0.0
487,Dominguez,NFO,MID,4.9,a,,,0.1,1,0,1,doubt,0.0,0.0,0.0,CRY(A) ARS(H) IPS(A) BRE(A) MCI(H),0.02,0.02,0.02,0.02,0.02,0.1,0.07,0.01,0.08,0.07,0.01,0.01,0.0,0.0,0.0,0.0,0.0,0.0
493,Kalimuendo,NFO,FWD,5.4,a,,,0.1,1,0,1,doubt,0.0,0.0,0.0,CRY(A) ARS(H) IPS(A) BRE(A) MCI(H),0.02,0.02,0.02,0.02,0.02,0.1,0.07,0.01,0.09,0.07,0.03,0.0,0.0,0.0,0.0,0.0,0.0,0.0
179,Latibeaudiere,COV,DEF,4.0,a,,,0.0,1,0,1,doubt,0.0,0.0,0.5,NEW(H) TOT(A) FUL(H) SUN(H) EVE(A),0.02,0.01,0.02,0.02,0.01,0.08,0.06,0.01,0.08,0.07,0.01,0.0,0.0,0.0,0.0,0.0,0.0,0.0
396,Vitor Reis,MCI,DEF,4.5,a,,,0.0,1,0,1,doubt,0.0,0.0,0.0,LIV(A) IPS(H) AVL(A) BHA(H) NFO(A),0.01,0.02,0.01,0.02,0.01,0.07,0.05,0.01,0.07,0.07,0.01,0.0,0.0,0.0,0.0,0.0,0.0,0.0
622,Braithwaite,MCI,DEF,4.0,a,,,0.2,1,0,1,doubt,0.0,0.0,0.0,LIV(A) IPS(H) AVL(A) BHA(H) NFO(A),0.01,0.02,0.01,0.02,0.01,0.07,0.05,0.01,0.07,0.07,0.01,0.0,0.0,0.0,0.0,0.0,0.0,0.0
2,Arrizabalaga,ARS,GK,4.9,a,,,0.1,0,0,0,out,0.0,0.0,0.0,LEE(H) NFO(A) EVE(H) LIV(A) HUL(H),0.0,0.0,0.0,0.0,0.0,0.0,0.0,0.0,0.0,0.0,0.0,0.0,0.0,0.0,0.0,0.0,0.0,0.0
3,Meslier,ARS,GK,4.9,a,,,0.0,0,0,0,out,0.0,0.0,0.0,LEE(H) NFO(A) EVE(H) LIV(A) HUL(H),0.0,0.0,0.0,0.0,0.0,0.0,0.0,0.0,0.0,0.0,0.0,0.0,0.0,0.0,0.0,0.0,0.0,0.0
6,Saliba,ARS,DEF,5.9,i,0,Back injury - Unknown return date,0.2,0,0,0,out,0.0,0.0,0.0,LEE(H) NFO(A) EVE(H) LIV(A) HUL(H),0.0,0.0,0.0,0.0,0.0,0.0,0.0,0.0,0.0,0.0,0.0,0.0,0.0,0.0,0.0,0.0,0.0,0.0
18,Martinelli,ARS,MID,6.3,u,0,Has joined Al Hilal permanently,0.1,0,0,0,out,0.0,0.0,0.0,LEE(H) NFO(A) EVE(H) LIV(A) HUL(H),0.0,0.0,0.0,0.0,0.0,0.0,0.0,0.0,0.0,0.0,0.0,0.0,0.0,0.0,0.0,0.0,0.0,0.0
22,Nwaneri,ARS,MID,5.4,u,0,Has joined Borussia Dortmund on loan for the rest of the sea,0.0,0,0,0,out,0.0,0.0,0.0,LEE(H) NFO(A) EVE(H) LIV(A) HUL(H),0.0,0.0,0.0,0.0,0.0,0.0,0.0,0.0,0.0,0.0,0.0,0.0,0.0,0.0,0.0,0.0,0.0,0.0
23,Fábio Vieira,ARS,MID,5.5,u,0,Has joined Hamburger SV permanently,0.0,0,0,0,out,0.0,0.0,0.0,LEE(H) NFO(A) EVE(H) LIV(A) HUL(H),0.0,0.0,0.0,0.0,0.0,0.0,0.0,0.0,0.0,0.0,0.0,0.0,0.0,0.0,0.0,0.0,0.0,0.0
24,Nelson,ARS,MID,5.5,u,0,has departed the club as a free agent.,0.0,0,0,0,out,0.0,0.0,0.0,LEE(H) NFO(A) EVE(H) LIV(A) HUL(H),0.0,0.0,0.0,0.0,0.0,0.0,0.0,0.0,0.0,0.0,0.0,0.0,0.0,0.0,0.0,0.0,0.0,0.0
27,G.Jesus,ARS,FWD,5.9,u,0,Has joined FC Barcelona permanently,0.1,0,0,0,out,0.0,0.0,0.0,LEE(H) NFO(A) EVE(H) LIV(A) HUL(H),0.0,0.0,0.0,0.0,0.0,0.0,0.0,0.0,0.0,0.0,0.0,0.0,0.0,0.0,0.0,0.0,0.0,0.0
29,M.Bizot,AVL,GK,4.5,i,0,Back injury - Expected back 10 Oct,0.1,1,1,90,out,0.0,0.0,0.0,BRE(H) NEW(A) MCI(H) FUL(H) MUN(A),0.0,0.0,0.0,0.0,0.0,0.0,0.0,0.0,0.0,0.0,0.0,0.0,0.0,0.0,0.0,0.0,0.0,0.0
30,Digne,AVL,DEF,4.5,u,0,Has joined Paris Saint-Germain permanently,0.0,0,0,0,out,0.0,0.0,0.0,BRE(H) NEW(A) MCI(H) FUL(H) MUN(A),0.0,0.0,0.0,0.0,0.0,0.0,0.0,0.0,0.0,0.0,0.0,0.0,0.0,0.0,0.0,0.0,0.0,0.0
34,Pau,AVL,DEF,4.4,i,0,Hamstring injury - Expected back 10 Oct,0.3,3,3,187,out,0.0,0.0,0.0,BRE(H) NEW(A) MCI(H) FUL(H) MUN(A),0.0,0.0,0.0,0.0,0.0,0.0,0.0,0.0,0.0,0.0,0.0,0.0,0.0,0.0,0.0,0.0,0.0,0.0
36,Maatsen,AVL,DEF,4.4,i,0,Ankle injury - Unknown return date,0.5,9,4,335,out,0.0,0.0,0.0,BRE(H) NEW(A) MCI(H) FUL(H) MUN(A),0.0,0.0,0.0,0.0,0.0,0.0,0.0,0.0,0.0,0.0,0.0,0.0,0.0,0.0,0.0,0.0,0.0,0.0
38,A.García,AVL,DEF,4.0,a,,,1.5,0,0,0,out,0.0,0.0,0.0,BRE(H) NEW(A) MCI(H) FUL(H) MUN(A),0.0,0.0,0.0,0.0,0.0,0.0,0.0,0.0,0.0,0.0,0.0,0.0,0.0,0.0,0.0,0.0,0.0,0.0
39,Nedeljkovic,AVL,DEF,4.0,u,0,Has joined Rangers on loan for the rest of the season,0.1,0,0,0,out,0.0,0.0,0.0,BRE(H) NEW(A) MCI(H) FUL(H) MUN(A),0.0,0.0,0.0,0.0,0.0,0.0,0.0,0.0,0.0,0.0,0.0,0.0,0.0,0.0,0.0,0.0,0.0,0.0
44,Bailey,AVL,MID,5.4,u,0,Has joined Olympiakos permanently,0.1,0,0,0,out,0.0,0.0,0.0,BRE(H) NEW(A) MCI(H) FUL(H) MUN(A),0.0,0.0,0.0,0.0,0.0,0.0,0.0,0.0,0.0,0.0,0.0,0.0,0.0,0.0,0.0,0.0,0.0,0.0
48,Onana,AVL,MID,4.9,i,0,Knee injury - Unknown return date,0.0,0,0,0,out,0.0,0.0,0.0,BRE(H) NEW(A) MCI(H) FUL(H) MUN(A),0.0,0.0,0.0,0.0,0.0,0.0,0.0,0.0,0.0,0.0,0.0,0.0,0.0,0.0,0.0,0.0,0.0,0.0
49,Iling Jr,AVL,MID,5.0,u,0,Has joined Bolton Wanderers on loan for the rest of the seas,0.0,0,0,0,out,0.0,0.0,0.0,BRE(H) NEW(A) MCI(H) FUL(H) MUN(A),0.0,0.0,0.0,0.0,0.0,0.0,0.0,0.0,0.0,0.0,0.0,0.0,0.0,0.0,0.0,0.0,0.0,0.0
50,Burrowes,AVL,MID,4.5,a,,,0.6,0,0,0,out,0.0,0.0,0.0,BRE(H) NEW(A) MCI(H) FUL(H) MUN(A),0.0,0.0,0.0,0.0,0.0,0.0,0.0,0.0,0.0,0.0,0.0,0.0,0.0,0.0,0.0,0.0,0.0,0.0
55,Watkins,AVL,FWD,7.8,u,0,Has joined Al Hilal permanently,2.5,0,0,0,out,0.0,0.0,0.0,BRE(H) NEW(A) MCI(H) FUL(H) MUN(A),0.0,0.0,0.0,0.0,0.0,0.0,0.0,0.0,0.0,0.0,0.0,0.0,0.0,0.0,0.0,0.0,0.0,0.0
582,Madjo,AVL,FWD,5.4,i,0,Unspecified injury - Unknown return date,0.2,0,0,0,out,0.0,0.0,0.0,BRE(H) NEW(A) MCI(H) FUL(H) MUN(A),0.0,0.0,0.0,0.0,0.0,0.0,0.0,0.0,0.0,0.0,0.0,0.0,0.0,0.0,0.0,0.0,0.0,0.0
606,Rowe,AVL,DEF,4.0,a,,,0.2,0,0,0,out,0.0,0.0,0.0,BRE(H) NEW(A) MCI(H) FUL(H) MUN(A),0.0,0.0,0.0,0.0,0.0,0.0,0.0,0.0,0.0,0.0,0.0,0.0,0.0,0.0,0.0,0.0,0.0,0.0
607,Lynch,AVL,MID,4.5,u,0,Has joined Oxford United on loan until January,0.1,0,0,0,out,0.0,0.0,0.0,BRE(H) NEW(A) MCI(H) FUL(H) MUN(A),0.0,0.0,0.0,0.0,0.0,0.0,0.0,0.0,0.0,0.0,0.0,0.0,0.0,0.0,0.0,0.0,0.0,0.0
618,Goretzka,AVL,MID,5.9,i,0,Knee injury - Expected back 10 Oct,0.0,0,0,0,out,0.0,0.0,0.0,BRE(H) NEW(A) MCI(H) FUL(H) MUN(A),0.0,0.0,0.0,0.0,0.0,0.0,0.0,0.0,0.0,0.0,0.0,0.0,0.0,0.0,0.0,0.0,0.0,0.0
630,Harwood-Bellis,AVL,DEF,4.5,a,,,0.0,0,0,0,out,0.0,0.0,0.0,BRE(H) NEW(A) MCI(H) FUL(H) MUN(A),0.0,0.0,0.0,0.0,0.0,0.0,0.0,0.0,0.0,0.0,0.0,0.0,0.0,0.0,0.0,0.0,0.0,0.0
667,Wright,AVL,GK,4.0,a,,,0.1,0,0,0,out,0.0,0.0,1.0,BRE(H) NEW(A) MCI(H) FUL(H) MUN(A),0.0,0.0,0.0,0.0,0.0,0.0,0.0,0.0,0.0,0.0,0.0,0.0,0.0,0.0,0.0,0.0,0.0,0.0
58,Forster,BOU,GK,4.0,a,,,3.5,0,0,0,out,0.0,0.0,0.0,CHE(A) SUN(H) MUN(A) LEE(H) IPS(A),0.0,0.0,0.0,0.0,0.0,0.0,0.0,0.0,0.0,0.0,0.0,0.0,0.0,0.0,0.0,0.0,0.0,0.0
59,Dennis,BOU,GK,4.0,u,0,Has joined MK Dons permanently,0.1,0,0,0,out,0.0,0.0,0.0,CHE(A) SUN(H) MUN(A) LEE(H) IPS(A),0.0,0.0,0.0,0.0,0.0,0.0,0.0,0.0,0.0,0.0,0.0,0.0,0.0,0.0,0.0,0.0,0.0,0.0
62,Diakité,BOU,DEF,4.9,a,,,0.2,0,0,0,out,0.0,0.0,0.0,CHE(A) SUN(H) MUN(A) LEE(H) IPS(A),0.0,0.0,0.0,0.0,0.0,0.0,0.0,0.0,0.0,0.0,0.0,0.0,0.0,0.0,0.0,0.0,0.0,0.0
63,Milosavljević,BOU,DEF,4.9,i,0,Thigh injury - Unknown return date,0.0,0,0,0,out,0.0,0.0,0.0,CHE(A) SUN(H) MUN(A) LEE(H) IPS(A),0.0,0.0,0.0,0.0,0.0,0.0,0.0,0.0,0.0,0.0,0.0,0.0,0.0,0.0,0.0,0.0,0.0,0.0
65,J.Araujo,BOU,DEF,4.4,i,0,Thigh injury - Unknown return date,0.0,0,0,0,out,0.0,0.0,0.0,CHE(A) SUN(H) MUN(A) LEE(H) IPS(A),0.0,0.0,0.0,0.0,0.0,0.0,0.0,0.0,0.0,0.0,0.0,0.0,0.0,0.0,0.0,0.0,0.0,0.0
66,Soler,BOU,DEF,4.0,a,100,,0.3,0,0,0,out,0.0,0.0,0.0,CHE(A) SUN(H) MUN(A) LEE(H) IPS(A),0.0,0.0,0.0,0.0,0.0,0.0,0.0,0.0,0.0,0.0,0.0,0.0,0.0,0.0,0.0,0.0,0.0,0.0
70,Kluivert,BOU,MID,6.0,i,0,Unspecified injury - Unknown return date,0.8,15,4,294,out,0.0,0.0,0.0,CHE(A) SUN(H) MUN(A) LEE(H) IPS(A),0.0,0.0,0.0,0.0,0.0,0.0,0.0,0.0,0.0,0.0,0.0,0.0,0.0,0.0,0.0,0.0,0.0,0.0
77,Adli,BOU,MID,4.9,i,0,Calf injury - Unknown return date,0.0,0,0,0,out,0.0,0.0,0.0,CHE(A) SUN(H) MUN(A) LEE(H) IPS(A),0.0,0.0,0.0,0.0,0.0,0.0,0.0,0.0,0.0,0.0,0.0,0.0,0.0,0.0,0.0,0.0,0.0,0.0
78,Kroupi.Jr,BOU,MID,7.4,i,0,Foot injury - Expected back 7 Nov,0.2,0,0,0,out,0.0,0.0,0.0,CHE(A) SUN(H) MUN(A) LEE(H) IPS(A),0.0,0.0,0.0,0.0,0.0,0.0,0.0,0.0,0.0,0.0,0.0,0.0,0.0,0.0,0.0,0.0,0.0,0.0
80,Enes Ünal,BOU,FWD,5.5,u,0,Has joined Getafe permanently,0.0,0,0,0,out,0.0,0.0,0.0,CHE(A) SUN(H) MUN(A) LEE(H) IPS(A),0.0,0.0,0.0,0.0,0.0,0.0,0.0,0.0,0.0,0.0,0.0,0.0,0.0,0.0,0.0,0.0,0.0,0.0
573,Sanchez,BOU,DEF,4.4,a,,,0.2,0,0,0,out,0.0,0.0,0.0,CHE(A) SUN(H) MUN(A) LEE(H) IPS(A),0.0,0.0,0.0,0.0,0.0,0.0,0.0,0.0,0.0,0.0,0.0,0.0,0.0,0.0,0.0,0.0,0.0,0.0
615,Di Gregorio,BOU,GK,4.5,a,,,0.0,0,0,0,out,0.0,0.0,0.0,CHE(A) SUN(H) MUN(A) LEE(H) IPS(A),0.0,0.0,0.0,0.0,0.0,0.0,0.0,0.0,0.0,0.0,0.0,0.0,0.0,0.0,0.0,0.0,0.0,0.0
83,Valdimarsson,BRE,GK,4.5,a,,,0.1,0,0,0,out,0.0,0.0,0.0,AVL(A) LIV(H) HUL(A) NFO(H) BHA(A),0.0,0.0,0.0,0.0,0.0,0.0,0.0,0.0,0.0,0.0,0.0,0.0,0.0,0.0,0.0,0.0,0.0,0.0
84,Collins,BRE,DEF,5.4,i,0,Calf injury - Unknown return date,0.9,10,3,196,out,0.0,0.0,0.0,AVL(A) LIV(H) HUL(A) NFO(H) BHA(A),0.0,0.0,0.0,0.0,0.0,0.0,0.0,0.0,0.0,0.0,0.0,0.0,0.0,0.0,0.0,0.0,0.0,0.0
85,Van den Berg,BRE,DEF,4.9,i,0,Groin injury - Unknown return date,0.1,0,0,0,out,0.0,0.0,0.0,AVL(A) LIV(H) HUL(A) NFO(H) BHA(A),0.0,0.0,0.0,0.0,0.0,0.0,0.0,0.0,0.0,0.0,0.0,0.0,0.0,0.0,0.0,0.0,0.0,0.0
92,Ji-soo,BRE,DEF,4.4,a,,,0.0,0,0,0,out,0.0,0.0,0.0,AVL(A) LIV(H) HUL(A) NFO(H) BHA(A),0.0,0.0,0.0,0.0,0.0,0.0,0.0,0.0,0.0,0.0,0.0,0.0,0.0,0.0,0.0,0.0,0.0,0.0
97,Jensen,BRE,MID,5.4,i,0,Unspecified injury - Expected back 10 Oct,0.1,6,1,66,out,0.0,0.0,0.0,AVL(A) LIV(H) HUL(A) NFO(H) BHA(A),0.0,0.0,0.0,0.0,0.0,0.0,0.0,0.0,0.0,0.0,0.0,0.0,0.0,0.0,0.0,0.0,0.0,0.0
99,Milambo,BRE,MID,5.0,i,0,Knee injury - Unknown return date,0.0,0,0,0,out,0.0,0.0,0.0,AVL(A) LIV(H) HUL(A) NFO(H) BHA(A),0.0,0.0,0.0,0.0,0.0,0.0,0.0,0.0,0.0,0.0,0.0,0.0,0.0,0.0,0.0,0.0,0.0,0.0
103,Dasilva,BRE,MID,4.9,i,0,Hamstring injury - Expected back 10 Oct,0.0,0,0,0,out,0.0,0.0,0.0,AVL(A) LIV(H) HUL(A) NFO(H) BHA(A),0.0,0.0,0.0,0.0,0.0,0.0,0.0,0.0,0.0,0.0,0.0,0.0,0.0,0.0,0.0,0.0,0.0,0.0
107,Furo,BRE,FWD,4.5,i,0,Unspecified injury - Unknown return date,0.9,0,0,0,out,0.0,0.0,0.0,AVL(A) LIV(H) HUL(A) NFO(H) BHA(A),0.0,0.0,0.0,0.0,0.0,0.0,0.0,0.0,0.0,0.0,0.0,0.0,0.0,0.0,0.0,0.0,0.0,0.0
657,Nunes,BRE,MID,4.5,a,,,0.0,0,0,0,out,0.0,0.0,0.0,AVL(A) LIV(H) HUL(A) NFO(H) BHA(A),0.0,0.0,0.0,0.0,0.0,0.0,0.0,0.0,0.0,0.0,0.0,0.0,0.0,0.0,0.0,0.0,0.0,0.0
660,Fredrick,BRE,DEF,4.0,a,,,0.0,0,0,0,out,0.0,0.0,1.1,AVL(A) LIV(H) HUL(A) NFO(H) BHA(A),0.0,0.0,0.0,0.0,0.0,0.0,0.0,0.0,0.0,0.0,0.0,0.0,0.0,0.0,0.0,0.0,0.0,0.0
661,Balcombe,BRE,GK,4.0,a,,,0.0,0,0,0,out,0.0,0.0,1.0,AVL(A) LIV(H) HUL(A) NFO(H) BHA(A),0.0,0.0,0.0,0.0,0.0,0.0,0.0,0.0,0.0,0.0,0.0,0.0,0.0,0.0,0.0,0.0,0.0,0.0
111,Steele,BHA,GK,4.0,a,,,4.1,0,0,0,out,0.0,0.0,0.0,SUN(A) CRY(H) LIV(A) MCI(A) BRE(H),0.0,0.0,0.0,0.0,0.0,0.0,0.0,0.0,0.0,0.0,0.0,0.0,0.0,0.0,0.0,0.0,0.0,0.0
117,Coppola,BHA,DEF,4.5,a,,,0.0,0,0,0,out,0.0,0.0,0.0,SUN(A) CRY(H) LIV(A) MCI(A) BRE(H),0.0,0.0,0.0,0.0,0.0,0.0,0.0,0.0,0.0,0.0,0.0,0.0,0.0,0.0,0.0,0.0,0.0,0.0
118,Igor,BHA,DEF,4.5,u,0,Has joined Burnley permanently,0.0,0,0,0,out,0.0,0.0,0.0,SUN(A) CRY(H) LIV(A) MCI(A) BRE(H),0.0,0.0,0.0,0.0,0.0,0.0,0.0,0.0,0.0,0.0,0.0,0.0,0.0,0.0,0.0,0.0,0.0,0.0
121,Mitoma,BHA,MID,5.9,i,0,Hamstring injury - Expected back 10 Oct,0.0,0,0,0,out,0.0,0.0,0.0,SUN(A) CRY(H) LIV(A) MCI(A) BRE(H),0.0,0.0,0.0,0.0,0.0,0.0,0.0,0.0,0.0,0.0,0.0,0.0,0.0,0.0,0.0,0.0,0.0,0.0
122,Minteh,BHA,MID,5.8,i,0,Leg injury - Expected back 28 Nov,0.0,0,0,0,out,0.0,0.0,0.0,SUN(A) CRY(H) LIV(A) MCI(A) BRE(H),0.0,0.0,0.0,0.0,0.0,0.0,0.0,0.0,0.0,0.0,0.0,0.0,0.0,0.0,0.0,0.0,0.0,0.0
123,Hinshelwood,BHA,MID,5.9,i,0,Ankle injury - Expected back 10 Oct,0.5,16,1,63,out,0.0,0.0,0.0,SUN(A) CRY(H) LIV(A) MCI(A) BRE(H),0.0,0.0,0.0,0.0,0.0,0.0,0.0,0.0,0.0,0.0,0.0,0.0,0.0,0.0,0.0,0.0,0.0,0.0
128,Buonanotte,BHA,MID,5.0,u,0,Has joined Elche on loan for the rest of the season,0.0,0,0,0,out,0.0,0.0,0.0,SUN(A) CRY(H) LIV(A) MCI(A) BRE(H),0.0,0.0,0.0,0.0,0.0,0.0,0.0,0.0,0.0,0.0,0.0,0.0,0.0,0.0,0.0,0.0,0.0,0.0
130,Wieffer,BHA,DEF,4.9,i,0,Knee injury - Unknown return date,0.2,7,2,156,out,0.0,0.0,0.0,SUN(A) CRY(H) LIV(A) MCI(A) BRE(H),0.0,0.0,0.0,0.0,0.0,0.0,0.0,0.0,0.0,0.0,0.0,0.0,0.0,0.0,0.0,0.0,0.0,0.0
132,Howell,BHA,MID,4.5,u,0,Has joined Leicester City on loan for the rest of the season,0.0,0,0,0,out,0.0,0.0,0.0,SUN(A) CRY(H) LIV(A) MCI(A) BRE(H),0.0,0.0,0.0,0.0,0.0,0.0,0.0,0.0,0.0,0.0,0.0,0.0,0.0,0.0,0.0,0.0,0.0,0.0
133,Watson,BHA,MID,5.0,u,0,Has joined Leicester City on loan for the rest of the season,0.0,0,0,0,out,0.0,0.0,0.0,SUN(A) CRY(H) LIV(A) MCI(A) BRE(H),0.0,0.0,0.0,0.0,0.0,0.0,0.0,0.0,0.0,0.0,0.0,0.0,0.0,0.0,0.0,0.0,0.0,0.0
134,Oriola,BHA,MID,4.5,a,,,0.2,0,0,0,out,0.0,0.0,0.0,SUN(A) CRY(H) LIV(A) MCI(A) BRE(H),0.0,0.0,0.0,0.0,0.0,0.0,0.0,0.0,0.0,0.0,0.0,0.0,0.0,0.0,0.0,0.0,0.0,0.0
135,Yohanna,BHA,MID,4.8,i,0,Unspecified injury - Expected back 10 Oct,0.0,1,0,12,out,0.0,0.0,0.0,SUN(A) CRY(H) LIV(A) MCI(A) BRE(H),0.0,0.0,0.0,0.0,0.0,0.0,0.0,0.0,0.0,0.0,0.0,0.0,0.0,0.0,0.0,0.0,0.0,0.0
137,Tzimas,BHA,FWD,5.4,i,0,Knee injury - Unknown return date,0.0,0,0,0,out,0.0,0.0,0.0,SUN(A) CRY(H) LIV(A) MCI(A) BRE(H),0.0,0.0,0.0,0.0,0.0,0.0,0.0,0.0,0.0,0.0,0.0,0.0,0.0,0.0,0.0,0.0,0.0,0.0
139,Ferguson,BHA,FWD,5.0,i,0,Ankle injury - Expected back 10 Oct,0.0,0,0,0,out,0.0,0.0,0.0,SUN(A) CRY(H) LIV(A) MCI(A) BRE(H),0.0,0.0,0.0,0.0,0.0,0.0,0.0,0.0,0.0,0.0,0.0,0.0,0.0,0.0,0.0,0.0,0.0,0.0
614,Hadjam,BHA,DEF,4.5,a,,,0.0,0,0,0,out,0.0,0.0,0.0,SUN(A) CRY(H) LIV(A) MCI(A) BRE(H),0.0,0.0,0.0,0.0,0.0,0.0,0.0,0.0,0.0,0.0,0.0,0.0,0.0,0.0,0.0,0.0,0.0,0.0
624,Cozier-Duberry,BHA,MID,5.0,u,0,Has joined Middlesbrough on loan for the rest of the season,0.0,0,0,0,out,0.0,0.0,0.0,SUN(A) CRY(H) LIV(A) MCI(A) BRE(H),0.0,0.0,0.0,0.0,0.0,0.0,0.0,0.0,0.0,0.0,0.0,0.0,0.0,0.0,0.0,0.0,0.0,0.0
652,Azeez,BHA,MID,5.5,i,0,Hamstring injury - Expected back 10 Oct,0.0,0,0,0,out,0.0,0.0,0.0,SUN(A) CRY(H) LIV(A) MCI(A) BRE(H),0.0,0.0,0.0,0.0,0.0,0.0,0.0,0.0,0.0,0.0,0.0,0.0,0.0,0.0,0.0,0.0,0.0,0.0
658,Ibrahim,BHA,MID,4.5,a,,,0.0,0,0,0,out,0.0,0.0,0.0,SUN(A) CRY(H) LIV(A) MCI(A) BRE(H),0.0,0.0,0.0,0.0,0.0,0.0,0.0,0.0,0.0,0.0,0.0,0.0,0.0,0.0,0.0,0.0,0.0,0.0
140,Sánchez,CHE,GK,4.9,u,0,Has joined Como on loan for the rest of the season,0.7,2,1,90,out,0.0,0.0,0.0,BOU(H) EVE(A) TOT(H) MUN(H) SUN(A),0.0,0.0,0.0,0.0,0.0,0.0,0.0,0.0,0.0,0.0,0.0,0.0,0.0,0.0,0.0,0.0,0.0,0.0
141,Jörgensen,CHE,GK,5.0,u,0,Has joined RC Strasbourg on loan for the rest of the season,0.0,0,0,0,out,0.0,0.0,0.0,BOU(H) EVE(A) TOT(H) MUN(H) SUN(A),0.0,0.0,0.0,0.0,0.0,0.0,0.0,0.0,0.0,0.0,0.0,0.0,0.0,0.0,0.0,0.0,0.0,0.0
143,Chalobah,CHE,DEF,5.5,u,0,Has joined Como permanently,0.1,0,0,0,out,0.0,0.0,0.0,BOU(H) EVE(A) TOT(H) MUN(H) SUN(A),0.0,0.0,0.0,0.0,0.0,0.0,0.0,0.0,0.0,0.0,0.0,0.0,0.0,0.0,0.0,0.0,0.0,0.0
146,B.Badiashile,CHE,DEF,4.5,u,0,Has joined Napoli on loan for the rest of the season,0.0,0,0,0,out,0.0,0.0,0.0,BOU(H) EVE(A) TOT(H) MUN(H) SUN(A),0.0,0.0,0.0,0.0,0.0,0.0,0.0,0.0,0.0,0.0,0.0,0.0,0.0,0.0,0.0,0.0,0.0,0.0
150,M.Sarr,CHE,DEF,4.5,u,0,Has joined Real Sociedad on loan for the rest of the season,0.0,0,0,0,out,0.0,0.0,0.0,BOU(H) EVE(A) TOT(H) MUN(H) SUN(A),0.0,0.0,0.0,0.0,0.0,0.0,0.0,0.0,0.0,0.0,0.0,0.0,0.0,0.0,0.0,0.0,0.0,0.0
152,Palestra,CHE,DEF,5.3,d,50,Thigh injury - 50% chance of playing,0.6,0,0,0,doubt,0.0,0.0,0.0,BOU(H) EVE(A) TOT(H) MUN(H) SUN(A),0.0,0.0,0.0,0.0,0.0,0.0,0.0,0.0,0.0,0.0,0.0,0.0,0.0,0.0,0.0,0.0,0.0,0.0
158,Gittens,CHE,MID,5.8,d,75,Ankle injury - 75% chance of playing,0.0,0,0,0,out,0.0,0.0,0.0,BOU(H) EVE(A) TOT(H) MUN(H) SUN(A),0.0,0.0,0.0,0.0,0.0,0.0,0.0,0.0,0.0,0.0,0.0,0.0,0.0,0.0,0.0,0.0,0.0,0.0
163,D.Essugo,CHE,MID,4.5,u,0,Has joined RC Strasbourg on loan for the rest of the season,0.1,0,0,0,out,0.0,0.0,0.0,BOU(H) EVE(A) TOT(H) MUN(H) SUN(A),0.0,0.0,0.0,0.0,0.0,0.0,0.0,0.0,0.0,0.0,0.0,0.0,0.0,0.0,0.0,0.0,0.0,0.0
168,Marc Guiu,CHE,FWD,5.0,u,0,Has joined RB Leipzig permanently,0.2,0,0,0,out,0.0,0.0,0.0,BOU(H) EVE(A) TOT(H) MUN(H) SUN(A),0.0,0.0,0.0,0.0,0.0,0.0,0.0,0.0,0.0,0.0,0.0,0.0,0.0,0.0,0.0,0.0,0.0,0.0
169,Mheuka,CHE,FWD,4.5,a,,,0.5,0,0,0,out,0.0,0.0,0.0,BOU(H) EVE(A) TOT(H) MUN(H) SUN(A),0.0,0.0,0.0,0.0,0.0,0.0,0.0,0.0,0.0,0.0,0.0,0.0,0.0,0.0,0.0,0.0,0.0,0.0
170,Emegha,CHE,FWD,4.9,i,0,Hamstring injury - Expected back 10 Oct,0.1,0,0,0,out,0.0,0.0,0.0,BOU(H) EVE(A) TOT(H) MUN(H) SUN(A),0.0,0.0,0.0,0.0,0.0,0.0,0.0,0.0,0.0,0.0,0.0,0.0,0.0,0.0,0.0,0.0,0.0,0.0
560,Penders,CHE,GK,4.4,a,,,0.1,0,0,0,out,0.0,0.0,0.0,BOU(H) EVE(A) TOT(H) MUN(H) SUN(A),0.0,0.0,0.0,0.0,0.0,0.0,0.0,0.0,0.0,0.0,0.0,0.0,0.0,0.0,0.0,0.0,0.0,0.0
561,Anselmino,CHE,DEF,4.5,a,100,,0.0,0,0,0,out,0.0,0.0,0.0,BOU(H) EVE(A) TOT(H) MUN(H) SUN(A),0.0,0.0,0.0,0.0,0.0,0.0,0.0,0.0,0.0,0.0,0.0,0.0,0.0,0.0,0.0,0.0,0.0,0.0
171,Dovin,COV,GK,4.0,u,0,Has joined Leyton Orient on loan for the rest of the season,1.0,0,0,0,out,0.0,0.0,0.0,NEW(H) TOT(A) FUL(H) SUN(H) EVE(A),0.0,0.0,0.0,0.0,0.0,0.0,0.0,0.0,0.0,0.0,0.0,0.0,0.0,0.0,0.0,0.0,0.0,0.0
172,Wilson,COV,GK,4.4,a,,,0.4,0,0,0,out,0.0,0.0,0.0,NEW(H) TOT(A) FUL(H) SUN(H) EVE(A),0.0,0.0,0.0,0.0,0.0,0.0,0.0,0.0,0.0,0.0,0.0,0.0,0.0,0.0,0.0,0.0,0.0,0.0
174,Kitching,COV,DEF,4.0,u,0,Has joined Sheffield United on loan for the rest of the seas,0.3,0,0,0,out,0.0,0.0,0.0,NEW(H) TOT(A) FUL(H) SUN(H) EVE(A),0.0,0.0,0.0,0.0,0.0,0.0,0.0,0.0,0.0,0.0,0.0,0.0,0.0,0.0,0.0,0.0,0.0,0.0
177,Kesler-Hayden,COV,DEF,3.9,i,0,Hamstring injury - Unknown return date,0.1,0,0,0,out,0.0,0.0,0.0,NEW(H) TOT(A) FUL(H) SUN(H) EVE(A),0.0,0.0,0.0,0.0,0.0,0.0,0.0,0.0,0.0,0.0,0.0,0.0,0.0,0.0,0.0,0.0,0.0,0.0
178,Bidwell,COV,DEF,4.0,a,,,0.1,0,0,0,out,0.0,0.0,0.0,NEW(H) TOT(A) FUL(H) SUN(H) EVE(A),0.0,0.0,0.0,0.0,0.0,0.0,0.0,0.0,0.0,0.0,0.0,0.0,0.0,0.0,0.0,0.0,0.0,0.0
180,Woolfenden,COV,DEF,3.9,i,0,Knee injury - Unknown return date,0.1,0,0,0,out,0.0,0.0,0.0,NEW(H) TOT(A) FUL(H) SUN(H) EVE(A),0.0,0.0,0.0,0.0,0.0,0.0,0.0,0.0,0.0,0.0,0.0,0.0,0.0,0.0,0.0,0.0,0.0,0.0
181,Brau,COV,DEF,4.0,u,0,Has joined Academico de Viseu on loan for the rest of the se,0.0,0,0,0,out,0.0,0.0,0.0,NEW(H) TOT(A) FUL(H) SUN(H) EVE(A),0.0,0.0,0.0,0.0,0.0,0.0,0.0,0.0,0.0,0.0,0.0,0.0,0.0,0.0,0.0,0.0,0.0,0.0
182,Amenda,COV,DEF,4.0,i,0,Calf injury - Unknown return date,0.6,4,4,360,out,0.0,0.0,0.0,NEW(H) TOT(A) FUL(H) SUN(H) EVE(A),0.0,0.0,0.0,0.0,0.0,0.0,0.0,0.0,0.0,0.0,0.0,0.0,0.0,0.0,0.0,0.0,0.0,0.0
187,Eccles,COV,MID,4.8,i,0,Unspecified injury - Expected back 12 Oct,0.0,0,0,0,out,0.0,0.0,0.0,NEW(H) TOT(A) FUL(H) SUN(H) EVE(A),0.0,0.0,0.0,0.0,0.0,0.0,0.0,0.0,0.0,0.0,0.0,0.0,0.0,0.0,0.0,0.0,0.0,0.0
189,Shepherd,COV,MID,4.4,a,,,0.3,0,0,0,out,0.0,0.0,0.0,NEW(H) TOT(A) FUL(H) SUN(H) EVE(A),0.0,0.0,0.0,0.0,0.0,0.0,0.0,0.0,0.0,0.0,0.0,0.0,0.0,0.0,0.0,0.0,0.0,0.0
191,Borges Rodrigues,COV,MID,4.5,u,0,Has joined Burton Albion on loan for the rest of the season,0.1,0,0,0,out,0.0,0.0,0.0,NEW(H) TOT(A) FUL(H) SUN(H) EVE(A),0.0,0.0,0.0,0.0,0.0,0.0,0.0,0.0,0.0,0.0,0.0,0.0,0.0,0.0,0.0,0.0,0.0,0.0
192,Andrews,COV,MID,4.5,u,0,Has joined Oxford United on loan for the rest of the season,0.3,0,0,0,out,0.0,0.0,0.0,NEW(H) TOT(A) FUL(H) SUN(H) EVE(A),0.0,0.0,0.0,0.0,0.0,0.0,0.0,0.0,0.0,0.0,0.0,0.0,0.0,0.0,0.0,0.0,0.0,0.0
193,Wright,COV,FWD,5.3,i,0,Thigh injury - Unknown return date,0.1,0,0,0,out,0.0,0.0,0.0,NEW(H) TOT(A) FUL(H) SUN(H) EVE(A),0.0,0.0,0.0,0.0,0.0,0.0,0.0,0.0,0.0,0.0,0.0,0.0,0.0,0.0,0.0,0.0,0.0,0.0
196,Markelo,COV,FWD,5.0,u,0,Has joined Shabab Al-Ahli Dubai permanently,0.0,0,0,0,out,0.0,0.0,0.0,NEW(H) TOT(A) FUL(H) SUN(H) EVE(A),0.0,0.0,0.0,0.0,0.0,0.0,0.0,0.0,0.0,0.0,0.0,0.0,0.0,0.0,0.0,0.0,0.0,0.0
197,Bassette,COV,FWD,4.5,u,0,Has joined KVC Westerlo on loan for the rest of the season,0.0,0,0,0,out,0.0,0.0,0.0,NEW(H) TOT(A) FUL(H) SUN(H) EVE(A),0.0,0.0,0.0,0.0,0.0,0.0,0.0,0.0,0.0,0.0,0.0,0.0,0.0,0.0,0.0,0.0,0.0,0.0
492,Awoniyi,COV,FWD,5.4,s,0,Suspended until 19 Oct,0.4,3,3,232,out,0.0,0.0,0.0,NEW(H) TOT(A) FUL(H) SUN(H) EVE(A),0.0,0.0,0.0,0.0,0.0,0.0,0.0,0.0,0.0,0.0,0.0,0.0,0.0,0.0,0.0,0.0,0.0,0.0
623,Bentley,COV,GK,4.0,a,,,0.6,0,0,0,out,0.0,0.0,0.0,NEW(H) TOT(A) FUL(H) SUN(H) EVE(A),0.0,0.0,0.0,0.0,0.0,0.0,0.0,0.0,0.0,0.0,0.0,0.0,0.0,0.0,0.0,0.0,0.0,0.0
655,Gboho,COV,MID,5.5,a,,,0.0,0,0,0,out,0.0,0.0,0.0,NEW(H) TOT(A) FUL(H) SUN(H) EVE(A),0.0,0.0,0.0,0.0,0.0,0.0,0.0,0.0,0.0,0.0,0.0,0.0,0.0,0.0,0.0,0.0,0.0,0.0
153,Disasi,CRY,DEF,4.5,s,0,Suspended until 25 Oct,0.1,1,2,139,out,0.0,0.0,0.0,NFO(H) BHA(A) NEW(H) TOT(A) LIV(H),0.0,0.0,0.0,0.0,0.0,0.0,0.0,0.0,0.0,0.0,0.0,0.0,0.0,0.0,0.0,0.0,0.0,0.0
198,Henderson,CRY,GK,4.9,i,0,Foot injury - Expected back 11 Oct,1.3,5,3,270,out,0.0,0.0,0.0,NFO(H) BHA(A) NEW(H) TOT(A) LIV(H),0.0,0.0,0.0,0.0,0.0,0.0,0.0,0.0,0.0,0.0,0.0,0.0,0.0,0.0,0.0,0.0,0.0,0.0
205,Sosa,CRY,DEF,4.5,u,0,Has joined FC Cologne on loan for the rest of the season,0.0,0,0,0,out,0.0,0.0,0.0,NFO(H) BHA(A) NEW(H) TOT(A) LIV(H),0.0,0.0,0.0,0.0,0.0,0.0,0.0,0.0,0.0,0.0,0.0,0.0,0.0,0.0,0.0,0.0,0.0,0.0
206,Chadi Riad,CRY,DEF,4.3,i,0,Knee injury - Unknown return date,0.0,1,1,72,out,0.0,0.0,0.0,NFO(H) BHA(A) NEW(H) TOT(A) LIV(H),0.0,0.0,0.0,0.0,0.0,0.0,0.0,0.0,0.0,0.0,0.0,0.0,0.0,0.0,0.0,0.0,0.0,0.0
215,Devenny,CRY,MID,5.0,u,0,Has joined Stoke City permanently,0.0,0,0,0,out,0.0,0.0,0.0,NFO(H) BHA(A) NEW(H) TOT(A) LIV(H),0.0,0.0,0.0,0.0,0.0,0.0,0.0,0.0,0.0,0.0,0.0,0.0,0.0,0.0,0.0,0.0,0.0,0.0
216,Esse,CRY,MID,5.0,u,0,Has joined Millwall on loan for the rest of the season,0.0,0,0,0,out,0.0,0.0,0.0,NFO(H) BHA(A) NEW(H) TOT(A) LIV(H),0.0,0.0,0.0,0.0,0.0,0.0,0.0,0.0,0.0,0.0,0.0,0.0,0.0,0.0,0.0,0.0,0.0,0.0
217,M.França,CRY,MID,4.9,u,0,Has joined Alverca on loan for the rest of the season,0.0,0,0,0,out,0.0,0.0,0.0,NFO(H) BHA(A) NEW(H) TOT(A) LIV(H),0.0,0.0,0.0,0.0,0.0,0.0,0.0,0.0,0.0,0.0,0.0,0.0,0.0,0.0,0.0,0.0,0.0,0.0
218,Doucouré,CRY,MID,4.8,a,,,0.0,0,0,0,out,0.0,0.0,0.0,NFO(H) BHA(A) NEW(H) TOT(A) LIV(H),0.0,0.0,0.0,0.0,0.0,0.0,0.0,0.0,0.0,0.0,0.0,0.0,0.0,0.0,0.0,0.0,0.0,0.0
219,J.Rak-Sakyi,CRY,MID,4.9,u,0,has joined  Kasimpasa on loan for the rest of the seaon.,0.0,0,0,0,out,0.0,0.0,0.0,NFO(H) BHA(A) NEW(H) TOT(A) LIV(H),0.0,0.0,0.0,0.0,0.0,0.0,0.0,0.0,0.0,0.0,0.0,0.0,0.0,0.0,0.0,0.0,0.0,0.0
220,Cardines,CRY,DEF,4.5,u,0,Has joined Bristol City on loan for the rest of the season,0.0,0,0,0,out,0.0,0.0,0.0,NFO(H) BHA(A) NEW(H) TOT(A) LIV(H),0.0,0.0,0.0,0.0,0.0,0.0,0.0,0.0,0.0,0.0,0.0,0.0,0.0,0.0,0.0,0.0,0.0,0.0
221,Drakes-Thomas,CRY,MID,4.4,a,,,0.1,0,0,0,out,0.0,0.0,0.0,NFO(H) BHA(A) NEW(H) TOT(A) LIV(H),0.0,0.0,0.0,0.0,0.0,0.0,0.0,0.0,0.0,0.0,0.0,0.0,0.0,0.0,0.0,0.0,0.0,0.0
223,Mateta,CRY,FWD,6.3,i,0,Hamstring injury - Expected back 11 Oct,1.3,2,1,62,out,0.0,0.0,0.0,NFO(H) BHA(A) NEW(H) TOT(A) LIV(H),0.0,0.0,0.0,0.0,0.0,0.0,0.0,0.0,0.0,0.0,0.0,0.0,0.0,0.0,0.0,0.0,0.0,0.0
225,Uche,CRY,FWD,5.0,u,0,has returned to Getafe CF,0.0,0,0,0,out,0.0,0.0,0.0,NFO(H) BHA(A) NEW(H) TOT(A) LIV(H),0.0,0.0,0.0,0.0,0.0,0.0,0.0,0.0,0.0,0.0,0.0,0.0,0.0,0.0,0.0,0.0,0.0,0.0
555,Matthews,CRY,GK,4.0,a,,,1.7,0,0,0,out,0.0,0.0,0.0,NFO(H) BHA(A) NEW(H) TOT(A) LIV(H),0.0,0.0,0.0,0.0,0.0,0.0,0.0,0.0,0.0,0.0,0.0,0.0,0.0,0.0,0.0,0.0,0.0,0.0
21,Nørgaard,EVE,MID,4.8,i,0,Groin injury - Unknown return date,0.0,0,0,0,out,0.0,0.0,0.0,HUL(A) CHE(H) ARS(A) NEW(A) COV(H),0.0,0.0,0.0,0.0,0.0,0.0,0.0,0.0,0.0,0.0,0.0,0.0,0.0,0.0,0.0,0.0,0.0,0.0
227,Travers,EVE,GK,5.0,a,,,0.0,0,0,0,out,0.0,0.0,0.0,HUL(A) CHE(H) ARS(A) NEW(A) COV(H),0.0,0.0,0.0,0.0,0.0,0.0,0.0,0.0,0.0,0.0,0.0,0.0,0.0,0.0,0.0,0.0,0.0,0.0
228,King,EVE,GK,4.5,a,,,0.0,0,0,0,out,0.0,0.0,0.0,HUL(A) CHE(H) ARS(A) NEW(A) COV(H),0.0,0.0,0.0,0.0,0.0,0.0,0.0,0.0,0.0,0.0,0.0,0.0,0.0,0.0,0.0,0.0,0.0,0.0
231,Keane,EVE,DEF,4.8,a,,,0.7,0,0,0,out,0.0,0.0,0.0,HUL(A) CHE(H) ARS(A) NEW(A) COV(H),0.0,0.0,0.0,0.0,0.0,0.0,0.0,0.0,0.0,0.0,0.0,0.0,0.0,0.0,0.0,0.0,0.0,0.0
234,Patterson,EVE,DEF,4.5,u,0,Has joined Torino permanently,0.0,0,0,0,out,0.0,0.0,0.0,HUL(A) CHE(H) ARS(A) NEW(A) COV(H),0.0,0.0,0.0,0.0,0.0,0.0,0.0,0.0,0.0,0.0,0.0,0.0,0.0,0.0,0.0,0.0,0.0,0.0
235,Aznou,EVE,DEF,4.0,u,0,Has joined Malaga on loan for the rest of the season,0.1,0,0,0,out,0.0,0.0,0.0,HUL(A) CHE(H) ARS(A) NEW(A) COV(H),0.0,0.0,0.0,0.0,0.0,0.0,0.0,0.0,0.0,0.0,0.0,0.0,0.0,0.0,0.0,0.0,0.0,0.0
246,Röhl,EVE,MID,4.9,i,0,Unspecified injury - Expected back 11 Oct,0.0,6,3,249,out,0.0,0.0,0.0,HUL(A) CHE(H) ARS(A) NEW(A) COV(H),0.0,0.0,0.0,0.0,0.0,0.0,0.0,0.0,0.0,0.0,0.0,0.0,0.0,0.0,0.0,0.0,0.0,0.0
248,Beto,EVE,FWD,5.4,u,0,Has joined Fiorentina permanently,0.6,2,0,31,out,0.0,0.0,0.0,HUL(A) CHE(H) ARS(A) NEW(A) COV(H),0.0,0.0,0.0,0.0,0.0,0.0,0.0,0.0,0.0,0.0,0.0,0.0,0.0,0.0,0.0,0.0,0.0,0.0
654,Graham,EVE,MID,4.5,a,,,0.1,0,0,0,out,0.0,0.0,0.0,HUL(A) CHE(H) ARS(A) NEW(A) COV(H),0.0,0.0,0.0,0.0,0.0,0.0,0.0,0.0,0.0,0.0,0.0,0.0,0.0,0.0,0.0,0.0,0.0,0.0
251,Lecomte,FUL,GK,4.0,a,,,1.1,0,0,0,out,0.0,0.0,0.0,IPS(A) HUL(H) COV(A) AVL(A) NEW(H),0.0,0.0,0.0,0.0,0.0,0.0,0.0,0.0,0.0,0.0,0.0,0.0,0.0,0.0,0.0,0.0,0.0,0.0
252,McNally,FUL,GK,4.0,u,0,Has joined York City on loan for the rest of the season,0.1,0,0,0,out,0.0,0.0,0.0,IPS(A) HUL(H) COV(A) AVL(A) NEW(H),0.0,0.0,0.0,0.0,0.0,0.0,0.0,0.0,0.0,0.0,0.0,0.0,0.0,0.0,0.0,0.0,0.0,0.0
266,Cairney,FUL,MID,4.9,i,0,Knee injury - Expected back 10 Oct,0.0,0,0,0,out,0.0,0.0,0.0,IPS(A) HUL(H) COV(A) AVL(A) NEW(H),0.0,0.0,0.0,0.0,0.0,0.0,0.0,0.0,0.0,0.0,0.0,0.0,0.0,0.0,0.0,0.0,0.0,0.0
270,Reed,FUL,MID,4.4,a,,,1.1,0,0,0,out,0.0,0.0,0.0,IPS(A) HUL(H) COV(A) AVL(A) NEW(H),0.0,0.0,0.0,0.0,0.0,0.0,0.0,0.0,0.0,0.0,0.0,0.0,0.0,0.0,0.0,0.0,0.0,0.0
272,Kusi-Asare,FUL,FWD,4.5,a,,,5.4,0,0,0,out,0.0,0.0,0.0,IPS(A) HUL(H) COV(A) AVL(A) NEW(H),0.0,0.0,0.0,0.0,0.0,0.0,0.0,0.0,0.0,0.0,0.0,0.0,0.0,0.0,0.0,0.0,0.0,0.0
610,De Fougerolles,FUL,DEF,4.0,u,0,has joined  Real Salt Lake on loan for the rest of the seaon,0.1,0,0,0,out,0.0,0.0,0.0,IPS(A) HUL(H) COV(A) AVL(A) NEW(H),0.0,0.0,0.0,0.0,0.0,0.0,0.0,0.0,0.0,0.0,0.0,0.0,0.0,0.0,0.0,0.0,0.0,0.0
626,Zepa,FUL,MID,4.4,a,,,0.3,0,0,0,out,0.0,0.0,0.0,IPS(A) HUL(H) COV(A) AVL(A) NEW(H),0.0,0.0,0.0,0.0,0.0,0.0,0.0,0.0,0.0,0.0,0.0,0.0,0.0,0.0,0.0,0.0,0.0,0.0
636,Ángel,FUL,MID,5.0,a,,,0.0,0,0,0,out,0.0,0.0,0.0,IPS(A) HUL(H) COV(A) AVL(A) NEW(H),0.0,0.0,0.0,0.0,0.0,0.0,0.0,0.0,0.0,0.0,0.0,0.0,0.0,0.0,0.0,0.0,0.0,0.0
273,Phillips,HUL,GK,4.0,a,,,1.4,0,0,0,out,0.0,0.0,0.0,EVE(H) FUL(A) BRE(H) IPS(H) ARS(A),0.0,0.0,0.0,0.0,0.0,0.0,0.0,0.0,0.0,0.0,0.0,0.0,0.0,0.0,0.0,0.0,0.0,0.0
274,Butland,HUL,GK,4.4,i,0,Arm injury - Unknown return date,0.1,0,0,0,out,0.0,0.0,0.0,EVE(H) FUL(A) BRE(H) IPS(H) ARS(A),0.0,0.0,0.0,0.0,0.0,0.0,0.0,0.0,0.0,0.0,0.0,0.0,0.0,0.0,0.0,0.0,0.0,0.0
275,Cartwright,HUL,GK,4.0,u,0,Has joined Grimsby Town on loan for the rest of the season,0.0,0,0,0,out,0.0,0.0,0.0,EVE(H) FUL(A) BRE(H) IPS(H) ARS(A),0.0,0.0,0.0,0.0,0.0,0.0,0.0,0.0,0.0,0.0,0.0,0.0,0.0,0.0,0.0,0.0,0.0,0.0
276,Lo-Tutala,HUL,GK,4.0,u,0,Has joined Colchester United on loan for the rest of the sea,0.0,0,0,0,out,0.0,0.0,0.0,EVE(H) FUL(A) BRE(H) IPS(H) ARS(A),0.0,0.0,0.0,0.0,0.0,0.0,0.0,0.0,0.0,0.0,0.0,0.0,0.0,0.0,0.0,0.0,0.0,0.0
278,Hughes,HUL,DEF,3.9,i,0,Groin injury - Unknown return date,0.2,0,0,0,out,0.0,0.0,0.0,EVE(H) FUL(A) BRE(H) IPS(H) ARS(A),0.0,0.0,0.0,0.0,0.0,0.0,0.0,0.0,0.0,0.0,0.0,0.0,0.0,0.0,0.0,0.0,0.0,0.0
281,Drameh,HUL,DEF,4.0,u,0,Has joined Genoa permanently,0.0,2,0,65,out,0.0,0.0,0.0,EVE(H) FUL(A) BRE(H) IPS(H) ARS(A),0.0,0.0,0.0,0.0,0.0,0.0,0.0,0.0,0.0,0.0,0.0,0.0,0.0,0.0,0.0,0.0,0.0,0.0
283,Jacob,HUL,DEF,4.0,u,0,Has joined Newport County on loan until January,0.0,0,0,0,out,0.0,0.0,0.0,EVE(H) FUL(A) BRE(H) IPS(H) ARS(A),0.0,0.0,0.0,0.0,0.0,0.0,0.0,0.0,0.0,0.0,0.0,0.0,0.0,0.0,0.0,0.0,0.0,0.0
284,McCarthy,HUL,DEF,4.0,a,,,0.1,0,0,0,out,0.0,0.0,0.0,EVE(H) FUL(A) BRE(H) IPS(H) ARS(A),0.0,0.0,0.0,0.0,0.0,0.0,0.0,0.0,0.0,0.0,0.0,0.0,0.0,0.0,0.0,0.0,0.0,0.0
287,Millar,HUL,MID,5.0,u,0,Has joined Birmingham on loan for the rest of the season,0.0,6,0,50,out,0.0,0.0,0.0,EVE(H) FUL(A) BRE(H) IPS(H) ARS(A),0.0,0.0,0.0,0.0,0.0,0.0,0.0,0.0,0.0,0.0,0.0,0.0,0.0,0.0,0.0,0.0,0.0,0.0
288,Dowell,HUL,MID,4.4,a,,,0.3,0,0,0,out,0.0,0.0,0.0,EVE(H) FUL(A) BRE(H) IPS(H) ARS(A),0.0,0.0,0.0,0.0,0.0,0.0,0.0,0.0,0.0,0.0,0.0,0.0,0.0,0.0,0.0,0.0,0.0,0.0
291,Matazo,HUL,MID,4.5,i,0,Knee injury - Unknown return date,0.0,0,0,0,out,0.0,0.0,0.0,EVE(H) FUL(A) BRE(H) IPS(H) ARS(A),0.0,0.0,0.0,0.0,0.0,0.0,0.0,0.0,0.0,0.0,0.0,0.0,0.0,0.0,0.0,0.0,0.0,0.0
292,Ömür,HUL,MID,4.9,a,,,0.0,0,0,0,out,0.0,0.0,0.0,EVE(H) FUL(A) BRE(H) IPS(H) ARS(A),0.0,0.0,0.0,0.0,0.0,0.0,0.0,0.0,0.0,0.0,0.0,0.0,0.0,0.0,0.0,0.0,0.0,0.0
293,Kamara,HUL,MID,5.0,u,0,Has joined Portsmouth permanently,0.0,0,0,0,out,0.0,0.0,0.0,EVE(H) FUL(A) BRE(H) IPS(H) ARS(A),0.0,0.0,0.0,0.0,0.0,0.0,0.0,0.0,0.0,0.0,0.0,0.0,0.0,0.0,0.0,0.0,0.0,0.0
294,Zambrano,HUL,MID,4.5,a,100,,0.1,0,0,0,out,0.0,0.0,0.0,EVE(H) FUL(A) BRE(H) IPS(H) ARS(A),0.0,0.0,0.0,0.0,0.0,0.0,0.0,0.0,0.0,0.0,0.0,0.0,0.0,0.0,0.0,0.0,0.0,0.0
296,Akintola,HUL,MID,5.0,u,0,Has joined Omonoia FC permanently,0.0,0,0,0,out,0.0,0.0,0.0,EVE(H) FUL(A) BRE(H) IPS(H) ARS(A),0.0,0.0,0.0,0.0,0.0,0.0,0.0,0.0,0.0,0.0,0.0,0.0,0.0,0.0,0.0,0.0,0.0,0.0
297,Gyabi,HUL,MID,4.4,i,0,Thigh injury - Unknown return date,0.0,0,0,0,out,0.0,0.0,0.0,EVE(H) FUL(A) BRE(H) IPS(H) ARS(A),0.0,0.0,0.0,0.0,0.0,0.0,0.0,0.0,0.0,0.0,0.0,0.0,0.0,0.0,0.0,0.0,0.0,0.0
298,Destan,HUL,FWD,4.5,u,0,Has joined Konyaspor permanently,0.2,0,0,0,out,0.0,0.0,0.0,EVE(H) FUL(A) BRE(H) IPS(H) ARS(A),0.0,0.0,0.0,0.0,0.0,0.0,0.0,0.0,0.0,0.0,0.0,0.0,0.0,0.0,0.0,0.0,0.0,0.0
299,Burstow,HUL,FWD,4.5,u,0,Has joined Sheffield Wednesday on loan for the rest of the s,0.0,0,0,0,out,0.0,0.0,0.0,EVE(H) FUL(A) BRE(H) IPS(H) ARS(A),0.0,0.0,0.0,0.0,0.0,0.0,0.0,0.0,0.0,0.0,0.0,0.0,0.0,0.0,0.0,0.0,0.0,0.0
563,Morita,HUL,MID,4.9,i,0,Calf injury - Expected back 11 Oct,0.0,1,1,45,out,0.0,0.0,0.0,EVE(H) FUL(A) BRE(H) IPS(H) ARS(A),0.0,0.0,0.0,0.0,0.0,0.0,0.0,0.0,0.0,0.0,0.0,0.0,0.0,0.0,0.0,0.0,0.0,0.0
632,Ansah,HUL,FWD,5.0,i,0,Back injury - Unknown return date,0.0,0,0,0,out,0.0,0.0,0.0,EVE(H) FUL(A) BRE(H) IPS(H) ARS(A),0.0,0.0,0.0,0.0,0.0,0.0,0.0,0.0,0.0,0.0,0.0,0.0,0.0,0.0,0.0,0.0,0.0,0.0
645,Mouzakitis,HUL,MID,5.0,a,,,0.0,0,0,0,out,0.0,0.0,0.0,EVE(H) FUL(A) BRE(H) IPS(H) ARS(A),0.0,0.0,0.0,0.0,0.0,0.0,0.0,0.0,0.0,0.0,0.0,0.0,0.0,0.0,0.0,0.0,0.0,0.0
301,Palmer,IPS,GK,4.0,a,,,3.9,0,0,0,out,0.0,0.0,0.0,FUL(H) MCI(A) NFO(H) HUL(A) BOU(H),0.0,0.0,0.0,0.0,0.0,0.0,0.0,0.0,0.0,0.0,0.0,0.0,0.0,0.0,0.0,0.0,0.0,0.0
302,Button,IPS,GK,4.0,a,,,0.6,0,0,0,out,0.0,0.0,0.0,FUL(H) MCI(A) NFO(H) HUL(A) BOU(H),0.0,0.0,0.0,0.0,0.0,0.0,0.0,0.0,0.0,0.0,0.0,0.0,0.0,0.0,0.0,0.0,0.0,0.0
303,Kipré,IPS,DEF,3.9,a,,,0.9,0,0,0,out,0.0,0.0,0.0,FUL(H) MCI(A) NFO(H) HUL(A) BOU(H),0.0,0.0,0.0,0.0,0.0,0.0,0.0,0.0,0.0,0.0,0.0,0.0,0.0,0.0,0.0,0.0,0.0,0.0
307,Johnson,IPS,DEF,4.0,u,0,Has joined Stoke City on loan for the rest of the season,0.1,0,0,0,out,0.0,0.0,0.0,FUL(H) MCI(A) NFO(H) HUL(A) BOU(H),0.0,0.0,0.0,0.0,0.0,0.0,0.0,0.0,0.0,0.0,0.0,0.0,0.0,0.0,0.0,0.0,0.0,0.0
310,Matusiwa,IPS,MID,4.9,a,100,,0.0,0,0,0,out,0.0,0.0,0.0,FUL(H) MCI(A) NFO(H) HUL(A) BOU(H),0.0,0.0,0.0,0.0,0.0,0.0,0.0,0.0,0.0,0.0,0.0,0.0,0.0,0.0,0.0,0.0,0.0,0.0
311,Burns,IPS,MID,5.0,u,0,Has joined Leicester City permanently,0.0,0,0,0,out,0.0,0.0,0.0,FUL(H) MCI(A) NFO(H) HUL(A) BOU(H),0.0,0.0,0.0,0.0,0.0,0.0,0.0,0.0,0.0,0.0,0.0,0.0,0.0,0.0,0.0,0.0,0.0,0.0
312,Taylor,IPS,MID,4.4,i,0,Knee injury - Unknown return date,0.0,0,0,0,out,0.0,0.0,0.0,FUL(H) MCI(A) NFO(H) HUL(A) BOU(H),0.0,0.0,0.0,0.0,0.0,0.0,0.0,0.0,0.0,0.0,0.0,0.0,0.0,0.0,0.0,0.0,0.0,0.0
314,Ogbene,IPS,MID,4.9,u,0,Has joined Lincoln City on loan until January,0.0,0,0,0,out,0.0,0.0,0.0,FUL(H) MCI(A) NFO(H) HUL(A) BOU(H),0.0,0.0,0.0,0.0,0.0,0.0,0.0,0.0,0.0,0.0,0.0,0.0,0.0,0.0,0.0,0.0,0.0,0.0
315,Fatawu,IPS,MID,5.4,s,0,Suspended until 17 Oct,0.2,8,5,352,out,0.0,0.0,0.0,FUL(H) MCI(A) NFO(H) HUL(A) BOU(H),0.0,0.0,0.0,0.0,0.0,0.0,0.0,0.0,0.0,0.0,0.0,0.0,0.0,0.0,0.0,0.0,0.0,0.0
317,Hirst,IPS,FWD,5.0,u,0,Has joined Stoke City permanently,0.1,0,0,0,out,0.0,0.0,0.0,FUL(H) MCI(A) NFO(H) HUL(A) BOU(H),0.0,0.0,0.0,0.0,0.0,0.0,0.0,0.0,0.0,0.0,0.0,0.0,0.0,0.0,0.0,0.0,0.0,0.0
319,Szmodics,IPS,MID,5.0,u,0,Has joined Derby County on loan for the rest of the season,0.0,0,0,0,out,0.0,0.0,0.0,FUL(H) MCI(A) NFO(H) HUL(A) BOU(H),0.0,0.0,0.0,0.0,0.0,0.0,0.0,0.0,0.0,0.0,0.0,0.0,0.0,0.0,0.0,0.0,0.0,0.0
322,Al-Hamadi,IPS,FWD,5.0,u,0,Has joined Sheffield Wednesday on loan for the rest of the s,0.0,0,0,0,out,0.0,0.0,0.0,FUL(H) MCI(A) NFO(H) HUL(A) BOU(H),0.0,0.0,0.0,0.0,0.0,0.0,0.0,0.0,0.0,0.0,0.0,0.0,0.0,0.0,0.0,0.0,0.0,0.0
324,Mehmeti,IPS,MID,4.8,a,,,0.0,0,0,0,out,0.0,0.0,0.0,FUL(H) MCI(A) NFO(H) HUL(A) BOU(H),0.0,0.0,0.0,0.0,0.0,0.0,0.0,0.0,0.0,0.0,0.0,0.0,0.0,0.0,0.0,0.0,0.0,0.0
554,Van Oevelen,IPS,GK,4.5,u,0,Has joined Valencia on loan for the rest of the season,0.0,0,0,0,out,0.0,0.0,0.0,FUL(H) MCI(A) NFO(H) HUL(A) BOU(H),0.0,0.0,0.0,0.0,0.0,0.0,0.0,0.0,0.0,0.0,0.0,0.0,0.0,0.0,0.0,0.0,0.0,0.0
602,Humphreys,IPS,MID,4.5,u,0,Has joined Huddersfield Town on loan for the rest of the sea,0.0,0,0,0,out,0.0,0.0,0.0,FUL(H) MCI(A) NFO(H) HUL(A) BOU(H),0.0,0.0,0.0,0.0,0.0,0.0,0.0,0.0,0.0,0.0,0.0,0.0,0.0,0.0,0.0,0.0,0.0,0.0
260,Wilson,LEE,MID,6.2,i,0,Thigh injury - Unknown return date,1.6,5,1,145,out,0.0,0.0,0.0,ARS(A) MUN(H) SUN(A) BOU(A) TOT(H),0.0,0.0,0.0,0.0,0.0,0.0,0.0,0.0,0.0,0.0,0.0,0.0,0.0,0.0,0.0,0.0,0.0,0.0
326,Perri,LEE,GK,4.5,u,0,Has joined Torino on loan for the rest of the season,0.3,0,0,0,out,0.0,0.0,0.0,ARS(A) MUN(H) SUN(A) BOU(A) TOT(H),0.0,0.0,0.0,0.0,0.0,0.0,0.0,0.0,0.0,0.0,0.0,0.0,0.0,0.0,0.0,0.0,0.0,0.0
329,Rodon,LEE,DEF,4.3,i,0,Hamstring injury - Expected back 21 Nov,0.7,7,2,123,out,0.0,0.0,0.0,ARS(A) MUN(H) SUN(A) BOU(A) TOT(H),0.0,0.0,0.0,0.0,0.0,0.0,0.0,0.0,0.0,0.0,0.0,0.0,0.0,0.0,0.0,0.0,0.0,0.0
333,Bornauw,LEE,DEF,4.5,u,0,Has joined Hamburg SV on loan for the rest of the season,0.0,0,0,0,out,0.0,0.0,0.0,ARS(A) MUN(H) SUN(A) BOU(A) TOT(H),0.0,0.0,0.0,0.0,0.0,0.0,0.0,0.0,0.0,0.0,0.0,0.0,0.0,0.0,0.0,0.0,0.0,0.0
341,Gnonto,LEE,MID,5.0,u,0,Has joined ACF Fiorentina on loan for the rest of the season,0.0,0,0,0,out,0.0,0.0,0.0,ARS(A) MUN(H) SUN(A) BOU(A) TOT(H),0.0,0.0,0.0,0.0,0.0,0.0,0.0,0.0,0.0,0.0,0.0,0.0,0.0,0.0,0.0,0.0,0.0,0.0
342,Harrison,LEE,MID,5.0,u,0,Has joined New England Revolution permanently,0.0,0,0,0,out,0.0,0.0,0.0,ARS(A) MUN(H) SUN(A) BOU(A) TOT(H),0.0,0.0,0.0,0.0,0.0,0.0,0.0,0.0,0.0,0.0,0.0,0.0,0.0,0.0,0.0,0.0,0.0,0.0
344,Gruev,LEE,MID,5.0,a,100,,0.0,0,0,0,out,0.0,0.0,0.0,ARS(A) MUN(H) SUN(A) BOU(A) TOT(H),0.0,0.0,0.0,0.0,0.0,0.0,0.0,0.0,0.0,0.0,0.0,0.0,0.0,0.0,0.0,0.0,0.0,0.0
348,Piroe,LEE,FWD,5.0,u,0,Has joined West Ham United on loan for the rest of the seaso,0.1,0,0,0,out,0.0,0.0,0.0,ARS(A) MUN(H) SUN(A) BOU(A) TOT(H),0.0,0.0,0.0,0.0,0.0,0.0,0.0,0.0,0.0,0.0,0.0,0.0,0.0,0.0,0.0,0.0,0.0,0.0
349,Mateo Joseph,LEE,FWD,4.5,i,0,Knee injury - Unknown return date,0.1,0,0,0,out,0.0,0.0,0.0,ARS(A) MUN(H) SUN(A) BOU(A) TOT(H),0.0,0.0,0.0,0.0,0.0,0.0,0.0,0.0,0.0,0.0,0.0,0.0,0.0,0.0,0.0,0.0,0.0,0.0
603,Lienou,LEE,DEF,4.0,a,,,0.1,0,0,0,out,0.0,0.0,0.0,ARS(A) MUN(H) SUN(A) BOU(A) TOT(H),0.0,0.0,0.0,0.0,0.0,0.0,0.0,0.0,0.0,0.0,0.0,0.0,0.0,0.0,0.0,0.0,0.0,0.0
604,Cresswell,LEE,MID,4.5,a,,,0.1,0,0,0,out,0.0,0.0,0.0,ARS(A) MUN(H) SUN(A) BOU(A) TOT(H),0.0,0.0,0.0,0.0,0.0,0.0,0.0,0.0,0.0,0.0,0.0,0.0,0.0,0.0,0.0,0.0,0.0,0.0
625,Cairns,LEE,GK,4.0,a,,,0.2,0,0,0,out,0.0,0.0,0.0,ARS(A) MUN(H) SUN(A) BOU(A) TOT(H),0.0,0.0,0.0,0.0,0.0,0.0,0.0,0.0,0.0,0.0,0.0,0.0,0.0,0.0,0.0,0.0,0.0,0.0
629,Zetterer,LEE,GK,4.0,a,,,0.7,0,0,0,out,0.0,0.0,0.0,ARS(A) MUN(H) SUN(A) BOU(A) TOT(H),0.0,0.0,0.0,0.0,0.0,0.0,0.0,0.0,0.0,0.0,0.0,0.0,0.0,0.0,0.0,0.0,0.0,0.0
351,Mamardashvili,LIV,GK,4.8,a,,,0.1,0,0,0,out,0.0,0.0,0.0,MCI(H) BRE(A) BHA(H) ARS(H) CRY(A),0.0,0.0,0.0,0.0,0.0,0.0,0.0,0.0,0.0,0.0,0.0,0.0,0.0,0.0,0.0,0.0,0.0,0.0
352,Woodman,LIV,GK,4.0,a,,,1.0,0,0,0,out,0.0,0.0,0.0,MCI(H) BRE(A) BHA(H) ARS(H) CRY(A),0.0,0.0,0.0,0.0,0.0,0.0,0.0,0.0,0.0,0.0,0.0,0.0,0.0,0.0,0.0,0.0,0.0,0.0
353,Pecsi,LIV,GK,4.0,u,0,Has joined TSV Hartberg on loan for the rest of the season,0.0,0,0,0,out,0.0,0.0,0.0,MCI(H) BRE(A) BHA(H) ARS(H) CRY(A),0.0,0.0,0.0,0.0,0.0,0.0,0.0,0.0,0.0,0.0,0.0,0.0,0.0,0.0,0.0,0.0,0.0,0.0
354,Jaros,LIV,GK,4.0,i,0,Knee injury - Unknown return date,0.0,0,0,0,out,0.0,0.0,0.0,MCI(H) BRE(A) BHA(H) ARS(H) CRY(A),0.0,0.0,0.0,0.0,0.0,0.0,0.0,0.0,0.0,0.0,0.0,0.0,0.0,0.0,0.0,0.0,0.0,0.0
355,Davies,LIV,GK,4.0,a,,,0.2,0,0,0,out,0.0,0.0,0.0,MCI(H) BRE(A) BHA(H) ARS(H) CRY(A),0.0,0.0,0.0,0.0,0.0,0.0,0.0,0.0,0.0,0.0,0.0,0.0,0.0,0.0,0.0,0.0,0.0,0.0
359,Gomez,LIV,DEF,4.9,a,100,,0.0,0,0,0,out,0.0,0.0,0.0,MCI(H) BRE(A) BHA(H) ARS(H) CRY(A),0.0,0.0,0.0,0.0,0.0,0.0,0.0,0.0,0.0,0.0,0.0,0.0,0.0,0.0,0.0,0.0,0.0,0.0
360,Bradley,LIV,DEF,5.0,i,0,Knee injury - Unknown return date,0.0,0,0,0,out,0.0,0.0,0.0,MCI(H) BRE(A) BHA(H) ARS(H) CRY(A),0.0,0.0,0.0,0.0,0.0,0.0,0.0,0.0,0.0,0.0,0.0,0.0,0.0,0.0,0.0,0.0,0.0,0.0
361,Lucky,LIV,DEF,4.0,a,,,0.1,0,0,0,out,0.0,0.0,0.0,MCI(H) BRE(A) BHA(H) ARS(H) CRY(A),0.0,0.0,0.0,0.0,0.0,0.0,0.0,0.0,0.0,0.0,0.0,0.0,0.0,0.0,0.0,0.0,0.0,0.0
363,Leoni,LIV,DEF,4.0,i,0,Knee injury - Unknown return date,0.0,0,0,0,out,0.0,0.0,0.0,MCI(H) BRE(A) BHA(H) ARS(H) CRY(A),0.0,0.0,0.0,0.0,0.0,0.0,0.0,0.0,0.0,0.0,0.0,0.0,0.0,0.0,0.0,0.0,0.0,0.0
365,Ramsay,LIV,DEF,4.0,u,0,Has joined St Mirren on loan for the rest of the season,0.1,0,0,0,out,0.0,0.0,0.0,MCI(H) BRE(A) BHA(H) ARS(H) CRY(A),0.0,0.0,0.0,0.0,0.0,0.0,0.0,0.0,0.0,0.0,0.0,0.0,0.0,0.0,0.0,0.0,0.0,0.0
370,Chiesa,LIV,MID,5.3,i,0,Back injury - Unknown return date,0.0,0,0,0,out,0.0,0.0,0.0,MCI(H) BRE(A) BHA(H) ARS(H) CRY(A),0.0,0.0,0.0,0.0,0.0,0.0,0.0,0.0,0.0,0.0,0.0,0.0,0.0,0.0,0.0,0.0,0.0,0.0
373,C.Jones,LIV,MID,5.5,u,0,Has joined Internazionale permanently,0.0,0,0,0,out,0.0,0.0,0.0,MCI(H) BRE(A) BHA(H) ARS(H) CRY(A),0.0,0.0,0.0,0.0,0.0,0.0,0.0,0.0,0.0,0.0,0.0,0.0,0.0,0.0,0.0,0.0,0.0,0.0
374,Endo,LIV,MID,4.9,a,100,,0.1,0,0,0,out,0.0,0.0,0.0,MCI(H) BRE(A) BHA(H) ARS(H) CRY(A),0.0,0.0,0.0,0.0,0.0,0.0,0.0,0.0,0.0,0.0,0.0,0.0,0.0,0.0,0.0,0.0,0.0,0.0
376,Bajcetic,LIV,MID,5.0,u,0,Has joined Celta Vigo permanently,0.0,0,0,0,out,0.0,0.0,0.0,MCI(H) BRE(A) BHA(H) ARS(H) CRY(A),0.0,0.0,0.0,0.0,0.0,0.0,0.0,0.0,0.0,0.0,0.0,0.0,0.0,0.0,0.0,0.0,0.0,0.0
378,McConnell,LIV,MID,4.4,a,,,0.2,0,0,0,out,0.0,0.0,0.0,MCI(H) BRE(A) BHA(H) ARS(H) CRY(A),0.0,0.0,0.0,0.0,0.0,0.0,0.0,0.0,0.0,0.0,0.0,0.0,0.0,0.0,0.0,0.0,0.0,0.0
380,Ekitiké,LIV,FWD,7.4,i,0,Achilles injury - Unknown return date,0.1,0,0,0,out,0.0,0.0,0.0,MCI(H) BRE(A) BHA(H) ARS(H) CRY(A),0.0,0.0,0.0,0.0,0.0,0.0,0.0,0.0,0.0,0.0,0.0,0.0,0.0,0.0,0.0,0.0,0.0,0.0
382,Danns,LIV,FWD,4.5,a,100,,0.2,0,0,0,out,0.0,0.0,0.0,MCI(H) BRE(A) BHA(H) ARS(H) CRY(A),0.0,0.0,0.0,0.0,0.0,0.0,0.0,0.0,0.0,0.0,0.0,0.0,0.0,0.0,0.0,0.0,0.0,0.0
383,Elliott,LIV,MID,5.4,u,0,Has joined Valencia on loan for the rest of the season,0.0,0,0,0,out,0.0,0.0,0.0,MCI(H) BRE(A) BHA(H) ARS(H) CRY(A),0.0,0.0,0.0,0.0,0.0,0.0,0.0,0.0,0.0,0.0,0.0,0.0,0.0,0.0,0.0,0.0,0.0,0.0
386,Bettinelli,MCI,GK,4.5,a,,,0.0,0,0,0,out,0.0,0.0,0.0,LIV(A) IPS(H) AVL(A) BHA(H) NFO(A),0.0,0.0,0.0,0.0,0.0,0.0,0.0,0.0,0.0,0.0,0.0,0.0,0.0,0.0,0.0,0.0,0.0,0.0
392,Aït-Nouri,MCI,DEF,5.2,a,,,0.4,0,0,0,out,0.0,0.0,0.0,LIV(A) IPS(H) AVL(A) BHA(H) NFO(A),0.0,0.0,0.0,0.0,0.0,0.0,0.0,0.0,0.0,0.0,0.0,0.0,0.0,0.0,0.0,0.0,0.0,0.0
394,Alleyne,MCI,DEF,5.0,u,0,Has joined Burnley on loan for the rest of the season,0.0,0,0,0,out,0.0,0.0,0.0,LIV(A) IPS(H) AVL(A) BHA(H) NFO(A),0.0,0.0,0.0,0.0,0.0,0.0,0.0,0.0,0.0,0.0,0.0,0.0,0.0,0.0,0.0,0.0,0.0,0.0
398,Foden,MCI,MID,6.9,s,0,Suspended until 17 Oct,1.7,9,3,217,out,0.0,0.0,0.0,LIV(A) IPS(H) AVL(A) BHA(H) NFO(A),0.0,0.0,0.0,0.0,0.0,0.0,0.0,0.0,0.0,0.0,0.0,0.0,0.0,0.0,0.0,0.0,0.0,0.0
402,Rodrigo,MCI,MID,6.5,u,0,Has joined Barcelona permanently,0.0,0,0,0,out,0.0,0.0,0.0,LIV(A) IPS(H) AVL(A) BHA(H) NFO(A),0.0,0.0,0.0,0.0,0.0,0.0,0.0,0.0,0.0,0.0,0.0,0.0,0.0,0.0,0.0,0.0,0.0,0.0
404,Reijnders,MCI,MID,6.0,u,0,Has joined Al Qadsiah permanently,0.0,0,0,0,out,0.0,0.0,0.0,LIV(A) IPS(H) AVL(A) BHA(H) NFO(A),0.0,0.0,0.0,0.0,0.0,0.0,0.0,0.0,0.0,0.0,0.0,0.0,0.0,0.0,0.0,0.0,0.0,0.0
407,Echeverri,MCI,MID,4.9,u,0,Has joined Benfica on loan for the rest of the season,0.0,0,0,0,out,0.0,0.0,0.0,LIV(A) IPS(H) AVL(A) BHA(H) NFO(A),0.0,0.0,0.0,0.0,0.0,0.0,0.0,0.0,0.0,0.0,0.0,0.0,0.0,0.0,0.0,0.0,0.0,0.0
408,Phillips,MCI,MID,5.0,u,0,Has joined Sheffield United on loan for the rest of the seas,0.0,0,0,0,out,0.0,0.0,0.0,LIV(A) IPS(H) AVL(A) BHA(H) NFO(A),0.0,0.0,0.0,0.0,0.0,0.0,0.0,0.0,0.0,0.0,0.0,0.0,0.0,0.0,0.0,0.0,0.0,0.0
409,Mukasa,MCI,MID,4.5,u,0,has joined West Ham on loan for the rest of the seaon.,0.1,0,0,0,out,0.0,0.0,0.0,LIV(A) IPS(H) AVL(A) BHA(H) NFO(A),0.0,0.0,0.0,0.0,0.0,0.0,0.0,0.0,0.0,0.0,0.0,0.0,0.0,0.0,0.0,0.0,0.0,0.0
410,Monga,MCI,MID,4.9,u,0,Has joined Swansea City on loan for the rest of the season,0.0,0,0,0,out,0.0,0.0,0.0,LIV(A) IPS(H) AVL(A) BHA(H) NFO(A),0.0,0.0,0.0,0.0,0.0,0.0,0.0,0.0,0.0,0.0,0.0,0.0,0.0,0.0,0.0,0.0,0.0,0.0
587,Rulli,MCI,GK,5.0,a,,,0.0,0,0,0,out,0.0,0.0,0.0,LIV(A) IPS(H) AVL(A) BHA(H) NFO(A),0.0,0.0,0.0,0.0,0.0,0.0,0.0,0.0,0.0,0.0,0.0,0.0,0.0,0.0,0.0,0.0,0.0,0.0
628,Allan,MCI,MID,6.0,a,,,0.0,0,0,0,out,0.0,0.0,0.0,LIV(A) IPS(H) AVL(A) BHA(H) NFO(A),0.0,0.0,0.0,0.0,0.0,0.0,0.0,0.0,0.0,0.0,0.0,0.0,0.0,0.0,0.0,0.0,0.0,0.0
653,Samba,MCI,MID,4.5,a,,,0.0,0,0,0,out,0.0,0.0,0.0,LIV(A) IPS(H) AVL(A) BHA(H) NFO(A),0.0,0.0,0.0,0.0,0.0,0.0,0.0,0.0,0.0,0.0,0.0,0.0,0.0,0.0,0.0,0.0,0.0,0.0
131,Baleba,MUN,MID,4.9,a,100,,0.1,0,0,0,out,0.0,0.0,0.0,TOT(H) LEE(A) BOU(H) CHE(A) AVL(H),0.0,0.0,0.0,0.0,0.0,0.0,0.0,0.0,0.0,0.0,0.0,0.0,0.0,0.0,0.0,0.0,0.0,0.0
325,Darlow,MUN,GK,4.5,d,75,Unspecified injury - 75% chance of playing,0.0,0,0,0,out,0.0,0.0,0.0,TOT(H) LEE(A) BOU(H) CHE(A) AVL(H),0.0,0.0,0.0,0.0,0.0,0.0,0.0,0.0,0.0,0.0,0.0,0.0,0.0,0.0,0.0,0.0,0.0,0.0
413,Bayindir,MUN,GK,4.5,u,0,Has joined Celta Vigo on loan for the rest of the season,0.0,0,0,0,out,0.0,0.0,0.0,TOT(H) LEE(A) BOU(H) CHE(A) AVL(H),0.0,0.0,0.0,0.0,0.0,0.0,0.0,0.0,0.0,0.0,0.0,0.0,0.0,0.0,0.0,0.0,0.0,0.0
414,Heaton,MUN,GK,4.0,i,0,Hamstring injury - Unknown return date,0.1,0,0,0,out,0.0,0.0,0.0,TOT(H) LEE(A) BOU(H) CHE(A) AVL(H),0.0,0.0,0.0,0.0,0.0,0.0,0.0,0.0,0.0,0.0,0.0,0.0,0.0,0.0,0.0,0.0,0.0,0.0
416,De Ligt,MUN,DEF,4.9,i,0,Back injury - Unknown return date,0.0,0,0,0,out,0.0,0.0,0.0,TOT(H) LEE(A) BOU(H) CHE(A) AVL(H),0.0,0.0,0.0,0.0,0.0,0.0,0.0,0.0,0.0,0.0,0.0,0.0,0.0,0.0,0.0,0.0,0.0,0.0
424,Amass,MUN,DEF,4.0,a,,,0.2,0,0,0,out,0.0,0.0,0.0,TOT(H) LEE(A) BOU(H) CHE(A) AVL(H),0.0,0.0,0.0,0.0,0.0,0.0,0.0,0.0,0.0,0.0,0.0,0.0,0.0,0.0,0.0,0.0,0.0,0.0
425,Fredricson,MUN,DEF,4.0,u,0,Has joined Lausanne-Sport permanently,0.0,0,0,0,out,0.0,0.0,0.0,TOT(H) LEE(A) BOU(H) CHE(A) AVL(H),0.0,0.0,0.0,0.0,0.0,0.0,0.0,0.0,0.0,0.0,0.0,0.0,0.0,0.0,0.0,0.0,0.0,0.0
431,Amad,MUN,MID,5.7,i,0,Unspecified injury - Unknown return date,0.3,0,0,0,out,0.0,0.0,0.0,TOT(H) LEE(A) BOU(H) CHE(A) AVL(H),0.0,0.0,0.0,0.0,0.0,0.0,0.0,0.0,0.0,0.0,0.0,0.0,0.0,0.0,0.0,0.0,0.0,0.0
433,Ugarte,MUN,MID,5.0,i,0,Knee injury - Unknown return date,0.0,0,0,0,out,0.0,0.0,0.0,TOT(H) LEE(A) BOU(H) CHE(A) AVL(H),0.0,0.0,0.0,0.0,0.0,0.0,0.0,0.0,0.0,0.0,0.0,0.0,0.0,0.0,0.0,0.0,0.0,0.0
434,J.Fletcher,MUN,MID,4.9,a,,,0.0,0,0,0,out,0.0,0.0,0.0,TOT(H) LEE(A) BOU(H) CHE(A) AVL(H),0.0,0.0,0.0,0.0,0.0,0.0,0.0,0.0,0.0,0.0,0.0,0.0,0.0,0.0,0.0,0.0,0.0,0.0
436,Collyer,MUN,MID,5.0,u,0,Has joined West Brom permanently,0.0,0,0,0,out,0.0,0.0,0.0,TOT(H) LEE(A) BOU(H) CHE(A) AVL(H),0.0,0.0,0.0,0.0,0.0,0.0,0.0,0.0,0.0,0.0,0.0,0.0,0.0,0.0,0.0,0.0,0.0,0.0
437,Bendito Mantato,MUN,MID,4.4,a,,,0.2,0,0,0,out,0.0,0.0,0.0,TOT(H) LEE(A) BOU(H) CHE(A) AVL(H),0.0,0.0,0.0,0.0,0.0,0.0,0.0,0.0,0.0,0.0,0.0,0.0,0.0,0.0,0.0,0.0,0.0,0.0
438,Fletcher,MUN,MID,4.4,a,,,0.3,0,0,0,out,0.0,0.0,0.0,TOT(H) LEE(A) BOU(H) CHE(A) AVL(H),0.0,0.0,0.0,0.0,0.0,0.0,0.0,0.0,0.0,0.0,0.0,0.0,0.0,0.0,0.0,0.0,0.0,0.0
441,Obi,MUN,FWD,4.5,u,0,Has joined Willem II on loan for the rest of the season,0.9,0,0,0,out,0.0,0.0,0.0,TOT(H) LEE(A) BOU(H) CHE(A) AVL(H),0.0,0.0,0.0,0.0,0.0,0.0,0.0,0.0,0.0,0.0,0.0,0.0,0.0,0.0,0.0,0.0,0.0,0.0
442,Pope,NEW,GK,4.9,a,,,0.9,0,0,0,out,0.0,0.0,0.0,COV(A) AVL(H) CRY(A) EVE(H) FUL(A),0.0,0.0,0.0,0.0,0.0,0.0,0.0,0.0,0.0,0.0,0.0,0.0,0.0,0.0,0.0,0.0,0.0,0.0
443,Gillespie,NEW,GK,4.5,a,,,0.0,0,0,0,out,0.0,0.0,0.0,COV(A) AVL(H) CRY(A) EVE(H) FUL(A),0.0,0.0,0.0,0.0,0.0,0.0,0.0,0.0,0.0,0.0,0.0,0.0,0.0,0.0,0.0,0.0,0.0,0.0
444,Jaouen,NEW,GK,4.4,i,0,Hamstring injury - Unknown return date,0.0,0,0,0,out,0.0,0.0,0.0,COV(A) AVL(H) CRY(A) EVE(H) FUL(A),0.0,0.0,0.0,0.0,0.0,0.0,0.0,0.0,0.0,0.0,0.0,0.0,0.0,0.0,0.0,0.0,0.0,0.0
448,Burn,NEW,DEF,4.8,i,0,Ankle injury - Expected back 12 Oct,0.7,0,0,0,out,0.0,0.0,0.0,COV(A) AVL(H) CRY(A) EVE(H) FUL(A),0.0,0.0,0.0,0.0,0.0,0.0,0.0,0.0,0.0,0.0,0.0,0.0,0.0,0.0,0.0,0.0,0.0,0.0
451,A.Murphy,NEW,DEF,4.0,u,0,Has joined FC Kaiserslautern on loan for the rest of the sea,0.1,0,0,0,out,0.0,0.0,0.0,COV(A) AVL(H) CRY(A) EVE(H) FUL(A),0.0,0.0,0.0,0.0,0.0,0.0,0.0,0.0,0.0,0.0,0.0,0.0,0.0,0.0,0.0,0.0,0.0,0.0
454,Elanga,NEW,MID,6.1,i,0,Unspecified injury - Unknown return date,4.3,18,3,232,out,0.0,0.0,0.0,COV(A) AVL(H) CRY(A) EVE(H) FUL(A),0.0,0.0,0.0,0.0,0.0,0.0,0.0,0.0,0.0,0.0,0.0,0.0,0.0,0.0,0.0,0.0,0.0,0.0
456,J.Ramsey,NEW,MID,4.8,i,0,Thigh injury - Unknown return date,0.2,7,0,69,out,0.0,0.0,0.0,COV(A) AVL(H) CRY(A) EVE(H) FUL(A),0.0,0.0,0.0,0.0,0.0,0.0,0.0,0.0,0.0,0.0,0.0,0.0,0.0,0.0,0.0,0.0,0.0,0.0
458,Joelinton,NEW,MID,5.4,i,0,Unspecified injury - Unknown return date,0.0,0,0,0,out,0.0,0.0,0.0,COV(A) AVL(H) CRY(A) EVE(H) FUL(A),0.0,0.0,0.0,0.0,0.0,0.0,0.0,0.0,0.0,0.0,0.0,0.0,0.0,0.0,0.0,0.0,0.0,0.0
463,Woltemade,NEW,FWD,5.9,u,0,Has joined Juventus on loan for the rest of the season,0.5,4,0,19,out,0.0,0.0,0.0,COV(A) AVL(H) CRY(A) EVE(H) FUL(A),0.0,0.0,0.0,0.0,0.0,0.0,0.0,0.0,0.0,0.0,0.0,0.0,0.0,0.0,0.0,0.0,0.0,0.0
465,Osula,NEW,FWD,5.8,i,0,Foot injury - Unknown return date,0.3,4,1,55,out,0.0,0.0,0.0,COV(A) AVL(H) CRY(A) EVE(H) FUL(A),0.0,0.0,0.0,0.0,0.0,0.0,0.0,0.0,0.0,0.0,0.0,0.0,0.0,0.0,0.0,0.0,0.0,0.0
466,Neave,NEW,FWD,4.5,u,0,Has joined Wolves on loan for the rest of the season,0.5,0,0,0,out,0.0,0.0,0.0,COV(A) AVL(H) CRY(A) EVE(H) FUL(A),0.0,0.0,0.0,0.0,0.0,0.0,0.0,0.0,0.0,0.0,0.0,0.0,0.0,0.0,0.0,0.0,0.0,0.0
593,Dedić,NEW,DEF,4.5,i,0,Unspecified injury - Unknown return date,1.8,13,4,327,out,0.0,0.0,0.0,COV(A) AVL(H) CRY(A) EVE(H) FUL(A),0.0,0.0,0.0,0.0,0.0,0.0,0.0,0.0,0.0,0.0,0.0,0.0,0.0,0.0,0.0,0.0,0.0,0.0
609,Shahar,NEW,DEF,4.0,u,0,has joined Arouca on loan for the rest of the seaon.,0.2,0,0,0,out,0.0,0.0,0.0,COV(A) AVL(H) CRY(A) EVE(H) FUL(A),0.0,0.0,0.0,0.0,0.0,0.0,0.0,0.0,0.0,0.0,0.0,0.0,0.0,0.0,0.0,0.0,0.0,0.0
659,Miley,NEW,MID,4.5,a,,,0.0,0,0,0,out,0.0,0.0,0.0,COV(A) AVL(H) CRY(A) EVE(H) FUL(A),0.0,0.0,0.0,0.0,0.0,0.0,0.0,0.0,0.0,0.0,0.0,0.0,0.0,0.0,0.0,0.0,0.0,0.0
663,Pivas,NEW,DEF,4.0,a,,,0.0,0,0,0,out,0.0,0.0,1.1,COV(A) AVL(H) CRY(A) EVE(H) FUL(A),0.0,0.0,0.0,0.0,0.0,0.0,0.0,0.0,0.0,0.0,0.0,0.0,0.0,0.0,0.0,0.0,0.0,0.0
664,Salia,NEW,FWD,4.5,a,,,0.1,0,0,0,out,0.0,0.0,1.0,COV(A) AVL(H) CRY(A) EVE(H) FUL(A),0.0,0.0,0.0,0.0,0.0,0.0,0.0,0.0,0.0,0.0,0.0,0.0,0.0,0.0,0.0,0.0,0.0,0.0
665,Mills,NEW,MID,4.5,a,,,0.0,0,0,0,out,0.0,0.0,1.1,COV(A) AVL(H) CRY(A) EVE(H) FUL(A),0.0,0.0,0.0,0.0,0.0,0.0,0.0,0.0,0.0,0.0,0.0,0.0,0.0,0.0,0.0,0.0,0.0,0.0
666,Thompson,NEW,MID,4.5,a,,,0.0,0,0,0,out,0.0,0.0,1.1,COV(A) AVL(H) CRY(A) EVE(H) FUL(A),0.0,0.0,0.0,0.0,0.0,0.0,0.0,0.0,0.0,0.0,0.0,0.0,0.0,0.0,0.0,0.0,0.0,0.0
468,John,NFO,GK,4.5,a,,,0.1,0,0,0,out,0.0,0.0,0.0,CRY(A) ARS(H) IPS(A) BRE(A) MCI(H),0.0,0.0,0.0,0.0,0.0,0.0,0.0,0.0,0.0,0.0,0.0,0.0,0.0,0.0,0.0,0.0,0.0,0.0
470,Morato,NFO,DEF,5.0,u,0,Has joined West Ham on loan for the rest of the season,0.0,0,0,0,out,0.0,0.0,0.0,CRY(A) ARS(H) IPS(A) BRE(A) MCI(H),0.0,0.0,0.0,0.0,0.0,0.0,0.0,0.0,0.0,0.0,0.0,0.0,0.0,0.0,0.0,0.0,0.0,0.0
471,Milenković,NFO,DEF,5.4,i,0,Hamstring injury - Expected back 11 Oct,1.0,12,3,270,out,0.0,0.0,0.0,CRY(A) ARS(H) IPS(A) BRE(A) MCI(H),0.0,0.0,0.0,0.0,0.0,0.0,0.0,0.0,0.0,0.0,0.0,0.0,0.0,0.0,0.0,0.0,0.0,0.0
475,Savona,NFO,DEF,4.5,i,0,Knee injury - Unknown return date,0.0,0,0,0,out,0.0,0.0,0.0,CRY(A) ARS(H) IPS(A) BRE(A) MCI(H),0.0,0.0,0.0,0.0,0.0,0.0,0.0,0.0,0.0,0.0,0.0,0.0,0.0,0.0,0.0,0.0,0.0,0.0
476,O.Richards,NFO,DEF,4.0,a,,,0.2,0,0,0,out,0.0,0.0,0.0,CRY(A) ARS(H) IPS(A) BRE(A) MCI(H),0.0,0.0,0.0,0.0,0.0,0.0,0.0,0.0,0.0,0.0,0.0,0.0,0.0,0.0,0.0,0.0,0.0,0.0
477,Abbott,NFO,DEF,4.0,u,0,Has joined Southampton on loan for the rest of the season,0.1,0,0,0,out,0.0,0.0,0.0,CRY(A) ARS(H) IPS(A) BRE(A) MCI(H),0.0,0.0,0.0,0.0,0.0,0.0,0.0,0.0,0.0,0.0,0.0,0.0,0.0,0.0,0.0,0.0,0.0,0.0
479,Bindon,NFO,DEF,4.0,u,0,Has joined Charlton Athletic on loan for the rest of the sea,0.1,0,0,0,out,0.0,0.0,0.0,CRY(A) ARS(H) IPS(A) BRE(A) MCI(H),0.0,0.0,0.0,0.0,0.0,0.0,0.0,0.0,0.0,0.0,0.0,0.0,0.0,0.0,0.0,0.0,0.0,0.0
484,Hutchinson,NFO,MID,5.4,u,0,Has joined AC Milan on loan for the rest of the season,0.1,0,0,0,out,0.0,0.0,0.0,CRY(A) ARS(H) IPS(A) BRE(A) MCI(H),0.0,0.0,0.0,0.0,0.0,0.0,0.0,0.0,0.0,0.0,0.0,0.0,0.0,0.0,0.0,0.0,0.0,0.0
485,Bakwa,NFO,MID,5.5,u,0,Has joined Lille on loan for the rest of the season,0.0,0,0,0,out,0.0,0.0,0.0,CRY(A) ARS(H) IPS(A) BRE(A) MCI(H),0.0,0.0,0.0,0.0,0.0,0.0,0.0,0.0,0.0,0.0,0.0,0.0,0.0,0.0,0.0,0.0,0.0,0.0
489,Yates,NFO,MID,4.5,a,100,,1.1,0,0,0,out,0.0,0.0,0.0,CRY(A) ARS(H) IPS(A) BRE(A) MCI(H),0.0,0.0,0.0,0.0,0.0,0.0,0.0,0.0,0.0,0.0,0.0,0.0,0.0,0.0,0.0,0.0,0.0,0.0
590,Benda,NFO,GK,4.5,a,,,0.1,0,0,0,out,0.0,0.0,0.0,CRY(A) ARS(H) IPS(A) BRE(A) MCI(H),0.0,0.0,0.0,0.0,0.0,0.0,0.0,0.0,0.0,0.0,0.0,0.0,0.0,0.0,0.0,0.0,0.0,0.0
494,Vicario,TOT,GK,4.5,u,0,Has joined Juventus on loan for the rest of the season,0.1,0,0,0,out,0.0,0.0,0.0,MUN(A) COV(H) CHE(A) CRY(H) LEE(A),0.0,0.0,0.0,0.0,0.0,0.0,0.0,0.0,0.0,0.0,0.0,0.0,0.0,0.0,0.0,0.0,0.0,0.0
495,Austin,TOT,GK,4.0,a,,,1.0,0,0,0,out,0.0,0.0,0.0,MUN(A) COV(H) CHE(A) CRY(H) LEE(A),0.0,0.0,0.0,0.0,0.0,0.0,0.0,0.0,0.0,0.0,0.0,0.0,0.0,0.0,0.0,0.0,0.0,0.0
497,Dubravka,TOT,GK,4.0,a,,,17.0,0,0,0,out,0.0,0.0,0.0,MUN(A) COV(H) CHE(A) CRY(H) LEE(A),0.0,0.0,0.0,0.0,0.0,0.0,0.0,0.0,0.0,0.0,0.0,0.0,0.0,0.0,0.0,0.0,0.0,0.0
500,Romero,TOT,DEF,5.0,u,0,Has joined Atletico Madrid permanently,0.1,0,0,0,out,0.0,0.0,0.0,MUN(A) COV(H) CHE(A) CRY(H) LEE(A),0.0,0.0,0.0,0.0,0.0,0.0,0.0,0.0,0.0,0.0,0.0,0.0,0.0,0.0,0.0,0.0,0.0,0.0
505,Spence,TOT,DEF,4.5,u,0,Has joined Internazionale permanently,0.2,0,0,0,out,0.0,0.0,0.0,MUN(A) COV(H) CHE(A) CRY(H) LEE(A),0.0,0.0,0.0,0.0,0.0,0.0,0.0,0.0,0.0,0.0,0.0,0.0,0.0,0.0,0.0,0.0,0.0,0.0
507,Phillips,TOT,DEF,4.5,u,0,Has joined Middlesbrough permanently,0.0,0,0,0,out,0.0,0.0,0.0,MUN(A) COV(H) CHE(A) CRY(H) LEE(A),0.0,0.0,0.0,0.0,0.0,0.0,0.0,0.0,0.0,0.0,0.0,0.0,0.0,0.0,0.0,0.0,0.0,0.0
508,Davies,TOT,DEF,3.9,a,,,0.9,0,0,0,out,0.0,0.0,0.0,MUN(A) COV(H) CHE(A) CRY(H) LEE(A),0.0,0.0,0.0,0.0,0.0,0.0,0.0,0.0,0.0,0.0,0.0,0.0,0.0,0.0,0.0,0.0,0.0,0.0
509,Byfield,TOT,DEF,4.0,a,,,0.1,0,0,0,out,0.0,0.0,0.0,MUN(A) COV(H) CHE(A) CRY(H) LEE(A),0.0,0.0,0.0,0.0,0.0,0.0,0.0,0.0,0.0,0.0,0.0,0.0,0.0,0.0,0.0,0.0,0.0,0.0
510,Rowswell,TOT,DEF,4.0,a,,,0.1,0,0,0,out,0.0,0.0,0.0,MUN(A) COV(H) CHE(A) CRY(H) LEE(A),0.0,0.0,0.0,0.0,0.0,0.0,0.0,0.0,0.0,0.0,0.0,0.0,0.0,0.0,0.0,0.0,0.0,0.0
511,Souza,TOT,DEF,4.0,u,0,Has joined FC Porto on loan for the rest of the season,0.2,0,0,0,out,0.0,0.0,0.0,MUN(A) COV(H) CHE(A) CRY(H) LEE(A),0.0,0.0,0.0,0.0,0.0,0.0,0.0,0.0,0.0,0.0,0.0,0.0,0.0,0.0,0.0,0.0,0.0,0.0
513,Xavi,TOT,MID,5.9,i,0,Knee injury - Unknown return date,0.0,0,0,0,out,0.0,0.0,0.0,MUN(A) COV(H) CHE(A) CRY(H) LEE(A),0.0,0.0,0.0,0.0,0.0,0.0,0.0,0.0,0.0,0.0,0.0,0.0,0.0,0.0,0.0,0.0,0.0,0.0
517,Odobert,TOT,MID,5.5,i,0,Knee injury - Unknown return date,0.0,0,0,0,out,0.0,0.0,0.0,MUN(A) COV(H) CHE(A) CRY(H) LEE(A),0.0,0.0,0.0,0.0,0.0,0.0,0.0,0.0,0.0,0.0,0.0,0.0,0.0,0.0,0.0,0.0,0.0,0.0
518,P.M.Sarr,TOT,MID,4.9,u,0,Has joined Juventus on loan for the rest of the season,0.1,0,0,0,out,0.0,0.0,0.0,MUN(A) COV(H) CHE(A) CRY(H) LEE(A),0.0,0.0,0.0,0.0,0.0,0.0,0.0,0.0,0.0,0.0,0.0,0.0,0.0,0.0,0.0,0.0,0.0,0.0
521,Kulusevski,TOT,MID,6.5,i,0,Knee injury - Unknown return date,0.0,0,0,0,out,0.0,0.0,0.0,MUN(A) COV(H) CHE(A) CRY(H) LEE(A),0.0,0.0,0.0,0.0,0.0,0.0,0.0,0.0,0.0,0.0,0.0,0.0,0.0,0.0,0.0,0.0,0.0,0.0
523,Moore,TOT,MID,5.0,u,0,Has joined FC Köln on loan for the rest of the season,0.1,3,1,89,out,0.0,0.0,0.0,MUN(A) COV(H) CHE(A) CRY(H) LEE(A),0.0,0.0,0.0,0.0,0.0,0.0,0.0,0.0,0.0,0.0,0.0,0.0,0.0,0.0,0.0,0.0,0.0,0.0
524,Olusesi,TOT,MID,4.4,a,,,1.0,0,0,0,out,0.0,0.0,0.0,MUN(A) COV(H) CHE(A) CRY(H) LEE(A),0.0,0.0,0.0,0.0,0.0,0.0,0.0,0.0,0.0,0.0,0.0,0.0,0.0,0.0,0.0,0.0,0.0,0.0
527,Richarlison,TOT,FWD,5.9,u,0,not included in squad.,0.6,2,1,67,out,0.0,0.0,0.0,MUN(A) COV(H) CHE(A) CRY(H) LEE(A),0.0,0.0,0.0,0.0,0.0,0.0,0.0,0.0,0.0,0.0,0.0,0.0,0.0,0.0,0.0,0.0,0.0,0.0
528,Scarlett,TOT,FWD,4.5,u,0,Has joined Leyton Orient permanently,1.1,0,0,0,out,0.0,0.0,0.0,MUN(A) COV(H) CHE(A) CRY(H) LEE(A),0.0,0.0,0.0,0.0,0.0,0.0,0.0,0.0,0.0,0.0,0.0,0.0,0.0,0.0,0.0,0.0,0.0,0.0
578,Mudryk,TOT,MID,5.3,i,0,Ankle injury - Unknown return date,0.0,1,0,16,out,0.0,0.0,0.0,MUN(A) COV(H) CHE(A) CRY(H) LEE(A),0.0,0.0,0.0,0.0,0.0,0.0,0.0,0.0,0.0,0.0,0.0,0.0,0.0,0.0,0.0,0.0,0.0,0.0
601,Williams-Barnett,TOT,MID,4.5,a,,,0.1,0,0,0,out,0.0,0.0,0.0,MUN(A) COV(H) CHE(A) CRY(H) LEE(A),0.0,0.0,0.0,0.0,0.0,0.0,0.0,0.0,0.0,0.0,0.0,0.0,0.0,0.0,0.0,0.0,0.0,0.0
530,Patterson,SUN,GK,4.0,u,0,Has joined Wrexham permanently,0.1,0,0,0,out,0.0,0.0,0.0,BHA(H) BOU(A) LEE(H) COV(A) CHE(H),0.0,0.0,0.0,0.0,0.0,0.0,0.0,0.0,0.0,0.0,0.0,0.0,0.0,0.0,0.0,0.0,0.0,0.0
531,Ellborg,SUN,GK,4.4,a,,,0.1,0,0,0,out,0.0,0.0,0.0,BHA(H) BOU(A) LEE(H) COV(A) CHE(H),0.0,0.0,0.0,0.0,0.0,0.0,0.0,0.0,0.0,0.0,0.0,0.0,0.0,0.0,0.0,0.0,0.0,0.0
537,Seelt,SUN,DEF,4.5,u,0,Has joined Swansea City on loan for the rest of the season,0.0,0,0,0,out,0.0,0.0,0.0,BHA(H) BOU(A) LEE(H) COV(A) CHE(H),0.0,0.0,0.0,0.0,0.0,0.0,0.0,0.0,0.0,0.0,0.0,0.0,0.0,0.0,0.0,0.0,0.0,0.0
538,Hjelde,SUN,DEF,4.0,u,0,Has joined KV Mechelen on loan for the rest of the season,0.0,0,0,0,out,0.0,0.0,0.0,BHA(H) BOU(A) LEE(H) COV(A) CHE(H),0.0,0.0,0.0,0.0,0.0,0.0,0.0,0.0,0.0,0.0,0.0,0.0,0.0,0.0,0.0,0.0,0.0,0.0
540,Masuaku,SUN,DEF,4.0,u,0,Has joined Konyaspor permanently,0.1,0,0,0,out,0.0,0.0,0.0,BHA(H) BOU(A) LEE(H) COV(A) CHE(H),0.0,0.0,0.0,0.0,0.0,0.0,0.0,0.0,0.0,0.0,0.0,0.0,0.0,0.0,0.0,0.0,0.0,0.0
543,Diarra,SUN,MID,5.3,i,0,Hamstring injury - Unknown return date,0.0,5,0,28,out,0.0,0.0,0.0,BHA(H) BOU(A) LEE(H) COV(A) CHE(H),0.0,0.0,0.0,0.0,0.0,0.0,0.0,0.0,0.0,0.0,0.0,0.0,0.0,0.0,0.0,0.0,0.0,0.0
546,Adingra,SUN,MID,4.9,u,0,Has joined Ajax on loan for the rest of the season,0.0,0,0,0,out,0.0,0.0,0.0,BHA(H) BOU(A) LEE(H) COV(A) CHE(H),0.0,0.0,0.0,0.0,0.0,0.0,0.0,0.0,0.0,0.0,0.0,0.0,0.0,0.0,0.0,0.0,0.0,0.0
547,Mundle,SUN,MID,4.9,i,0,Knee injury - Unknown return date,0.0,1,0,1,out,0.0,0.0,0.0,BHA(H) BOU(A) LEE(H) COV(A) CHE(H),0.0,0.0,0.0,0.0,0.0,0.0,0.0,0.0,0.0,0.0,0.0,0.0,0.0,0.0,0.0,0.0,0.0,0.0
550,Jocelin.T,SUN,MID,5.0,a,,,0.0,0,0,0,out,0.0,0.0,0.0,BHA(H) BOU(A) LEE(H) COV(A) CHE(H),0.0,0.0,0.0,0.0,0.0,0.0,0.0,0.0,0.0,0.0,0.0,0.0,0.0,0.0,0.0,0.0,0.0,0.0
613,Ahoka,SUN,MID,4.5,a,,,0.2,0,0,0,out,0.0,0.0,0.0,BHA(H) BOU(A) LEE(H) COV(A) CHE(H),0.0,0.0,0.0,0.0,0.0,0.0,0.0,0.0,0.0,0.0,0.0,0.0,0.0,0.0,0.0,0.0,0.0,0.0
651,J.Angulo,SUN,FWD,4.5,a,,,0.7,0,0,0,out,0.0,0.0,0.0,BHA(H) BOU(A) LEE(H) COV(A) CHE(H),0.0,0.0,0.0,0.0,0.0,0.0,0.0,0.0,0.0,0.0,0.0,0.0,0.0,0.0,0.0,0.0,0.0,0.0
